"Date Printed: Monday, August 10, 2026 2:43:04 PM"
Title: "Chlamydia | Gonorrhea | Primary and Secondary Syphilis | 2013 | 2014 | 2015 | 2016 | 2017 | 2018 | 2019 | 2020 (COVID-19 Pandemic) | 2021 | 2022 | 2023 | Alabama | Alaska | Arizona | Arkansas | California | Colorado | Connecticut | Delaware | District of Columbia | Florida | Georgia | Hawaii | Idaho | Illinois | Indiana | Iowa | Kansas | Kentucky | Louisiana | Maine | Maryland | Massachusetts | Michigan | Minnesota | Mississippi | Missouri | Montana | Nebraska | Nevada | New Hampshire | New Jersey | New Mexico | New York | North Carolina | North Dakota | Ohio | Oklahoma | Oregon | Pennsylvania | Rhode Island | South Carolina | South Dakota | Tennessee | Texas | Utah | Vermont | Virginia | Washington | West Virginia | Wisconsin | Wyoming | All races/ethnicities | Both sexes | 15-19 | 20-24 | 25-29""
Footnote(s): 
   NA - Not Applicable.



Indicator,Year,Geography,FIPS,Age Group,Cases,Rate per 100000
"Chlamydia","2023","Alabama","01","15-19","7,708","2235.0"
"Chlamydia","2023","Alabama","01","20-24","10,201","2993.9"
"Chlamydia","2023","Alabama","01","25-29","4,632","1448.7"
"Gonorrhea","2023","Alabama","01","15-19","2,052","595.0"
"Gonorrhea","2023","Alabama","01","20-24","3,143","922.5"
"Gonorrhea","2023","Alabama","01","25-29","1,867","583.9"
"Primary and Secondary Syphilis","2023","Alabama","01","15-19","66","19.1"
"Primary and Secondary Syphilis","2023","Alabama","01","20-24","232","68.1"
"Primary and Secondary Syphilis","2023","Alabama","01","25-29","273","85.4"
"Chlamydia","2023","Alaska","02","15-19","941","2051.3"
"Chlamydia","2023","Alaska","02","20-24","1,525","3060.0"
"Chlamydia","2023","Alaska","02","25-29","941","1765.6"
"Gonorrhea","2023","Alaska","02","15-19","213","464.3"
"Gonorrhea","2023","Alaska","02","20-24","457","917.0"
"Gonorrhea","2023","Alaska","02","25-29","418","784.3"
"Primary and Secondary Syphilis","2023","Alaska","02","15-19","8","17.4"
"Primary and Secondary Syphilis","2023","Alaska","02","20-24","16","32.1"
"Primary and Secondary Syphilis","2023","Alaska","02","25-29","16","30.0"
"Chlamydia","2023","Arizona","04","15-19","8,482","1707.7"
"Chlamydia","2023","Arizona","04","20-24","13,743","2720.7"
"Chlamydia","2023","Arizona","04","25-29","7,942","1563.0"
"Gonorrhea","2023","Arizona","04","15-19","1,689","340.1"
"Gonorrhea","2023","Arizona","04","20-24","3,228","639.0"
"Gonorrhea","2023","Arizona","04","25-29","2,769","545.0"
"Primary and Secondary Syphilis","2023","Arizona","04","15-19","72","14.5"
"Primary and Secondary Syphilis","2023","Arizona","04","20-24","229","45.3"
"Primary and Secondary Syphilis","2023","Arizona","04","25-29","307","60.4"
"Chlamydia","2023","Arkansas","05","15-19","5,361","2557.0"
"Chlamydia","2023","Arkansas","05","20-24","6,225","3035.7"
"Chlamydia","2023","Arkansas","05","25-29","2,961","1515.4"
"Gonorrhea","2023","Arkansas","05","15-19","1,242","592.4"
"Gonorrhea","2023","Arkansas","05","20-24","1,707","832.4"
"Gonorrhea","2023","Arkansas","05","25-29","1,077","551.2"
"Primary and Secondary Syphilis","2023","Arkansas","05","15-19","42","20.0"
"Primary and Secondary Syphilis","2023","Arkansas","05","20-24","126","61.4"
"Primary and Secondary Syphilis","2023","Arkansas","05","25-29","152","77.8"
"Chlamydia","2023","California","06","15-19","28,627","1097.5"
"Chlamydia","2023","California","06","20-24","60,181","2385.4"
"Chlamydia","2023","California","06","25-29","39,424","1463.8"
"Gonorrhea","2023","California","06","15-19","5,269","202.0"
"Gonorrhea","2023","California","06","20-24","13,572","538.0"
"Gonorrhea","2023","California","06","25-29","14,945","554.9"
"Primary and Secondary Syphilis","2023","California","06","15-19","209","8.0"
"Primary and Secondary Syphilis","2023","California","06","20-24","738","29.3"
"Primary and Secondary Syphilis","2023","California","06","25-29","1,087","40.4"
"Chlamydia","2023","Colorado","08","15-19","5,306","1401.3"
"Chlamydia","2023","Colorado","08","20-24","8,346","2158.8"
"Chlamydia","2023","Colorado","08","25-29","4,892","1098.6"
"Gonorrhea","2023","Colorado","08","15-19","754","199.1"
"Gonorrhea","2023","Colorado","08","20-24","1,418","366.8"
"Gonorrhea","2023","Colorado","08","25-29","1,506","338.2"
"Primary and Secondary Syphilis","2023","Colorado","08","15-19","31","8.2"
"Primary and Secondary Syphilis","2023","Colorado","08","20-24","87","22.5"
"Primary and Secondary Syphilis","2023","Colorado","08","25-29","150","33.7"
"Chlamydia","2023","Connecticut","09","15-19","3,167","1326.8"
"Chlamydia","2023","Connecticut","09","20-24","4,603","1954.4"
"Chlamydia","2023","Connecticut","09","25-29","2,445","1107.1"
"Gonorrhea","2023","Connecticut","09","15-19","620","259.7"
"Gonorrhea","2023","Connecticut","09","20-24","1,007","427.6"
"Gonorrhea","2023","Connecticut","09","25-29","789","357.3"
"Primary and Secondary Syphilis","2023","Connecticut","09","15-19","9","3.8"
"Primary and Secondary Syphilis","2023","Connecticut","09","20-24","42","17.8"
"Primary and Secondary Syphilis","2023","Connecticut","09","25-29","52","23.5"
"Chlamydia","2023","Delaware","10","15-19","1,700","2593.9"
"Chlamydia","2023","Delaware","10","20-24","1,946","3235.2"
"Chlamydia","2023","Delaware","10","25-29","967","1619.7"
"Gonorrhea","2023","Delaware","10","15-19","240","366.2"
"Gonorrhea","2023","Delaware","10","20-24","429","713.2"
"Gonorrhea","2023","Delaware","10","25-29","279","467.3"
"Primary and Secondary Syphilis","2023","Delaware","10","15-19","4","6.1"
"Primary and Secondary Syphilis","2023","Delaware","10","20-24","26","43.2"
"Primary and Secondary Syphilis","2023","Delaware","10","25-29","27","45.2"
"Chlamydia","2023","District of Columbia","11","15-19","1,577","4179.5"
"Chlamydia","2023","District of Columbia","11","20-24","2,048","4297.0"
"Chlamydia","2023","District of Columbia","11","25-29","1,731","2416.9"
"Gonorrhea","2023","District of Columbia","11","15-19","632","1675.0"
"Gonorrhea","2023","District of Columbia","11","20-24","991","2079.3"
"Gonorrhea","2023","District of Columbia","11","25-29","1,299","1813.7"
"Primary and Secondary Syphilis","2023","District of Columbia","11","15-19","7","18.6"
"Primary and Secondary Syphilis","2023","District of Columbia","11","20-24","24","50.4"
"Primary and Secondary Syphilis","2023","District of Columbia","11","25-29","42","58.6"
"Chlamydia","2023","Florida","12","15-19","26,257","2001.5"
"Chlamydia","2023","Florida","12","20-24","36,887","2833.1"
"Chlamydia","2023","Florida","12","25-29","20,532","1523.0"
"Gonorrhea","2023","Florida","12","15-19","7,008","534.2"
"Gonorrhea","2023","Florida","12","20-24","10,899","837.1"
"Gonorrhea","2023","Florida","12","25-29","8,655","642.0"
"Primary and Secondary Syphilis","2023","Florida","12","15-19","207","15.8"
"Primary and Secondary Syphilis","2023","Florida","12","20-24","650","49.9"
"Primary and Secondary Syphilis","2023","Florida","12","25-29","716","53.1"
"Chlamydia","2023","Georgia","13","15-19","19,817","2560.8"
"Chlamydia","2023","Georgia","13","20-24","24,005","3211.9"
"Chlamydia","2023","Georgia","13","25-29","12,236","1654.3"
"Gonorrhea","2023","Georgia","13","15-19","5,827","753.0"
"Gonorrhea","2023","Georgia","13","20-24","8,248","1103.6"
"Gonorrhea","2023","Georgia","13","25-29","5,867","793.2"
"Primary and Secondary Syphilis","2023","Georgia","13","15-19","98","12.7"
"Primary and Secondary Syphilis","2023","Georgia","13","20-24","335","44.8"
"Primary and Secondary Syphilis","2023","Georgia","13","25-29","403","54.5"
"Chlamydia","2023","Hawaii","15","15-19","956","1226.8"
"Chlamydia","2023","Hawaii","15","20-24","2,064","2412.6"
"Chlamydia","2023","Hawaii","15","25-29","1,268","1430.8"
"Gonorrhea","2023","Hawaii","15","15-19","116","148.9"
"Gonorrhea","2023","Hawaii","15","20-24","328","383.4"
"Gonorrhea","2023","Hawaii","15","25-29","346","390.4"
"Primary and Secondary Syphilis","2023","Hawaii","15","15-19","2","2.6"
"Primary and Secondary Syphilis","2023","Hawaii","15","20-24","21","24.5"
"Primary and Secondary Syphilis","2023","Hawaii","15","25-29","24","27.1"
"Chlamydia","2023","Idaho","16","15-19","1,487","984.9"
"Chlamydia","2023","Idaho","16","20-24","2,157","1645.4"
"Chlamydia","2023","Idaho","16","25-29","951","757.9"
"Gonorrhea","2023","Idaho","16","15-19","59","39.1"
"Gonorrhea","2023","Idaho","16","20-24","193","147.2"
"Gonorrhea","2023","Idaho","16","25-29","142","113.2"
"Primary and Secondary Syphilis","2023","Idaho","16","15-19","2","1.3"
"Primary and Secondary Syphilis","2023","Idaho","16","20-24","8","6.1"
"Primary and Secondary Syphilis","2023","Idaho","16","25-29","9","7.2"
"Chlamydia","2023","Illinois","17","15-19","15,986","1922.5"
"Chlamydia","2023","Illinois","17","20-24","23,478","2875.9"
"Chlamydia","2023","Illinois","17","25-29","13,558","1639.8"
"Gonorrhea","2023","Illinois","17","15-19","4,388","527.7"
"Gonorrhea","2023","Illinois","17","20-24","6,142","752.4"
"Gonorrhea","2023","Illinois","17","25-29","5,008","605.7"
"Primary and Secondary Syphilis","2023","Illinois","17","15-19","65","7.8"
"Primary and Secondary Syphilis","2023","Illinois","17","20-24","195","23.9"
"Primary and Secondary Syphilis","2023","Illinois","17","25-29","258","31.2"
"Chlamydia","2023","Indiana","18","15-19","8,884","1875.9"
"Chlamydia","2023","Indiana","18","20-24","11,871","2489.7"
"Chlamydia","2023","Indiana","18","25-29","5,777","1306.4"
"Gonorrhea","2023","Indiana","18","15-19","1,748","369.1"
"Gonorrhea","2023","Indiana","18","20-24","2,608","547.0"
"Gonorrhea","2023","Indiana","18","25-29","1,812","409.8"
"Primary and Secondary Syphilis","2023","Indiana","18","15-19","12","2.5"
"Primary and Secondary Syphilis","2023","Indiana","18","20-24","84","17.6"
"Primary and Secondary Syphilis","2023","Indiana","18","25-29","96","21.7"
"Chlamydia","2023","Iowa","19","15-19","3,486","1538.1"
"Chlamydia","2023","Iowa","19","20-24","4,963","2186.7"
"Chlamydia","2023","Iowa","19","25-29","2,282","1153.3"
"Gonorrhea","2023","Iowa","19","15-19","635","280.2"
"Gonorrhea","2023","Iowa","19","20-24","842","371.0"
"Gonorrhea","2023","Iowa","19","25-29","685","346.2"
"Primary and Secondary Syphilis","2023","Iowa","19","15-19","12","5.3"
"Primary and Secondary Syphilis","2023","Iowa","19","20-24","37","16.3"
"Primary and Secondary Syphilis","2023","Iowa","19","25-29","55","27.8"
"Chlamydia","2023","Kansas","20","15-19","3,572","1696.3"
"Chlamydia","2023","Kansas","20","20-24","4,959","2297.2"
"Chlamydia","2023","Kansas","20","25-29","2,167","1156.3"
"Gonorrhea","2023","Kansas","20","15-19","781","370.9"
"Gonorrhea","2023","Kansas","20","20-24","1,193","552.6"
"Gonorrhea","2023","Kansas","20","25-29","735","392.2"
"Primary and Secondary Syphilis","2023","Kansas","20","15-19","16","7.6"
"Primary and Secondary Syphilis","2023","Kansas","20","20-24","51","23.6"
"Primary and Secondary Syphilis","2023","Kansas","20","25-29","57","30.4"
"Chlamydia","2023","Kentucky","21","15-19","4,458","1514.3"
"Chlamydia","2023","Kentucky","21","20-24","6,032","2033.6"
"Chlamydia","2023","Kentucky","21","25-29","2,844","976.7"
"Gonorrhea","2023","Kentucky","21","15-19","934","317.3"
"Gonorrhea","2023","Kentucky","21","20-24","1,592","536.7"
"Gonorrhea","2023","Kentucky","21","25-29","1,065","365.7"
"Primary and Secondary Syphilis","2023","Kentucky","21","15-19","17","5.8"
"Primary and Secondary Syphilis","2023","Kentucky","21","20-24","58","19.6"
"Primary and Secondary Syphilis","2023","Kentucky","21","25-29","100","34.3"
"Chlamydia","2023","Louisiana","22","15-19","11,320","3683.8"
"Chlamydia","2023","Louisiana","22","20-24","12,520","4173.9"
"Chlamydia","2023","Louisiana","22","25-29","5,755","2017.5"
"Gonorrhea","2023","Louisiana","22","15-19","3,188","1037.4"
"Gonorrhea","2023","Louisiana","22","20-24","3,931","1310.5"
"Gonorrhea","2023","Louisiana","22","25-29","2,256","790.9"
"Primary and Secondary Syphilis","2023","Louisiana","22","15-19","67","21.8"
"Primary and Secondary Syphilis","2023","Louisiana","22","20-24","209","69.7"
"Primary and Secondary Syphilis","2023","Louisiana","22","25-29","233","81.7"
"Chlamydia","2023","Maine","23","15-19","294","362.2"
"Chlamydia","2023","Maine","23","20-24","425","551.7"
"Chlamydia","2023","Maine","23","25-29","173","217.2"
"Gonorrhea","2023","Maine","23","15-19","44","54.2"
"Gonorrhea","2023","Maine","23","20-24","122","158.4"
"Gonorrhea","2023","Maine","23","25-29","96","120.5"
"Primary and Secondary Syphilis","2023","Maine","23","15-19","1","1.2"
"Primary and Secondary Syphilis","2023","Maine","23","20-24","5","6.5"
"Primary and Secondary Syphilis","2023","Maine","23","25-29","8","10.0"
"Chlamydia","2023","Maryland","24","15-19","3,879","973.1"
"Chlamydia","2023","Maryland","24","20-24","4,877","1330.0"
"Chlamydia","2023","Maryland","24","25-29","2,587","684.8"
"Gonorrhea","2023","Maryland","24","15-19","1,727","433.2"
"Gonorrhea","2023","Maryland","24","20-24","2,289","624.2"
"Gonorrhea","2023","Maryland","24","25-29","1,490","394.4"
"Primary and Secondary Syphilis","2023","Maryland","24","15-19","28","7.0"
"Primary and Secondary Syphilis","2023","Maryland","24","20-24","128","34.9"
"Primary and Secondary Syphilis","2023","Maryland","24","25-29","142","37.6"
"Chlamydia","2023","Massachusetts","25","15-19","6,215","1374.5"
"Chlamydia","2023","Massachusetts","25","20-24","9,880","2062.8"
"Chlamydia","2023","Massachusetts","25","25-29","5,454","1141.5"
"Gonorrhea","2023","Massachusetts","25","15-19","1,206","266.7"
"Gonorrhea","2023","Massachusetts","25","20-24","2,246","468.9"
"Gonorrhea","2023","Massachusetts","25","25-29","1,981","414.6"
"Primary and Secondary Syphilis","2023","Massachusetts","25","15-19","22","4.9"
"Primary and Secondary Syphilis","2023","Massachusetts","25","20-24","79","16.5"
"Primary and Secondary Syphilis","2023","Massachusetts","25","25-29","135","28.3"
"Chlamydia","2023","Michigan","26","15-19","11,707","1809.1"
"Chlamydia","2023","Michigan","26","20-24","14,951","2242.3"
"Chlamydia","2023","Michigan","26","25-29","7,330","1148.0"
"Gonorrhea","2023","Michigan","26","15-19","3,178","491.1"
"Gonorrhea","2023","Michigan","26","20-24","3,975","596.2"
"Gonorrhea","2023","Michigan","26","25-29","2,782","435.7"
"Primary and Secondary Syphilis","2023","Michigan","26","15-19","32","4.9"
"Primary and Secondary Syphilis","2023","Michigan","26","20-24","112","16.8"
"Primary and Secondary Syphilis","2023","Michigan","26","25-29","167","26.2"
"Chlamydia","2023","Minnesota","27","15-19","5,409","1406.9"
"Chlamydia","2023","Minnesota","27","20-24","7,438","2072.0"
"Chlamydia","2023","Minnesota","27","25-29","3,635","1017.4"
"Gonorrhea","2023","Minnesota","27","15-19","1,183","307.7"
"Gonorrhea","2023","Minnesota","27","20-24","1,789","498.4"
"Gonorrhea","2023","Minnesota","27","25-29","1,387","388.2"
"Primary and Secondary Syphilis","2023","Minnesota","27","15-19","24","6.2"
"Primary and Secondary Syphilis","2023","Minnesota","27","20-24","57","15.9"
"Primary and Secondary Syphilis","2023","Minnesota","27","25-29","63","17.6"
"Chlamydia","2023","Mississippi","28","15-19","6,819","3210.0"
"Chlamydia","2023","Mississippi","28","20-24","7,304","3636.0"
"Chlamydia","2023","Mississippi","28","25-29","3,114","1705.7"
"Gonorrhea","2023","Mississippi","28","15-19","1,916","901.9"
"Gonorrhea","2023","Mississippi","28","20-24","2,377","1183.3"
"Gonorrhea","2023","Mississippi","28","25-29","1,220","668.2"
"Primary and Secondary Syphilis","2023","Mississippi","28","15-19","64","30.1"
"Primary and Secondary Syphilis","2023","Mississippi","28","20-24","142","70.7"
"Primary and Secondary Syphilis","2023","Mississippi","28","25-29","160","87.6"
"Chlamydia","2023","Missouri","29","15-19","8,854","2164.8"
"Chlamydia","2023","Missouri","29","20-24","10,394","2559.9"
"Chlamydia","2023","Missouri","29","25-29","5,149","1302.6"
"Gonorrhea","2023","Missouri","29","15-19","2,475","605.1"
"Gonorrhea","2023","Missouri","29","20-24","3,205","789.3"
"Gonorrhea","2023","Missouri","29","25-29","2,123","537.1"
"Primary and Secondary Syphilis","2023","Missouri","29","15-19","52","12.7"
"Primary and Secondary Syphilis","2023","Missouri","29","20-24","147","36.2"
"Primary and Secondary Syphilis","2023","Missouri","29","25-29","224","56.7"
"Chlamydia","2023","Montana","30","15-19","964","1365.3"
"Chlamydia","2023","Montana","30","20-24","1,283","1710.2"
"Chlamydia","2023","Montana","30","25-29","565","783.1"
"Gonorrhea","2023","Montana","30","15-19","97","137.4"
"Gonorrhea","2023","Montana","30","20-24","154","205.3"
"Gonorrhea","2023","Montana","30","25-29","131","181.6"
"Primary and Secondary Syphilis","2023","Montana","30","15-19","22","31.2"
"Primary and Secondary Syphilis","2023","Montana","30","20-24","43","57.3"
"Primary and Secondary Syphilis","2023","Montana","30","25-29","43","59.6"
"Chlamydia","2023","Nebraska","31","15-19","2,507","1776.0"
"Chlamydia","2023","Nebraska","31","20-24","3,387","2426.9"
"Chlamydia","2023","Nebraska","31","25-29","1,523","1211.7"
"Gonorrhea","2023","Nebraska","31","15-19","361","255.7"
"Gonorrhea","2023","Nebraska","31","20-24","575","412.0"
"Gonorrhea","2023","Nebraska","31","25-29","402","319.8"
"Primary and Secondary Syphilis","2023","Nebraska","31","15-19","6","4.3"
"Primary and Secondary Syphilis","2023","Nebraska","31","20-24","21","15.0"
"Primary and Secondary Syphilis","2023","Nebraska","31","25-29","42","33.4"
"Chlamydia","2023","Nevada","32","15-19","2,829","1445.2"
"Chlamydia","2023","Nevada","32","20-24","4,883","2641.0"
"Chlamydia","2023","Nevada","32","25-29","3,110","1434.2"
"Gonorrhea","2023","Nevada","32","15-19","788","402.5"
"Gonorrhea","2023","Nevada","32","20-24","1,341","725.3"
"Gonorrhea","2023","Nevada","32","25-29","1,189","548.3"
"Primary and Secondary Syphilis","2023","Nevada","32","15-19","19","9.7"
"Primary and Secondary Syphilis","2023","Nevada","32","20-24","88","47.6"
"Primary and Secondary Syphilis","2023","Nevada","32","25-29","121","55.8"
"Chlamydia","2023","New Hampshire","33","15-19","638","767.4"
"Chlamydia","2023","New Hampshire","33","20-24","1,070","1256.3"
"Chlamydia","2023","New Hampshire","33","25-29","448","526.0"
"Gonorrhea","2023","New Hampshire","33","15-19","77","92.6"
"Gonorrhea","2023","New Hampshire","33","20-24","138","162.0"
"Gonorrhea","2023","New Hampshire","33","25-29","114","133.8"
"Primary and Secondary Syphilis","2023","New Hampshire","33","15-19","1","1.2"
"Primary and Secondary Syphilis","2023","New Hampshire","33","20-24","7","8.2"
"Primary and Secondary Syphilis","2023","New Hampshire","33","25-29","9","10.6"
"Chlamydia","2023","New Jersey","34","15-19","8,267","1411.1"
"Chlamydia","2023","New Jersey","34","20-24","12,328","2231.9"
"Chlamydia","2023","New Jersey","34","25-29","6,708","1173.3"
"Gonorrhea","2023","New Jersey","34","15-19","1,743","297.5"
"Gonorrhea","2023","New Jersey","34","20-24","2,722","492.8"
"Gonorrhea","2023","New Jersey","34","25-29","1,922","336.2"
"Primary and Secondary Syphilis","2023","New Jersey","34","15-19","32","5.5"
"Primary and Secondary Syphilis","2023","New Jersey","34","20-24","115","20.8"
"Primary and Secondary Syphilis","2023","New Jersey","34","25-29","129","22.6"
"Chlamydia","2023","New Mexico","35","15-19","2,308","1597.6"
"Chlamydia","2023","New Mexico","35","20-24","3,593","2510.3"
"Chlamydia","2023","New Mexico","35","25-29","2,030","1510.4"
"Gonorrhea","2023","New Mexico","35","15-19","372","257.5"
"Gonorrhea","2023","New Mexico","35","20-24","724","505.8"
"Gonorrhea","2023","New Mexico","35","25-29","630","468.7"
"Primary and Secondary Syphilis","2023","New Mexico","35","15-19","23","15.9"
"Primary and Secondary Syphilis","2023","New Mexico","35","20-24","65","45.4"
"Primary and Secondary Syphilis","2023","New Mexico","35","25-29","147","109.4"
"Chlamydia","2023","New York","36","15-19","22,140","1847.6"
"Chlamydia","2023","New York","36","20-24","32,144","2584.7"
"Chlamydia","2023","New York","36","25-29","21,563","1617.8"
"Gonorrhea","2023","New York","36","15-19","4,562","380.7"
"Gonorrhea","2023","New York","36","20-24","8,474","681.4"
"Gonorrhea","2023","New York","36","25-29","9,516","714.0"
"Primary and Secondary Syphilis","2023","New York","36","15-19","96","8.0"
"Primary and Secondary Syphilis","2023","New York","36","20-24","340","27.3"
"Primary and Secondary Syphilis","2023","New York","36","25-29","508","38.1"
"Chlamydia","2023","North Carolina","37","15-19","17,220","2379.5"
"Chlamydia","2023","North Carolina","37","20-24","23,630","3249.7"
"Chlamydia","2023","North Carolina","37","25-29","11,426","1618.7"
"Gonorrhea","2023","North Carolina","37","15-19","4,747","656.0"
"Gonorrhea","2023","North Carolina","37","20-24","7,405","1018.4"
"Gonorrhea","2023","North Carolina","37","25-29","5,010","709.8"
"Primary and Secondary Syphilis","2023","North Carolina","37","15-19","74","10.2"
"Primary and Secondary Syphilis","2023","North Carolina","37","20-24","345","47.4"
"Primary and Secondary Syphilis","2023","North Carolina","37","25-29","372","52.7"
"Chlamydia","2023","North Dakota","38","15-19","712","1277.3"
"Chlamydia","2023","North Dakota","38","20-24","1,262","2013.9"
"Chlamydia","2023","North Dakota","38","25-29","611","1139.6"
"Gonorrhea","2023","North Dakota","38","15-19","130","233.2"
"Gonorrhea","2023","North Dakota","38","20-24","261","416.5"
"Gonorrhea","2023","North Dakota","38","25-29","227","423.4"
"Primary and Secondary Syphilis","2023","North Dakota","38","15-19","4","7.2"
"Primary and Secondary Syphilis","2023","North Dakota","38","20-24","19","30.3"
"Primary and Secondary Syphilis","2023","North Dakota","38","25-29","22","41.0"
"Chlamydia","2023","Ohio","39","15-19","14,839","1932.0"
"Chlamydia","2023","Ohio","39","20-24","18,477","2476.0"
"Chlamydia","2023","Ohio","39","25-29","9,515","1263.9"
"Gonorrhea","2023","Ohio","39","15-19","3,624","471.8"
"Gonorrhea","2023","Ohio","39","20-24","4,998","669.7"
"Gonorrhea","2023","Ohio","39","25-29","3,691","490.3"
"Primary and Secondary Syphilis","2023","Ohio","39","15-19","51","6.6"
"Primary and Secondary Syphilis","2023","Ohio","39","20-24","201","26.9"
"Primary and Secondary Syphilis","2023","Ohio","39","25-29","268","35.6"
"Chlamydia","2023","Oklahoma","40","15-19","4,724","1654.4"
"Chlamydia","2023","Oklahoma","40","20-24","7,010","2448.2"
"Chlamydia","2023","Oklahoma","40","25-29","3,310","1235.4"
"Gonorrhea","2023","Oklahoma","40","15-19","1,049","367.4"
"Gonorrhea","2023","Oklahoma","40","20-24","1,780","621.7"
"Gonorrhea","2023","Oklahoma","40","25-29","1,211","452.0"
"Primary and Secondary Syphilis","2023","Oklahoma","40","15-19","26","9.1"
"Primary and Secondary Syphilis","2023","Oklahoma","40","20-24","135","47.1"
"Primary and Secondary Syphilis","2023","Oklahoma","40","25-29","175","65.3"
"Chlamydia","2023","Oregon","41","15-19","2,806","1100.3"
"Chlamydia","2023","Oregon","41","20-24","4,968","1918.3"
"Chlamydia","2023","Oregon","41","25-29","2,828","1015.5"
"Gonorrhea","2023","Oregon","41","15-19","283","111.0"
"Gonorrhea","2023","Oregon","41","20-24","775","299.2"
"Gonorrhea","2023","Oregon","41","25-29","908","326.0"
"Primary and Secondary Syphilis","2023","Oregon","41","15-19","13","5.1"
"Primary and Secondary Syphilis","2023","Oregon","41","20-24","66","25.5"
"Primary and Secondary Syphilis","2023","Oregon","41","25-29","114","40.9"
"Chlamydia","2023","Pennsylvania","42","15-19","15,139","1796.7"
"Chlamydia","2023","Pennsylvania","42","20-24","18,545","2305.3"
"Chlamydia","2023","Pennsylvania","42","25-29","9,141","1156.3"
"Gonorrhea","2023","Pennsylvania","42","15-19","3,884","460.9"
"Gonorrhea","2023","Pennsylvania","42","20-24","4,618","574.1"
"Gonorrhea","2023","Pennsylvania","42","25-29","3,322","420.2"
"Primary and Secondary Syphilis","2023","Pennsylvania","42","15-19","50","5.9"
"Primary and Secondary Syphilis","2023","Pennsylvania","42","20-24","159","19.8"
"Primary and Secondary Syphilis","2023","Pennsylvania","42","25-29","203","25.7"
"Chlamydia","2023","Rhode Island","44","15-19","1,284","1773.8"
"Chlamydia","2023","Rhode Island","44","20-24","1,806","2430.4"
"Chlamydia","2023","Rhode Island","44","25-29","918","1288.4"
"Gonorrhea","2023","Rhode Island","44","15-19","245","338.5"
"Gonorrhea","2023","Rhode Island","44","20-24","392","527.5"
"Gonorrhea","2023","Rhode Island","44","25-29","287","402.8"
"Primary and Secondary Syphilis","2023","Rhode Island","44","15-19","2","2.8"
"Primary and Secondary Syphilis","2023","Rhode Island","44","20-24","14","18.8"
"Primary and Secondary Syphilis","2023","Rhode Island","44","25-29","17","23.9"
"Chlamydia","2023","South Carolina","45","15-19","9,551","2690.4"
"Chlamydia","2023","South Carolina","45","20-24","11,521","3355.4"
"Chlamydia","2023","South Carolina","45","25-29","5,399","1634.8"
"Gonorrhea","2023","South Carolina","45","15-19","2,480","698.6"
"Gonorrhea","2023","South Carolina","45","20-24","3,523","1026.0"
"Gonorrhea","2023","South Carolina","45","25-29","2,174","658.3"
"Primary and Secondary Syphilis","2023","South Carolina","45","15-19","33","9.3"
"Primary and Secondary Syphilis","2023","South Carolina","45","20-24","143","41.6"
"Primary and Secondary Syphilis","2023","South Carolina","45","25-29","180","54.5"
"Chlamydia","2023","South Dakota","46","15-19","1,204","1902.3"
"Chlamydia","2023","South Dakota","46","20-24","1,501","2458.5"
"Chlamydia","2023","South Dakota","46","25-29","881","1544.6"
"Gonorrhea","2023","South Dakota","46","15-19","324","511.9"
"Gonorrhea","2023","South Dakota","46","20-24","446","730.5"
"Gonorrhea","2023","South Dakota","46","25-29","458","803.0"
"Primary and Secondary Syphilis","2023","South Dakota","46","15-19","51","80.6"
"Primary and Secondary Syphilis","2023","South Dakota","46","20-24","102","167.1"
"Primary and Secondary Syphilis","2023","South Dakota","46","25-29","111","194.6"
"Chlamydia","2023","Tennessee","47","15-19","7,663","1677.2"
"Chlamydia","2023","Tennessee","47","20-24","10,865","2349.9"
"Chlamydia","2023","Tennessee","47","25-29","5,656","1171.3"
"Gonorrhea","2023","Tennessee","47","15-19","2,353","515.0"
"Gonorrhea","2023","Tennessee","47","20-24","3,759","813.0"
"Gonorrhea","2023","Tennessee","47","25-29","2,680","555.0"
"Primary and Secondary Syphilis","2023","Tennessee","47","15-19","54","11.8"
"Primary and Secondary Syphilis","2023","Tennessee","47","20-24","164","35.5"
"Primary and Secondary Syphilis","2023","Tennessee","47","25-29","191","39.6"
"Chlamydia","2023","Texas","48","15-19","35,205","1596.5"
"Chlamydia","2023","Texas","48","20-24","50,769","2396.3"
"Chlamydia","2023","Texas","48","25-29","28,296","1316.9"
"Gonorrhea","2023","Texas","48","15-19","8,705","394.8"
"Gonorrhea","2023","Texas","48","20-24","14,365","678.0"
"Gonorrhea","2023","Texas","48","25-29","10,655","495.9"
"Primary and Secondary Syphilis","2023","Texas","48","15-19","258","11.7"
"Primary and Secondary Syphilis","2023","Texas","48","20-24","797","37.6"
"Primary and Secondary Syphilis","2023","Texas","48","25-29","827","38.5"
"Chlamydia","2023","Utah","49","15-19","2,135","755.2"
"Chlamydia","2023","Utah","49","20-24","3,953","1353.0"
"Chlamydia","2023","Utah","49","25-29","2,095","796.1"
"Gonorrhea","2023","Utah","49","15-19","234","82.8"
"Gonorrhea","2023","Utah","49","20-24","588","201.3"
"Gonorrhea","2023","Utah","49","25-29","519","197.2"
"Primary and Secondary Syphilis","2023","Utah","49","15-19","8","2.8"
"Primary and Secondary Syphilis","2023","Utah","49","20-24","55","18.8"
"Primary and Secondary Syphilis","2023","Utah","49","25-29","63","23.9"
"Chlamydia","2023","Vermont","50","15-19","294","702.9"
"Chlamydia","2023","Vermont","50","20-24","439","1002.9"
"Chlamydia","2023","Vermont","50","25-29","209","569.0"
"Gonorrhea","2023","Vermont","50","15-19","23","55.0"
"Gonorrhea","2023","Vermont","50","20-24","40","91.4"
"Gonorrhea","2023","Vermont","50","25-29","30","81.7"
"Primary and Secondary Syphilis","2023","Vermont","50","15-19","1","2.4"
"Primary and Secondary Syphilis","2023","Vermont","50","20-24","1","2.3"
"Primary and Secondary Syphilis","2023","Vermont","50","25-29","1","2.7"
"Chlamydia","2023","Virginia","51","15-19","9,870","1735.6"
"Chlamydia","2023","Virginia","51","20-24","15,280","2670.7"
"Chlamydia","2023","Virginia","51","25-29","7,284","1280.5"
"Gonorrhea","2023","Virginia","51","15-19","1,995","350.8"
"Gonorrhea","2023","Virginia","51","20-24","3,720","650.2"
"Gonorrhea","2023","Virginia","51","25-29","2,744","482.4"
"Primary and Secondary Syphilis","2023","Virginia","51","15-19","41","7.2"
"Primary and Secondary Syphilis","2023","Virginia","51","20-24","108","18.9"
"Primary and Secondary Syphilis","2023","Virginia","51","25-29","180","31.6"
"Chlamydia","2023","Washington","53","15-19","5,063","1078.7"
"Chlamydia","2023","Washington","53","20-24","9,137","1905.0"
"Chlamydia","2023","Washington","53","25-29","5,278","947.7"
"Gonorrhea","2023","Washington","53","15-19","587","125.1"
"Gonorrhea","2023","Washington","53","20-24","1,686","351.5"
"Gonorrhea","2023","Washington","53","25-29","1,944","349.1"
"Primary and Secondary Syphilis","2023","Washington","53","15-19","58","12.4"
"Primary and Secondary Syphilis","2023","Washington","53","20-24","163","34.0"
"Primary and Secondary Syphilis","2023","Washington","53","25-29","237","42.6"
"Chlamydia","2023","West Virginia","54","15-19","1,076","980.0"
"Chlamydia","2023","West Virginia","54","20-24","1,726","1546.3"
"Chlamydia","2023","West Virginia","54","25-29","775","743.3"
"Gonorrhea","2023","West Virginia","54","15-19","133","121.1"
"Gonorrhea","2023","West Virginia","54","20-24","286","256.2"
"Gonorrhea","2023","West Virginia","54","25-29","170","163.1"
"Primary and Secondary Syphilis","2023","West Virginia","54","15-19","1","0.9"
"Primary and Secondary Syphilis","2023","West Virginia","54","20-24","25","22.4"
"Primary and Secondary Syphilis","2023","West Virginia","54","25-29","29","27.8"
"Chlamydia","2023","Wisconsin","55","15-19","6,656","1704.8"
"Chlamydia","2023","Wisconsin","55","20-24","8,778","2210.6"
"Chlamydia","2023","Wisconsin","55","25-29","4,251","1159.5"
"Gonorrhea","2023","Wisconsin","55","15-19","1,712","438.5"
"Gonorrhea","2023","Wisconsin","55","20-24","1,770","445.7"
"Gonorrhea","2023","Wisconsin","55","25-29","1,195","326.0"
"Primary and Secondary Syphilis","2023","Wisconsin","55","15-19","31","7.9"
"Primary and Secondary Syphilis","2023","Wisconsin","55","20-24","88","22.2"
"Primary and Secondary Syphilis","2023","Wisconsin","55","25-29","84","22.9"
"Chlamydia","2023","Wyoming","56","15-19","492","1219.4"
"Chlamydia","2023","Wyoming","56","20-24","662","1741.9"
"Chlamydia","2023","Wyoming","56","25-29","309","883.9"
"Gonorrhea","2023","Wyoming","56","15-19","34","84.3"
"Gonorrhea","2023","Wyoming","56","20-24","55","144.7"
"Gonorrhea","2023","Wyoming","56","25-29","46","131.6"
"Primary and Secondary Syphilis","2023","Wyoming","56","15-19","0","0.0"
"Primary and Secondary Syphilis","2023","Wyoming","56","20-24","2","5.3"
"Primary and Secondary Syphilis","2023","Wyoming","56","25-29","3","8.6"
"Chlamydia","2022","Alabama","01","15-19","8,822","2640.4"
"Chlamydia","2022","Alabama","01","20-24","11,460","3224.1"
"Chlamydia","2022","Alabama","01","25-29","5,191","1616.6"
"Gonorrhea","2022","Alabama","01","15-19","2,746","821.9"
"Gonorrhea","2022","Alabama","01","20-24","4,049","1139.1"
"Gonorrhea","2022","Alabama","01","25-29","2,510","781.7"
"Primary and Secondary Syphilis","2022","Alabama","01","15-19","52","15.6"
"Primary and Secondary Syphilis","2022","Alabama","01","20-24","221","62.2"
"Primary and Secondary Syphilis","2022","Alabama","01","25-29","220","68.5"
"Chlamydia","2022","Alaska","02","15-19","1,025","2267.7"
"Chlamydia","2022","Alaska","02","20-24","1,773","3400.2"
"Chlamydia","2022","Alaska","02","25-29","994","1827.0"
"Gonorrhea","2022","Alaska","02","15-19","186","411.5"
"Gonorrhea","2022","Alaska","02","20-24","448","859.2"
"Gonorrhea","2022","Alaska","02","25-29","436","801.4"
"Primary and Secondary Syphilis","2022","Alaska","02","15-19","3","6.6"
"Primary and Secondary Syphilis","2022","Alaska","02","20-24","17","32.6"
"Primary and Secondary Syphilis","2022","Alaska","02","25-29","20","36.8"
"Chlamydia","2022","Arizona","04","15-19","7,873","1618.9"
"Chlamydia","2022","Arizona","04","20-24","14,144","2690.3"
"Chlamydia","2022","Arizona","04","25-29","8,133","1601.3"
"Gonorrhea","2022","Arizona","04","15-19","1,973","405.7"
"Gonorrhea","2022","Arizona","04","20-24","3,953","751.9"
"Gonorrhea","2022","Arizona","04","25-29","3,202","630.4"
"Primary and Secondary Syphilis","2022","Arizona","04","15-19","77","15.8"
"Primary and Secondary Syphilis","2022","Arizona","04","20-24","254","48.3"
"Primary and Secondary Syphilis","2022","Arizona","04","25-29","370","72.8"
"Chlamydia","2022","Arkansas","05","15-19","5,128","2524.6"
"Chlamydia","2022","Arkansas","05","20-24","6,651","3139.2"
"Chlamydia","2022","Arkansas","05","25-29","2,903","1490.1"
"Gonorrhea","2022","Arkansas","05","15-19","1,342","660.7"
"Gonorrhea","2022","Arkansas","05","20-24","2,019","952.9"
"Gonorrhea","2022","Arkansas","05","25-29","1,231","631.9"
"Primary and Secondary Syphilis","2022","Arkansas","05","15-19","34","16.7"
"Primary and Secondary Syphilis","2022","Arkansas","05","20-24","159","75.0"
"Primary and Secondary Syphilis","2022","Arkansas","05","25-29","178","91.4"
"Chlamydia","2022","California","06","15-19","28,038","1093.3"
"Chlamydia","2022","California","06","20-24","61,885","2334.1"
"Chlamydia","2022","California","06","25-29","40,802","1479.5"
"Gonorrhea","2022","California","06","15-19","6,101","237.9"
"Gonorrhea","2022","California","06","20-24","15,838","597.4"
"Gonorrhea","2022","California","06","25-29","16,867","611.6"
"Primary and Secondary Syphilis","2022","California","06","15-19","235","9.2"
"Primary and Secondary Syphilis","2022","California","06","20-24","985","37.2"
"Primary and Secondary Syphilis","2022","California","06","25-29","1,316","47.7"
"Chlamydia","2022","Colorado","08","15-19","5,504","1475.1"
"Chlamydia","2022","Colorado","08","20-24","8,962","2227.3"
"Chlamydia","2022","Colorado","08","25-29","5,179","1164.8"
"Gonorrhea","2022","Colorado","08","15-19","864","231.6"
"Gonorrhea","2022","Colorado","08","20-24","1,773","440.6"
"Gonorrhea","2022","Colorado","08","25-29","1,724","387.7"
"Primary and Secondary Syphilis","2022","Colorado","08","15-19","30","8.0"
"Primary and Secondary Syphilis","2022","Colorado","08","20-24","85","21.1"
"Primary and Secondary Syphilis","2022","Colorado","08","25-29","157","35.3"
"Chlamydia","2022","Connecticut","09","15-19","3,108","1258.3"
"Chlamydia","2022","Connecticut","09","20-24","4,456","1828.8"
"Chlamydia","2022","Connecticut","09","25-29","2,326","1039.0"
"Gonorrhea","2022","Connecticut","09","15-19","816","330.4"
"Gonorrhea","2022","Connecticut","09","20-24","1,377","565.1"
"Gonorrhea","2022","Connecticut","09","25-29","1,029","459.7"
"Primary and Secondary Syphilis","2022","Connecticut","09","15-19","7","2.8"
"Primary and Secondary Syphilis","2022","Connecticut","09","20-24","32","13.1"
"Primary and Secondary Syphilis","2022","Connecticut","09","25-29","46","20.5"
"Chlamydia","2022","Delaware","10","15-19","1,412","2235.0"
"Chlamydia","2022","Delaware","10","20-24","1,916","3117.5"
"Chlamydia","2022","Delaware","10","25-29","848","1402.3"
"Gonorrhea","2022","Delaware","10","15-19","289","457.4"
"Gonorrhea","2022","Delaware","10","20-24","396","644.3"
"Gonorrhea","2022","Delaware","10","25-29","254","420.0"
"Primary and Secondary Syphilis","2022","Delaware","10","15-19","7","11.1"
"Primary and Secondary Syphilis","2022","Delaware","10","20-24","41","66.7"
"Primary and Secondary Syphilis","2022","Delaware","10","25-29","39","64.5"
"Chlamydia","2022","District of Columbia","11","15-19","1,565","4298.0"
"Chlamydia","2022","District of Columbia","11","20-24","2,011","4181.4"
"Chlamydia","2022","District of Columbia","11","25-29","1,760","2489.1"
"Gonorrhea","2022","District of Columbia","11","15-19","466","1279.8"
"Gonorrhea","2022","District of Columbia","11","20-24","928","1929.6"
"Gonorrhea","2022","District of Columbia","11","25-29","1,144","1617.9"
"Primary and Secondary Syphilis","2022","District of Columbia","11","15-19","3","8.2"
"Primary and Secondary Syphilis","2022","District of Columbia","11","20-24","18","37.4"
"Primary and Secondary Syphilis","2022","District of Columbia","11","25-29","45","63.6"
"Chlamydia","2022","Florida","12","15-19","25,167","1981.7"
"Chlamydia","2022","Florida","12","20-24","36,449","2700.0"
"Chlamydia","2022","Florida","12","25-29","19,402","1446.3"
"Gonorrhea","2022","Florida","12","15-19","7,163","564.0"
"Gonorrhea","2022","Florida","12","20-24","11,560","856.3"
"Gonorrhea","2022","Florida","12","25-29","8,264","616.0"
"Primary and Secondary Syphilis","2022","Florida","12","15-19","189","14.9"
"Primary and Secondary Syphilis","2022","Florida","12","20-24","656","48.6"
"Primary and Secondary Syphilis","2022","Florida","12","25-29","816","60.8"
"Chlamydia","2022","Georgia","13","15-19","19,316","2563.2"
"Chlamydia","2022","Georgia","13","20-24","25,410","3280.4"
"Chlamydia","2022","Georgia","13","25-29","12,840","1732.1"
"Gonorrhea","2022","Georgia","13","15-19","5,356","710.7"
"Gonorrhea","2022","Georgia","13","20-24","9,182","1185.4"
"Gonorrhea","2022","Georgia","13","25-29","6,271","846.0"
"Primary and Secondary Syphilis","2022","Georgia","13","15-19","115","15.3"
"Primary and Secondary Syphilis","2022","Georgia","13","20-24","367","47.4"
"Primary and Secondary Syphilis","2022","Georgia","13","25-29","408","55.0"
"Chlamydia","2022","Hawaii","15","15-19","955","1233.4"
"Chlamydia","2022","Hawaii","15","20-24","1,843","2033.2"
"Chlamydia","2022","Hawaii","15","25-29","1,129","1231.2"
"Gonorrhea","2022","Hawaii","15","15-19","105","135.6"
"Gonorrhea","2022","Hawaii","15","20-24","318","350.8"
"Gonorrhea","2022","Hawaii","15","25-29","274","298.8"
"Primary and Secondary Syphilis","2022","Hawaii","15","15-19","4","5.2"
"Primary and Secondary Syphilis","2022","Hawaii","15","20-24","20","22.1"
"Primary and Secondary Syphilis","2022","Hawaii","15","25-29","35","38.2"
"Chlamydia","2022","Idaho","16","15-19","1,531","1044.0"
"Chlamydia","2022","Idaho","16","20-24","2,243","1665.5"
"Chlamydia","2022","Idaho","16","25-29","1,017","818.3"
"Gonorrhea","2022","Idaho","16","15-19","108","73.6"
"Gonorrhea","2022","Idaho","16","20-24","275","204.2"
"Gonorrhea","2022","Idaho","16","25-29","221","177.8"
"Primary and Secondary Syphilis","2022","Idaho","16","15-19","1","0.7"
"Primary and Secondary Syphilis","2022","Idaho","16","20-24","16","11.9"
"Primary and Secondary Syphilis","2022","Idaho","16","25-29","22","17.7"
"Chlamydia","2022","Illinois","17","15-19","16,014","1948.7"
"Chlamydia","2022","Illinois","17","20-24","24,740","2910.5"
"Chlamydia","2022","Illinois","17","25-29","14,141","1689.7"
"Gonorrhea","2022","Illinois","17","15-19","4,195","510.5"
"Gonorrhea","2022","Illinois","17","20-24","6,870","808.2"
"Gonorrhea","2022","Illinois","17","25-29","5,540","662.0"
"Primary and Secondary Syphilis","2022","Illinois","17","15-19","67","8.2"
"Primary and Secondary Syphilis","2022","Illinois","17","20-24","198","23.3"
"Primary and Secondary Syphilis","2022","Illinois","17","25-29","275","32.9"
"Chlamydia","2022","Indiana","18","15-19","8,465","1827.1"
"Chlamydia","2022","Indiana","18","20-24","12,628","2549.8"
"Chlamydia","2022","Indiana","18","25-29","5,923","1328.5"
"Gonorrhea","2022","Indiana","18","15-19","1,927","415.9"
"Gonorrhea","2022","Indiana","18","20-24","3,415","689.6"
"Gonorrhea","2022","Indiana","18","25-29","2,524","566.1"
"Primary and Secondary Syphilis","2022","Indiana","18","15-19","20","4.3"
"Primary and Secondary Syphilis","2022","Indiana","18","20-24","115","23.2"
"Primary and Secondary Syphilis","2022","Indiana","18","25-29","119","26.7"
"Chlamydia","2022","Iowa","19","15-19","3,891","1752.1"
"Chlamydia","2022","Iowa","19","20-24","5,507","2327.2"
"Chlamydia","2022","Iowa","19","25-29","2,408","1206.1"
"Gonorrhea","2022","Iowa","19","15-19","740","333.2"
"Gonorrhea","2022","Iowa","19","20-24","1,109","468.6"
"Gonorrhea","2022","Iowa","19","25-29","786","393.7"
"Primary and Secondary Syphilis","2022","Iowa","19","15-19","16","7.2"
"Primary and Secondary Syphilis","2022","Iowa","19","20-24","41","17.3"
"Primary and Secondary Syphilis","2022","Iowa","19","25-29","50","25.0"
"Chlamydia","2022","Kansas","20","15-19","3,760","1819.6"
"Chlamydia","2022","Kansas","20","20-24","5,432","2422.6"
"Chlamydia","2022","Kansas","20","25-29","2,197","1164.0"
"Gonorrhea","2022","Kansas","20","15-19","803","388.6"
"Gonorrhea","2022","Kansas","20","20-24","1,456","649.4"
"Gonorrhea","2022","Kansas","20","25-29","866","458.8"
"Primary and Secondary Syphilis","2022","Kansas","20","15-19","19","9.2"
"Primary and Secondary Syphilis","2022","Kansas","20","20-24","59","26.3"
"Primary and Secondary Syphilis","2022","Kansas","20","25-29","60","31.8"
"Chlamydia","2022","Kentucky","21","15-19","4,572","1592.9"
"Chlamydia","2022","Kentucky","21","20-24","6,804","2202.3"
"Chlamydia","2022","Kentucky","21","25-29","3,217","1099.3"
"Gonorrhea","2022","Kentucky","21","15-19","1,022","356.1"
"Gonorrhea","2022","Kentucky","21","20-24","1,836","594.3"
"Gonorrhea","2022","Kentucky","21","25-29","1,286","439.5"
"Primary and Secondary Syphilis","2022","Kentucky","21","15-19","22","7.7"
"Primary and Secondary Syphilis","2022","Kentucky","21","20-24","94","30.4"
"Primary and Secondary Syphilis","2022","Kentucky","21","25-29","111","37.9"
"Chlamydia","2022","Louisiana","22","15-19","11,014","3661.8"
"Chlamydia","2022","Louisiana","22","20-24","13,202","4186.8"
"Chlamydia","2022","Louisiana","22","25-29","5,623","1921.6"
"Gonorrhea","2022","Louisiana","22","15-19","3,373","1121.4"
"Gonorrhea","2022","Louisiana","22","20-24","4,634","1469.6"
"Gonorrhea","2022","Louisiana","22","25-29","2,670","912.4"
"Primary and Secondary Syphilis","2022","Louisiana","22","15-19","85","28.3"
"Primary and Secondary Syphilis","2022","Louisiana","22","20-24","230","72.9"
"Primary and Secondary Syphilis","2022","Louisiana","22","25-29","197","67.3"
"Chlamydia","2022","Maine","23","15-19","237","301.9"
"Chlamydia","2022","Maine","23","20-24","397","504.8"
"Chlamydia","2022","Maine","23","25-29","171","213.1"
"Gonorrhea","2022","Maine","23","15-19","51","65.0"
"Gonorrhea","2022","Maine","23","20-24","130","165.3"
"Gonorrhea","2022","Maine","23","25-29","99","123.3"
"Primary and Secondary Syphilis","2022","Maine","23","15-19","0","0.0"
"Primary and Secondary Syphilis","2022","Maine","23","20-24","7","8.9"
"Primary and Secondary Syphilis","2022","Maine","23","25-29","16","19.9"
"Chlamydia","2022","Maryland","24","15-19","6,346","1634.5"
"Chlamydia","2022","Maryland","24","20-24","11,740","3055.2"
"Chlamydia","2022","Maryland","24","25-29","5,556","1442.9"
"Gonorrhea","2022","Maryland","24","15-19","1,706","439.4"
"Gonorrhea","2022","Maryland","24","20-24","3,105","808.0"
"Gonorrhea","2022","Maryland","24","25-29","2,093","543.5"
"Primary and Secondary Syphilis","2022","Maryland","24","15-19","22","5.7"
"Primary and Secondary Syphilis","2022","Maryland","24","20-24","107","27.8"
"Primary and Secondary Syphilis","2022","Maryland","24","25-29","113","29.3"
"Chlamydia","2022","Massachusetts","25","15-19","5,879","1309.2"
"Chlamydia","2022","Massachusetts","25","20-24","10,024","2025.6"
"Chlamydia","2022","Massachusetts","25","25-29","5,346","1111.6"
"Gonorrhea","2022","Massachusetts","25","15-19","1,061","236.3"
"Gonorrhea","2022","Massachusetts","25","20-24","2,168","438.1"
"Gonorrhea","2022","Massachusetts","25","25-29","1,898","394.7"
"Primary and Secondary Syphilis","2022","Massachusetts","25","15-19","22","4.9"
"Primary and Secondary Syphilis","2022","Massachusetts","25","20-24","111","22.4"
"Primary and Secondary Syphilis","2022","Massachusetts","25","25-29","141","29.3"
"Chlamydia","2022","Michigan","26","15-19","11,349","1777.4"
"Chlamydia","2022","Michigan","26","20-24","15,505","2213.4"
"Chlamydia","2022","Michigan","26","25-29","7,582","1166.4"
"Gonorrhea","2022","Michigan","26","15-19","3,078","482.1"
"Gonorrhea","2022","Michigan","26","20-24","4,338","619.3"
"Gonorrhea","2022","Michigan","26","25-29","3,181","489.4"
"Primary and Secondary Syphilis","2022","Michigan","26","15-19","48","7.5"
"Primary and Secondary Syphilis","2022","Michigan","26","20-24","129","18.4"
"Primary and Secondary Syphilis","2022","Michigan","26","25-29","166","25.5"
"Chlamydia","2022","Minnesota","27","15-19","5,223","1395.3"
"Chlamydia","2022","Minnesota","27","20-24","7,696","2074.4"
"Chlamydia","2022","Minnesota","27","25-29","3,780","1045.0"
"Gonorrhea","2022","Minnesota","27","15-19","1,175","313.9"
"Gonorrhea","2022","Minnesota","27","20-24","1,963","529.1"
"Gonorrhea","2022","Minnesota","27","25-29","1,591","439.8"
"Primary and Secondary Syphilis","2022","Minnesota","27","15-19","24","6.4"
"Primary and Secondary Syphilis","2022","Minnesota","27","20-24","79","21.3"
"Primary and Secondary Syphilis","2022","Minnesota","27","25-29","94","26.0"
"Chlamydia","2022","Mississippi","28","15-19","7,044","3402.8"
"Chlamydia","2022","Mississippi","28","20-24","8,523","4052.3"
"Chlamydia","2022","Mississippi","28","25-29","3,792","2047.1"
"Gonorrhea","2022","Mississippi","28","15-19","2,620","1265.7"
"Gonorrhea","2022","Mississippi","28","20-24","3,460","1645.1"
"Gonorrhea","2022","Mississippi","28","25-29","2,056","1109.9"
"Primary and Secondary Syphilis","2022","Mississippi","28","15-19","54","26.1"
"Primary and Secondary Syphilis","2022","Mississippi","28","20-24","178","84.6"
"Primary and Secondary Syphilis","2022","Mississippi","28","25-29","169","91.2"
"Chlamydia","2022","Missouri","29","15-19","8,999","2247.5"
"Chlamydia","2022","Missouri","29","20-24","11,162","2640.0"
"Chlamydia","2022","Missouri","29","25-29","5,614","1408.2"
"Gonorrhea","2022","Missouri","29","15-19","2,703","675.1"
"Gonorrhea","2022","Missouri","29","20-24","4,065","961.4"
"Gonorrhea","2022","Missouri","29","25-29","2,842","712.9"
"Primary and Secondary Syphilis","2022","Missouri","29","15-19","70","17.5"
"Primary and Secondary Syphilis","2022","Missouri","29","20-24","158","37.4"
"Primary and Secondary Syphilis","2022","Missouri","29","25-29","263","66.0"
"Chlamydia","2022","Montana","30","15-19","1,101","1601.6"
"Chlamydia","2022","Montana","30","20-24","1,427","1821.8"
"Chlamydia","2022","Montana","30","25-29","670","925.1"
"Gonorrhea","2022","Montana","30","15-19","109","158.6"
"Gonorrhea","2022","Montana","30","20-24","242","309.0"
"Gonorrhea","2022","Montana","30","25-29","261","360.4"
"Primary and Secondary Syphilis","2022","Montana","30","15-19","27","39.3"
"Primary and Secondary Syphilis","2022","Montana","30","20-24","37","47.2"
"Primary and Secondary Syphilis","2022","Montana","30","25-29","68","93.9"
"Chlamydia","2022","Nebraska","31","15-19","2,457","1787.5"
"Chlamydia","2022","Nebraska","31","20-24","3,705","2587.2"
"Chlamydia","2022","Nebraska","31","25-29","1,575","1246.1"
"Gonorrhea","2022","Nebraska","31","15-19","349","253.9"
"Gonorrhea","2022","Nebraska","31","20-24","751","524.4"
"Gonorrhea","2022","Nebraska","31","25-29","498","394.0"
"Primary and Secondary Syphilis","2022","Nebraska","31","15-19","10","7.3"
"Primary and Secondary Syphilis","2022","Nebraska","31","20-24","29","20.3"
"Primary and Secondary Syphilis","2022","Nebraska","31","25-29","38","30.1"
"Chlamydia","2022","Nevada","32","15-19","2,849","1482.9"
"Chlamydia","2022","Nevada","32","20-24","5,167","2635.2"
"Chlamydia","2022","Nevada","32","25-29","3,309","1506.3"
"Gonorrhea","2022","Nevada","32","15-19","811","422.1"
"Gonorrhea","2022","Nevada","32","20-24","1,590","810.9"
"Gonorrhea","2022","Nevada","32","25-29","1,439","655.0"
"Primary and Secondary Syphilis","2022","Nevada","32","15-19","26","13.5"
"Primary and Secondary Syphilis","2022","Nevada","32","20-24","111","56.6"
"Primary and Secondary Syphilis","2022","Nevada","32","25-29","163","74.2"
"Chlamydia","2022","New Hampshire","33","15-19","650","798.8"
"Chlamydia","2022","New Hampshire","33","20-24","1,112","1270.8"
"Chlamydia","2022","New Hampshire","33","25-29","493","566.6"
"Gonorrhea","2022","New Hampshire","33","15-19","67","82.3"
"Gonorrhea","2022","New Hampshire","33","20-24","160","182.8"
"Gonorrhea","2022","New Hampshire","33","25-29","122","140.2"
"Primary and Secondary Syphilis","2022","New Hampshire","33","15-19","3","3.7"
"Primary and Secondary Syphilis","2022","New Hampshire","33","20-24","9","10.3"
"Primary and Secondary Syphilis","2022","New Hampshire","33","25-29","9","10.3"
"Chlamydia","2022","New Jersey","34","15-19","7,395","1282.1"
"Chlamydia","2022","New Jersey","34","20-24","12,151","2105.8"
"Chlamydia","2022","New Jersey","34","25-29","6,354","1101.3"
"Gonorrhea","2022","New Jersey","34","15-19","1,611","279.3"
"Gonorrhea","2022","New Jersey","34","20-24","2,648","458.9"
"Gonorrhea","2022","New Jersey","34","25-29","1,838","318.6"
"Primary and Secondary Syphilis","2022","New Jersey","34","15-19","35","6.1"
"Primary and Secondary Syphilis","2022","New Jersey","34","20-24","151","26.2"
"Primary and Secondary Syphilis","2022","New Jersey","34","25-29","242","41.9"
"Chlamydia","2022","New Mexico","35","15-19","2,479","1731.9"
"Chlamydia","2022","New Mexico","35","20-24","3,721","2484.1"
"Chlamydia","2022","New Mexico","35","25-29","2,015","1475.1"
"Gonorrhea","2022","New Mexico","35","15-19","434","303.2"
"Gonorrhea","2022","New Mexico","35","20-24","946","631.6"
"Gonorrhea","2022","New Mexico","35","25-29","722","528.6"
"Primary and Secondary Syphilis","2022","New Mexico","35","15-19","26","18.2"
"Primary and Secondary Syphilis","2022","New Mexico","35","20-24","87","58.1"
"Primary and Secondary Syphilis","2022","New Mexico","35","25-29","112","82.0"
"Chlamydia","2022","New York","36","15-19","20,068","1679.9"
"Chlamydia","2022","New York","36","20-24","32,372","2481.6"
"Chlamydia","2022","New York","36","25-29","20,698","1527.8"
"Gonorrhea","2022","New York","36","15-19","4,420","370.0"
"Gonorrhea","2022","New York","36","20-24","8,884","681.0"
"Gonorrhea","2022","New York","36","25-29","9,224","680.9"
"Primary and Secondary Syphilis","2022","New York","36","15-19","135","11.3"
"Primary and Secondary Syphilis","2022","New York","36","20-24","484","37.1"
"Primary and Secondary Syphilis","2022","New York","36","25-29","651","48.1"
"Chlamydia","2022","North Carolina","37","15-19","16,288","2309.8"
"Chlamydia","2022","North Carolina","37","20-24","24,055","3217.0"
"Chlamydia","2022","North Carolina","37","25-29","11,546","1640.6"
"Gonorrhea","2022","North Carolina","37","15-19","4,651","659.6"
"Gonorrhea","2022","North Carolina","37","20-24","7,881","1054.0"
"Gonorrhea","2022","North Carolina","37","25-29","5,340","758.8"
"Primary and Secondary Syphilis","2022","North Carolina","37","15-19","88","12.5"
"Primary and Secondary Syphilis","2022","North Carolina","37","20-24","404","54.0"
"Primary and Secondary Syphilis","2022","North Carolina","37","25-29","424","60.2"
"Chlamydia","2022","North Dakota","38","15-19","826","1527.6"
"Chlamydia","2022","North Dakota","38","20-24","1,382","2124.5"
"Chlamydia","2022","North Dakota","38","25-29","634","1175.7"
"Gonorrhea","2022","North Dakota","38","15-19","162","299.6"
"Gonorrhea","2022","North Dakota","38","20-24","306","470.4"
"Gonorrhea","2022","North Dakota","38","25-29","289","535.9"
"Primary and Secondary Syphilis","2022","North Dakota","38","15-19","2","3.7"
"Primary and Secondary Syphilis","2022","North Dakota","38","20-24","11","16.9"
"Primary and Secondary Syphilis","2022","North Dakota","38","25-29","4","7.4"
"Chlamydia","2022","Ohio","39","15-19","14,887","1983.7"
"Chlamydia","2022","Ohio","39","20-24","19,233","2472.5"
"Chlamydia","2022","Ohio","39","25-29","9,624","1267.3"
"Gonorrhea","2022","Ohio","39","15-19","4,135","551.0"
"Gonorrhea","2022","Ohio","39","20-24","6,358","817.3"
"Gonorrhea","2022","Ohio","39","25-29","4,461","587.4"
"Primary and Secondary Syphilis","2022","Ohio","39","15-19","61","8.1"
"Primary and Secondary Syphilis","2022","Ohio","39","20-24","276","35.5"
"Primary and Secondary Syphilis","2022","Ohio","39","25-29","400","52.7"
"Chlamydia","2022","Oklahoma","40","15-19","5,050","1823.7"
"Chlamydia","2022","Oklahoma","40","20-24","7,490","2522.5"
"Chlamydia","2022","Oklahoma","40","25-29","3,433","1287.6"
"Gonorrhea","2022","Oklahoma","40","15-19","1,415","511.0"
"Gonorrhea","2022","Oklahoma","40","20-24","2,383","802.6"
"Gonorrhea","2022","Oklahoma","40","25-29","1,590","596.4"
"Primary and Secondary Syphilis","2022","Oklahoma","40","15-19","39","14.1"
"Primary and Secondary Syphilis","2022","Oklahoma","40","20-24","178","59.9"
"Primary and Secondary Syphilis","2022","Oklahoma","40","25-29","175","65.6"
"Chlamydia","2022","Oregon","41","15-19","2,942","1173.2"
"Chlamydia","2022","Oregon","41","20-24","5,198","1908.2"
"Chlamydia","2022","Oregon","41","25-29","2,804","992.0"
"Gonorrhea","2022","Oregon","41","15-19","373","148.7"
"Gonorrhea","2022","Oregon","41","20-24","930","341.4"
"Gonorrhea","2022","Oregon","41","25-29","1,010","357.3"
"Primary and Secondary Syphilis","2022","Oregon","41","15-19","26","10.4"
"Primary and Secondary Syphilis","2022","Oregon","41","20-24","99","36.3"
"Primary and Secondary Syphilis","2022","Oregon","41","25-29","186","65.8"
"Chlamydia","2022","Pennsylvania","42","15-19","14,325","1718.7"
"Chlamydia","2022","Pennsylvania","42","20-24","19,536","2322.5"
"Chlamydia","2022","Pennsylvania","42","25-29","9,583","1188.2"
"Gonorrhea","2022","Pennsylvania","42","15-19","3,440","412.7"
"Gonorrhea","2022","Pennsylvania","42","20-24","4,754","565.2"
"Gonorrhea","2022","Pennsylvania","42","25-29","3,648","452.3"
"Primary and Secondary Syphilis","2022","Pennsylvania","42","15-19","55","6.6"
"Primary and Secondary Syphilis","2022","Pennsylvania","42","20-24","187","22.2"
"Primary and Secondary Syphilis","2022","Pennsylvania","42","25-29","263","32.6"
"Chlamydia","2022","Rhode Island","44","15-19","1,255","1746.9"
"Chlamydia","2022","Rhode Island","44","20-24","1,835","2363.9"
"Chlamydia","2022","Rhode Island","44","25-29","954","1315.9"
"Gonorrhea","2022","Rhode Island","44","15-19","172","239.4"
"Gonorrhea","2022","Rhode Island","44","20-24","353","454.7"
"Gonorrhea","2022","Rhode Island","44","25-29","304","419.3"
"Primary and Secondary Syphilis","2022","Rhode Island","44","15-19","8","11.1"
"Primary and Secondary Syphilis","2022","Rhode Island","44","20-24","15","19.3"
"Primary and Secondary Syphilis","2022","Rhode Island","44","25-29","12","16.6"
"Chlamydia","2022","South Carolina","45","15-19","9,848","2878.9"
"Chlamydia","2022","South Carolina","45","20-24","13,044","3688.9"
"Chlamydia","2022","South Carolina","45","25-29","6,117","1867.5"
"Gonorrhea","2022","South Carolina","45","15-19","2,705","790.8"
"Gonorrhea","2022","South Carolina","45","20-24","4,355","1231.6"
"Gonorrhea","2022","South Carolina","45","25-29","2,746","838.3"
"Primary and Secondary Syphilis","2022","South Carolina","45","15-19","43","12.6"
"Primary and Secondary Syphilis","2022","South Carolina","45","20-24","174","49.2"
"Primary and Secondary Syphilis","2022","South Carolina","45","25-29","182","55.6"
"Chlamydia","2022","South Dakota","46","15-19","1,270","2070.2"
"Chlamydia","2022","South Dakota","46","20-24","1,664","2638.5"
"Chlamydia","2022","South Dakota","46","25-29","898","1584.0"
"Gonorrhea","2022","South Dakota","46","15-19","429","699.3"
"Gonorrhea","2022","South Dakota","46","20-24","606","960.9"
"Gonorrhea","2022","South Dakota","46","25-29","573","1010.7"
"Primary and Secondary Syphilis","2022","South Dakota","46","15-19","48","78.2"
"Primary and Secondary Syphilis","2022","South Dakota","46","20-24","106","168.1"
"Primary and Secondary Syphilis","2022","South Dakota","46","25-29","137","241.7"
"Chlamydia","2022","Tennessee","47","15-19","9,276","2106.2"
"Chlamydia","2022","Tennessee","47","20-24","13,898","2913.1"
"Chlamydia","2022","Tennessee","47","25-29","7,185","1488.9"
"Gonorrhea","2022","Tennessee","47","15-19","2,623","595.6"
"Gonorrhea","2022","Tennessee","47","20-24","4,540","951.6"
"Gonorrhea","2022","Tennessee","47","25-29","3,399","704.3"
"Primary and Secondary Syphilis","2022","Tennessee","47","15-19","51","11.6"
"Primary and Secondary Syphilis","2022","Tennessee","47","20-24","182","38.1"
"Primary and Secondary Syphilis","2022","Tennessee","47","25-29","224","46.4"
"Chlamydia","2022","Texas","48","15-19","36,772","1708.2"
"Chlamydia","2022","Texas","48","20-24","54,762","2499.2"
"Chlamydia","2022","Texas","48","25-29","29,117","1364.5"
"Gonorrhea","2022","Texas","48","15-19","10,383","482.3"
"Gonorrhea","2022","Texas","48","20-24","17,669","806.4"
"Gonorrhea","2022","Texas","48","25-29","12,315","577.1"
"Primary and Secondary Syphilis","2022","Texas","48","15-19","252","11.7"
"Primary and Secondary Syphilis","2022","Texas","48","20-24","837","38.2"
"Primary and Secondary Syphilis","2022","Texas","48","25-29","885","41.5"
"Chlamydia","2022","Utah","49","15-19","2,321","846.4"
"Chlamydia","2022","Utah","49","20-24","3,996","1336.1"
"Chlamydia","2022","Utah","49","25-29","2,152","832.9"
"Gonorrhea","2022","Utah","49","15-19","305","111.2"
"Gonorrhea","2022","Utah","49","20-24","776","259.5"
"Gonorrhea","2022","Utah","49","25-29","693","268.2"
"Primary and Secondary Syphilis","2022","Utah","49","15-19","9","3.3"
"Primary and Secondary Syphilis","2022","Utah","49","20-24","35","11.7"
"Primary and Secondary Syphilis","2022","Utah","49","25-29","46","17.8"
"Chlamydia","2022","Vermont","50","15-19","318","765.1"
"Chlamydia","2022","Vermont","50","20-24","462","1006.6"
"Chlamydia","2022","Vermont","50","25-29","200","531.5"
"Gonorrhea","2022","Vermont","50","15-19","9","21.7"
"Gonorrhea","2022","Vermont","50","20-24","40","87.1"
"Gonorrhea","2022","Vermont","50","25-29","41","109.0"
"Primary and Secondary Syphilis","2022","Vermont","50","15-19","0","0.0"
"Primary and Secondary Syphilis","2022","Vermont","50","20-24","0","0.0"
"Primary and Secondary Syphilis","2022","Vermont","50","25-29","0","0.0"
"Chlamydia","2022","Virginia","51","15-19","8,106","1452.8"
"Chlamydia","2022","Virginia","51","20-24","15,916","2671.2"
"Chlamydia","2022","Virginia","51","25-29","7,980","1386.1"
"Gonorrhea","2022","Virginia","51","15-19","1,628","291.8"
"Gonorrhea","2022","Virginia","51","20-24","3,910","656.2"
"Gonorrhea","2022","Virginia","51","25-29","2,821","490.0"
"Primary and Secondary Syphilis","2022","Virginia","51","15-19","30","5.4"
"Primary and Secondary Syphilis","2022","Virginia","51","20-24","134","22.5"
"Primary and Secondary Syphilis","2022","Virginia","51","25-29","194","33.7"
"Chlamydia","2022","Washington","53","15-19","5,402","1175.4"
"Chlamydia","2022","Washington","53","20-24","9,625","1914.3"
"Chlamydia","2022","Washington","53","25-29","5,232","932.6"
"Gonorrhea","2022","Washington","53","15-19","767","166.9"
"Gonorrhea","2022","Washington","53","20-24","2,137","425.0"
"Gonorrhea","2022","Washington","53","25-29","2,215","394.8"
"Primary and Secondary Syphilis","2022","Washington","53","15-19","40","8.7"
"Primary and Secondary Syphilis","2022","Washington","53","20-24","192","38.2"
"Primary and Secondary Syphilis","2022","Washington","53","25-29","302","53.8"
"Chlamydia","2022","West Virginia","54","15-19","1,117","1034.4"
"Chlamydia","2022","West Virginia","54","20-24","1,785","1537.8"
"Chlamydia","2022","West Virginia","54","25-29","693","660.9"
"Gonorrhea","2022","West Virginia","54","15-19","131","121.3"
"Gonorrhea","2022","West Virginia","54","20-24","344","296.4"
"Gonorrhea","2022","West Virginia","54","25-29","236","225.1"
"Primary and Secondary Syphilis","2022","West Virginia","54","15-19","3","2.8"
"Primary and Secondary Syphilis","2022","West Virginia","54","20-24","17","14.6"
"Primary and Secondary Syphilis","2022","West Virginia","54","25-29","35","33.4"
"Chlamydia","2022","Wisconsin","55","15-19","6,655","1735.1"
"Chlamydia","2022","Wisconsin","55","20-24","9,443","2292.9"
"Chlamydia","2022","Wisconsin","55","25-29","4,442","1207.4"
"Gonorrhea","2022","Wisconsin","55","15-19","1,788","466.2"
"Gonorrhea","2022","Wisconsin","55","20-24","2,442","592.9"
"Gonorrhea","2022","Wisconsin","55","25-29","1,567","425.9"
"Primary and Secondary Syphilis","2022","Wisconsin","55","15-19","29","7.6"
"Primary and Secondary Syphilis","2022","Wisconsin","55","20-24","101","24.5"
"Primary and Secondary Syphilis","2022","Wisconsin","55","25-29","114","31.0"
"Chlamydia","2022","Wyoming","56","15-19","451","1152.3"
"Chlamydia","2022","Wyoming","56","20-24","711","1807.6"
"Chlamydia","2022","Wyoming","56","25-29","275","784.8"
"Gonorrhea","2022","Wyoming","56","15-19","32","81.8"
"Gonorrhea","2022","Wyoming","56","20-24","81","205.9"
"Gonorrhea","2022","Wyoming","56","25-29","57","162.7"
"Primary and Secondary Syphilis","2022","Wyoming","56","15-19","2","5.1"
"Primary and Secondary Syphilis","2022","Wyoming","56","20-24","2","5.1"
"Primary and Secondary Syphilis","2022","Wyoming","56","25-29","5","14.3"
"Chlamydia","2021","Alabama","01","15-19","7,837","2421.9"
"Chlamydia","2021","Alabama","01","20-24","10,556","3207.2"
"Chlamydia","2021","Alabama","01","25-29","4,637","1429.0"
"Gonorrhea","2021","Alabama","01","15-19","2,788","861.6"
"Gonorrhea","2021","Alabama","01","20-24","4,499","1366.9"
"Gonorrhea","2021","Alabama","01","25-29","2,852","878.9"
"Primary and Secondary Syphilis","2021","Alabama","01","15-19","43","13.3"
"Primary and Secondary Syphilis","2021","Alabama","01","20-24","140","42.5"
"Primary and Secondary Syphilis","2021","Alabama","01","25-29","167","51.5"
"Chlamydia","2021","Alaska","02","15-19","1,068","2346.2"
"Chlamydia","2021","Alaska","02","20-24","1,799","3579.2"
"Chlamydia","2021","Alaska","02","25-29","1,067","1920.3"
"Gonorrhea","2021","Alaska","02","15-19","181","397.6"
"Gonorrhea","2021","Alaska","02","20-24","398","791.8"
"Gonorrhea","2021","Alaska","02","25-29","416","748.7"
"Primary and Secondary Syphilis","2021","Alaska","02","15-19","6","13.2"
"Primary and Secondary Syphilis","2021","Alaska","02","20-24","26","51.7"
"Primary and Secondary Syphilis","2021","Alaska","02","25-29","35","63.0"
"Chlamydia","2021","Arizona","04","15-19","8,503","1760.3"
"Chlamydia","2021","Arizona","04","20-24","14,835","3015.9"
"Chlamydia","2021","Arizona","04","25-29","8,264","1644.0"
"Gonorrhea","2021","Arizona","04","15-19","2,209","457.3"
"Gonorrhea","2021","Arizona","04","20-24","4,497","914.2"
"Gonorrhea","2021","Arizona","04","25-29","3,833","762.5"
"Primary and Secondary Syphilis","2021","Arizona","04","15-19","70","14.5"
"Primary and Secondary Syphilis","2021","Arizona","04","20-24","266","54.1"
"Primary and Secondary Syphilis","2021","Arizona","04","25-29","385","76.6"
"Chlamydia","2021","Arkansas","05","15-19","5,244","2600.7"
"Chlamydia","2021","Arkansas","05","20-24","6,673","3337.7"
"Chlamydia","2021","Arkansas","05","25-29","2,901","1488.8"
"Gonorrhea","2021","Arkansas","05","15-19","1,670","828.2"
"Gonorrhea","2021","Arkansas","05","20-24","2,457","1228.9"
"Gonorrhea","2021","Arkansas","05","25-29","1,531","785.7"
"Primary and Secondary Syphilis","2021","Arkansas","05","15-19","50","24.8"
"Primary and Secondary Syphilis","2021","Arkansas","05","20-24","162","81.0"
"Primary and Secondary Syphilis","2021","Arkansas","05","25-29","187","96.0"
"Chlamydia","2021","California","06","15-19","29,261","1138.4"
"Chlamydia","2021","California","06","20-24","63,097","2484.4"
"Chlamydia","2021","California","06","25-29","41,138","1450.9"
"Gonorrhea","2021","California","06","15-19","7,441","289.5"
"Gonorrhea","2021","California","06","20-24","18,995","747.9"
"Gonorrhea","2021","California","06","25-29","19,815","698.9"
"Primary and Secondary Syphilis","2021","California","06","15-19","277","10.8"
"Primary and Secondary Syphilis","2021","California","06","20-24","1,155","45.5"
"Primary and Secondary Syphilis","2021","California","06","25-29","1,656","58.4"
"Chlamydia","2021","Colorado","08","15-19","6,056","1621.5"
"Chlamydia","2021","Colorado","08","20-24","9,276","2451.5"
"Chlamydia","2021","Colorado","08","25-29","5,052","1137.7"
"Gonorrhea","2021","Colorado","08","15-19","1,207","323.2"
"Gonorrhea","2021","Colorado","08","20-24","2,372","626.9"
"Gonorrhea","2021","Colorado","08","25-29","2,188","492.7"
"Primary and Secondary Syphilis","2021","Colorado","08","15-19","24","6.4"
"Primary and Secondary Syphilis","2021","Colorado","08","20-24","86","22.7"
"Primary and Secondary Syphilis","2021","Colorado","08","25-29","137","30.9"
"Chlamydia","2021","Connecticut","09","15-19","3,456","1436.8"
"Chlamydia","2021","Connecticut","09","20-24","5,480","2288.7"
"Chlamydia","2021","Connecticut","09","25-29","2,714","1202.2"
"Gonorrhea","2021","Connecticut","09","15-19","803","333.8"
"Gonorrhea","2021","Connecticut","09","20-24","1,507","629.4"
"Gonorrhea","2021","Connecticut","09","25-29","1,178","521.8"
"Primary and Secondary Syphilis","2021","Connecticut","09","15-19","11","4.6"
"Primary and Secondary Syphilis","2021","Connecticut","09","20-24","40","16.7"
"Primary and Secondary Syphilis","2021","Connecticut","09","25-29","48","21.3"
"Chlamydia","2021","Delaware","10","15-19","1,351","2150.7"
"Chlamydia","2021","Delaware","10","20-24","1,814","3132.6"
"Chlamydia","2021","Delaware","10","25-29","811","1321.4"
"Gonorrhea","2021","Delaware","10","15-19","273","434.6"
"Gonorrhea","2021","Delaware","10","20-24","453","782.3"
"Gonorrhea","2021","Delaware","10","25-29","314","511.6"
"Primary and Secondary Syphilis","2021","Delaware","10","15-19","3","4.8"
"Primary and Secondary Syphilis","2021","Delaware","10","20-24","13","22.4"
"Primary and Secondary Syphilis","2021","Delaware","10","25-29","19","31.0"
"Chlamydia","2021","District of Columbia","11","15-19","1,287","3608.8"
"Chlamydia","2021","District of Columbia","11","20-24","1,745","3824.2"
"Chlamydia","2021","District of Columbia","11","25-29","1,577","2252.9"
"Gonorrhea","2021","District of Columbia","11","15-19","430","1205.7"
"Gonorrhea","2021","District of Columbia","11","20-24","816","1788.3"
"Gonorrhea","2021","District of Columbia","11","25-29","1,069","1527.1"
"Primary and Secondary Syphilis","2021","District of Columbia","11","15-19","10","28.0"
"Primary and Secondary Syphilis","2021","District of Columbia","11","20-24","24","52.6"
"Primary and Secondary Syphilis","2021","District of Columbia","11","25-29","41","58.6"
"Chlamydia","2021","Florida","12","15-19","24,430","1981.4"
"Chlamydia","2021","Florida","12","20-24","36,536","2917.5"
"Chlamydia","2021","Florida","12","25-29","19,338","1449.7"
"Gonorrhea","2021","Florida","12","15-19","6,608","535.9"
"Gonorrhea","2021","Florida","12","20-24","12,062","963.2"
"Gonorrhea","2021","Florida","12","25-29","9,111","683.0"
"Primary and Secondary Syphilis","2021","Florida","12","15-19","163","13.2"
"Primary and Secondary Syphilis","2021","Florida","12","20-24","615","49.1"
"Primary and Secondary Syphilis","2021","Florida","12","25-29","823","61.7"
"Chlamydia","2021","Georgia","13","15-19","17,720","2353.6"
"Chlamydia","2021","Georgia","13","20-24","24,881","3410.4"
"Chlamydia","2021","Georgia","13","25-29","12,291","1659.4"
"Gonorrhea","2021","Georgia","13","15-19","5,218","693.1"
"Gonorrhea","2021","Georgia","13","20-24","9,394","1287.6"
"Gonorrhea","2021","Georgia","13","25-29","6,849","924.7"
"Primary and Secondary Syphilis","2021","Georgia","13","15-19","102","13.5"
"Primary and Secondary Syphilis","2021","Georgia","13","20-24","309","42.4"
"Primary and Secondary Syphilis","2021","Georgia","13","25-29","368","49.7"
"Chlamydia","2021","Hawaii","15","15-19","980","1249.2"
"Chlamydia","2021","Hawaii","15","20-24","2,306","2627.9"
"Chlamydia","2021","Hawaii","15","25-29","1,199","1269.7"
"Gonorrhea","2021","Hawaii","15","15-19","139","177.2"
"Gonorrhea","2021","Hawaii","15","20-24","336","382.9"
"Gonorrhea","2021","Hawaii","15","25-29","265","280.6"
"Primary and Secondary Syphilis","2021","Hawaii","15","15-19","7","8.9"
"Primary and Secondary Syphilis","2021","Hawaii","15","20-24","31","35.3"
"Primary and Secondary Syphilis","2021","Hawaii","15","25-29","28","29.7"
"Chlamydia","2021","Idaho","16","15-19","1,633","1213.8"
"Chlamydia","2021","Idaho","16","20-24","2,387","1928.0"
"Chlamydia","2021","Idaho","16","25-29","1,103","891.0"
"Gonorrhea","2021","Idaho","16","15-19","144","107.0"
"Gonorrhea","2021","Idaho","16","20-24","323","260.9"
"Gonorrhea","2021","Idaho","16","25-29","246","198.7"
"Primary and Secondary Syphilis","2021","Idaho","16","15-19","2","1.5"
"Primary and Secondary Syphilis","2021","Idaho","16","20-24","12","9.7"
"Primary and Secondary Syphilis","2021","Idaho","16","25-29","20","16.2"
"Chlamydia","2021","Illinois","17","15-19","16,209","1940.3"
"Chlamydia","2021","Illinois","17","20-24","25,533","3132.5"
"Chlamydia","2021","Illinois","17","25-29","14,343","1685.0"
"Gonorrhea","2021","Illinois","17","15-19","4,775","571.6"
"Gonorrhea","2021","Illinois","17","20-24","8,113","995.3"
"Gonorrhea","2021","Illinois","17","25-29","6,868","806.9"
"Primary and Secondary Syphilis","2021","Illinois","17","15-19","62","7.4"
"Primary and Secondary Syphilis","2021","Illinois","17","20-24","249","30.5"
"Primary and Secondary Syphilis","2021","Illinois","17","25-29","283","33.2"
"Chlamydia","2021","Indiana","18","15-19","9,115","1958.5"
"Chlamydia","2021","Indiana","18","20-24","13,293","2802.1"
"Chlamydia","2021","Indiana","18","25-29","6,081","1350.0"
"Gonorrhea","2021","Indiana","18","15-19","2,442","524.7"
"Gonorrhea","2021","Indiana","18","20-24","4,102","864.7"
"Gonorrhea","2021","Indiana","18","25-29","2,970","659.4"
"Primary and Secondary Syphilis","2021","Indiana","18","15-19","37","7.9"
"Primary and Secondary Syphilis","2021","Indiana","18","20-24","123","25.9"
"Primary and Secondary Syphilis","2021","Indiana","18","25-29","156","34.6"
"Chlamydia","2021","Iowa","19","15-19","4,158","1886.4"
"Chlamydia","2021","Iowa","19","20-24","5,978","2648.8"
"Chlamydia","2021","Iowa","19","25-29","2,481","1230.6"
"Gonorrhea","2021","Iowa","19","15-19","928","421.0"
"Gonorrhea","2021","Iowa","19","20-24","1,620","717.8"
"Gonorrhea","2021","Iowa","19","25-29","1,206","598.2"
"Primary and Secondary Syphilis","2021","Iowa","19","15-19","16","7.3"
"Primary and Secondary Syphilis","2021","Iowa","19","20-24","51","22.6"
"Primary and Secondary Syphilis","2021","Iowa","19","25-29","68","33.7"
"Chlamydia","2021","Kansas","20","15-19","4,087","1986.9"
"Chlamydia","2021","Kansas","20","20-24","5,767","2723.3"
"Chlamydia","2021","Kansas","20","25-29","2,408","1259.9"
"Gonorrhea","2021","Kansas","20","15-19","993","482.7"
"Gonorrhea","2021","Kansas","20","20-24","1,557","735.3"
"Gonorrhea","2021","Kansas","20","25-29","1,038","543.1"
"Primary and Secondary Syphilis","2021","Kansas","20","15-19","19","9.2"
"Primary and Secondary Syphilis","2021","Kansas","20","20-24","48","22.7"
"Primary and Secondary Syphilis","2021","Kansas","20","25-29","52","27.2"
"Chlamydia","2021","Kentucky","21","15-19","4,722","1608.2"
"Chlamydia","2021","Kentucky","21","20-24","6,831","2283.9"
"Chlamydia","2021","Kentucky","21","25-29","3,228","1093.4"
"Gonorrhea","2021","Kentucky","21","15-19","1,137","387.2"
"Gonorrhea","2021","Kentucky","21","20-24","2,186","730.9"
"Gonorrhea","2021","Kentucky","21","25-29","1,746","591.4"
"Primary and Secondary Syphilis","2021","Kentucky","21","15-19","22","7.5"
"Primary and Secondary Syphilis","2021","Kentucky","21","20-24","66","22.1"
"Primary and Secondary Syphilis","2021","Kentucky","21","25-29","83","28.1"
"Chlamydia","2021","Louisiana","22","15-19","10,555","3546.6"
"Chlamydia","2021","Louisiana","22","20-24","12,285","4087.1"
"Chlamydia","2021","Louisiana","22","25-29","5,312","1746.4"
"Gonorrhea","2021","Louisiana","22","15-19","3,853","1294.6"
"Gonorrhea","2021","Louisiana","22","20-24","5,118","1702.7"
"Gonorrhea","2021","Louisiana","22","25-29","2,954","971.1"
"Primary and Secondary Syphilis","2021","Louisiana","22","15-19","75","25.2"
"Primary and Secondary Syphilis","2021","Louisiana","22","20-24","185","61.5"
"Primary and Secondary Syphilis","2021","Louisiana","22","25-29","205","67.4"
"Chlamydia","2021","Maine","23","15-19","268","338.0"
"Chlamydia","2021","Maine","23","20-24","498","662.8"
"Gonorrhea","2021","Maine","23","15-19","36","45.4"
"Gonorrhea","2021","Maine","23","20-24","110","146.4"
"Primary and Secondary Syphilis","2021","Maine","23","15-19","5","6.3"
"Primary and Secondary Syphilis","2021","Maine","23","20-24","3","4.0"
"Chlamydia","2021","Maryland","24",null,"Data suppressed","0.0"
"Gonorrhea","2021","Maryland","24",null,"Data suppressed","0.0"
"Primary and Secondary Syphilis","2021","Maryland","24",null,"Data suppressed","0.0"
"Chlamydia","2021","Massachusetts","25","15-19","5,480","1199.4"
"Chlamydia","2021","Massachusetts","25","20-24","9,901","2068.1"
"Chlamydia","2021","Massachusetts","25","25-29","5,443","1118.2"
"Gonorrhea","2021","Massachusetts","25","15-19","810","177.3"
"Gonorrhea","2021","Massachusetts","25","20-24","2,022","422.3"
"Gonorrhea","2021","Massachusetts","25","25-29","1,837","377.4"
"Primary and Secondary Syphilis","2021","Massachusetts","25","15-19","23","5.0"
"Primary and Secondary Syphilis","2021","Massachusetts","25","20-24","93","19.4"
"Primary and Secondary Syphilis","2021","Massachusetts","25","25-29","136","27.9"
"Chlamydia","2021","Michigan","26","15-19","11,786","1818.5"
"Chlamydia","2021","Michigan","26","20-24","17,084","2544.7"
"Chlamydia","2021","Michigan","26","25-29","8,230","1243.1"
"Gonorrhea","2021","Michigan","26","15-19","3,615","557.8"
"Gonorrhea","2021","Michigan","26","20-24","6,073","904.6"
"Gonorrhea","2021","Michigan","26","25-29","4,726","713.8"
"Primary and Secondary Syphilis","2021","Michigan","26","15-19","40","6.2"
"Primary and Secondary Syphilis","2021","Michigan","26","20-24","167","24.9"
"Primary and Secondary Syphilis","2021","Michigan","26","25-29","185","27.9"
"Chlamydia","2021","Minnesota","27","15-19","5,489","1464.2"
"Chlamydia","2021","Minnesota","27","20-24","7,998","2261.3"
"Chlamydia","2021","Minnesota","27","25-29","3,879","1056.3"
"Gonorrhea","2021","Minnesota","27","15-19","1,327","354.0"
"Gonorrhea","2021","Minnesota","27","20-24","2,276","643.5"
"Gonorrhea","2021","Minnesota","27","25-29","1,977","538.4"
"Primary and Secondary Syphilis","2021","Minnesota","27","15-19","18","4.8"
"Primary and Secondary Syphilis","2021","Minnesota","27","20-24","61","17.2"
"Primary and Secondary Syphilis","2021","Minnesota","27","25-29","106","28.9"
"Chlamydia","2021","Mississippi","28","15-19","6,984","3430.2"
"Chlamydia","2021","Mississippi","28","20-24","8,133","4100.2"
"Chlamydia","2021","Mississippi","28","25-29","3,696","1937.4"
"Gonorrhea","2021","Mississippi","28","15-19","2,909","1428.8"
"Gonorrhea","2021","Mississippi","28","20-24","4,116","2075.1"
"Gonorrhea","2021","Mississippi","28","25-29","2,476","1297.9"
"Primary and Secondary Syphilis","2021","Mississippi","28","15-19","68","33.4"
"Primary and Secondary Syphilis","2021","Mississippi","28","20-24","176","88.7"
"Primary and Secondary Syphilis","2021","Mississippi","28","25-29","169","88.6"
"Chlamydia","2021","Missouri","29","15-19","8,672","2172.5"
"Chlamydia","2021","Missouri","29","20-24","11,444","2846.6"
"Chlamydia","2021","Missouri","29","25-29","5,525","1367.9"
"Gonorrhea","2021","Missouri","29","15-19","2,468","618.3"
"Gonorrhea","2021","Missouri","29","20-24","4,024","1000.9"
"Gonorrhea","2021","Missouri","29","25-29","3,254","805.6"
"Primary and Secondary Syphilis","2021","Missouri","29","15-19","37","9.3"
"Primary and Secondary Syphilis","2021","Missouri","29","20-24","170","42.3"
"Primary and Secondary Syphilis","2021","Missouri","29","25-29","255","63.1"
"Chlamydia","2021","Montana","30","15-19","1,189","1753.2"
"Chlamydia","2021","Montana","30","20-24","1,444","1967.9"
"Chlamydia","2021","Montana","30","25-29","641","893.1"
"Gonorrhea","2021","Montana","30","15-19","158","233.0"
"Gonorrhea","2021","Montana","30","20-24","280","381.6"
"Gonorrhea","2021","Montana","30","25-29","278","387.4"
"Primary and Secondary Syphilis","2021","Montana","30","15-19","8","11.8"
"Primary and Secondary Syphilis","2021","Montana","30","20-24","12","16.4"
"Primary and Secondary Syphilis","2021","Montana","30","25-29","11","15.3"
"Chlamydia","2021","Nebraska","31","15-19","2,373","1713.4"
"Chlamydia","2021","Nebraska","31","20-24","3,394","2488.9"
"Chlamydia","2021","Nebraska","31","25-29","1,508","1181.1"
"Gonorrhea","2021","Nebraska","31","15-19","435","314.1"
"Gonorrhea","2021","Nebraska","31","20-24","821","602.1"
"Gonorrhea","2021","Nebraska","31","25-29","642","502.8"
"Primary and Secondary Syphilis","2021","Nebraska","31","15-19","13","9.4"
"Primary and Secondary Syphilis","2021","Nebraska","31","20-24","44","32.3"
"Primary and Secondary Syphilis","2021","Nebraska","31","25-29","39","30.5"
"Chlamydia","2021","Nevada","32","15-19","2,319","1224.9"
"Chlamydia","2021","Nevada","32","20-24","4,246","2313.5"
"Chlamydia","2021","Nevada","32","25-29","2,714","1233.5"
"Gonorrhea","2021","Nevada","32","15-19","807","426.3"
"Gonorrhea","2021","Nevada","32","20-24","1,624","884.9"
"Gonorrhea","2021","Nevada","32","25-29","1,506","684.5"
"Primary and Secondary Syphilis","2021","Nevada","32","15-19","33","17.4"
"Primary and Secondary Syphilis","2021","Nevada","32","20-24","100","54.5"
"Primary and Secondary Syphilis","2021","Nevada","32","25-29","124","56.4"
"Chlamydia","2021","New Hampshire","33","15-19","615","723.8"
"Chlamydia","2021","New Hampshire","33","20-24","1,261","1452.3"
"Chlamydia","2021","New Hampshire","33","25-29","570","652.0"
"Gonorrhea","2021","New Hampshire","33","15-19","50","58.8"
"Gonorrhea","2021","New Hampshire","33","20-24","145","167.0"
"Gonorrhea","2021","New Hampshire","33","25-29","138","157.9"
"Primary and Secondary Syphilis","2021","New Hampshire","33","15-19","0","0.0"
"Primary and Secondary Syphilis","2021","New Hampshire","33","20-24","10","11.5"
"Primary and Secondary Syphilis","2021","New Hampshire","33","25-29","13","14.9"
"Chlamydia","2021","New Jersey","34","15-19","7,442","1278.8"
"Chlamydia","2021","New Jersey","34","20-24","12,751","2303.9"
"Chlamydia","2021","New Jersey","34","25-29","6,343","1089.5"
"Gonorrhea","2021","New Jersey","34","15-19","1,596","274.2"
"Gonorrhea","2021","New Jersey","34","20-24","3,071","554.9"
"Gonorrhea","2021","New Jersey","34","25-29","2,182","374.8"
"Primary and Secondary Syphilis","2021","New Jersey","34","15-19","30","5.2"
"Primary and Secondary Syphilis","2021","New Jersey","34","20-24","153","27.6"
"Primary and Secondary Syphilis","2021","New Jersey","34","25-29","200","34.4"
"Chlamydia","2021","New Mexico","35","15-19","2,727","1914.6"
"Chlamydia","2021","New Mexico","35","20-24","4,196","2984.8"
"Chlamydia","2021","New Mexico","35","25-29","2,412","1728.8"
"Gonorrhea","2021","New Mexico","35","15-19","453","318.0"
"Gonorrhea","2021","New Mexico","35","20-24","1,064","756.9"
"Gonorrhea","2021","New Mexico","35","25-29","1,066","764.0"
"Primary and Secondary Syphilis","2021","New Mexico","35","15-19","22","15.4"
"Primary and Secondary Syphilis","2021","New Mexico","35","20-24","81","57.6"
"Primary and Secondary Syphilis","2021","New Mexico","35","25-29","139","99.6"
"Chlamydia","2021","New York","36","15-19","20,563","1701.7"
"Chlamydia","2021","New York","36","20-24","32,717","2626.8"
"Chlamydia","2021","New York","36","25-29","20,131","1462.1"
"Gonorrhea","2021","New York","36","15-19","4,843","400.8"
"Gonorrhea","2021","New York","36","20-24","9,768","784.3"
"Gonorrhea","2021","New York","36","25-29","9,557","694.1"
"Primary and Secondary Syphilis","2021","New York","36","15-19","119","9.8"
"Primary and Secondary Syphilis","2021","New York","36","20-24","397","31.9"
"Primary and Secondary Syphilis","2021","New York","36","25-29","613","44.5"
"Chlamydia","2021","North Carolina","37","15-19","16,110","2308.8"
"Chlamydia","2021","North Carolina","37","20-24","23,999","3421.8"
"Chlamydia","2021","North Carolina","37","25-29","11,834","1688.7"
"Gonorrhea","2021","North Carolina","37","15-19","4,599","659.1"
"Gonorrhea","2021","North Carolina","37","20-24","8,577","1222.9"
"Gonorrhea","2021","North Carolina","37","25-29","6,050","863.3"
"Primary and Secondary Syphilis","2021","North Carolina","37","15-19","76","10.9"
"Primary and Secondary Syphilis","2021","North Carolina","37","20-24","303","43.2"
"Primary and Secondary Syphilis","2021","North Carolina","37","25-29","378","53.9"
"Chlamydia","2021","North Dakota","38","15-19","873","1710.5"
"Chlamydia","2021","North Dakota","38","20-24","1,520","2456.9"
"Chlamydia","2021","North Dakota","38","25-29","731","1312.7"
"Gonorrhea","2021","North Dakota","38","15-19","195","382.1"
"Gonorrhea","2021","North Dakota","38","20-24","375","606.1"
"Gonorrhea","2021","North Dakota","38","25-29","390","700.4"
"Primary and Secondary Syphilis","2021","North Dakota","38","15-19","3","5.9"
"Primary and Secondary Syphilis","2021","North Dakota","38","20-24","7","11.3"
"Primary and Secondary Syphilis","2021","North Dakota","38","25-29","12","21.5"
"Chlamydia","2021","Ohio","39","15-19","15,496","2025.7"
"Chlamydia","2021","Ohio","39","20-24","20,538","2744.0"
"Chlamydia","2021","Ohio","39","25-29","9,995","1298.8"
"Gonorrhea","2021","Ohio","39","15-19","5,033","657.9"
"Gonorrhea","2021","Ohio","39","20-24","7,983","1066.6"
"Gonorrhea","2021","Ohio","39","25-29","5,637","732.5"
"Primary and Secondary Syphilis","2021","Ohio","39","15-19","54","7.1"
"Primary and Secondary Syphilis","2021","Ohio","39","20-24","246","32.9"
"Primary and Secondary Syphilis","2021","Ohio","39","25-29","332","43.1"
"Chlamydia","2021","Oklahoma","40","15-19","5,455","2004.6"
"Chlamydia","2021","Oklahoma","40","20-24","7,682","2773.7"
"Chlamydia","2021","Oklahoma","40","25-29","3,455","1294.5"
"Gonorrhea","2021","Oklahoma","40","15-19","1,535","564.1"
"Gonorrhea","2021","Oklahoma","40","20-24","2,729","985.3"
"Gonorrhea","2021","Oklahoma","40","25-29","1,936","725.4"
"Primary and Secondary Syphilis","2021","Oklahoma","40","15-19","52","19.1"
"Primary and Secondary Syphilis","2021","Oklahoma","40","20-24","160","57.8"
"Primary and Secondary Syphilis","2021","Oklahoma","40","25-29","241","90.3"
"Chlamydia","2021","Oregon","41","15-19","3,220","1282.9"
"Chlamydia","2021","Oregon","41","20-24","5,209","2004.1"
"Chlamydia","2021","Oregon","41","25-29","2,858","992.0"
"Gonorrhea","2021","Oregon","41","15-19","427","170.1"
"Gonorrhea","2021","Oregon","41","20-24","1,208","464.8"
"Gonorrhea","2021","Oregon","41","25-29","1,246","432.5"
"Primary and Secondary Syphilis","2021","Oregon","41","15-19","16","6.4"
"Primary and Secondary Syphilis","2021","Oregon","41","20-24","114","43.9"
"Primary and Secondary Syphilis","2021","Oregon","41","25-29","140","48.6"
"Chlamydia","2021","Pennsylvania","42","15-19","13,986","1704.8"
"Chlamydia","2021","Pennsylvania","42","20-24","19,333","2437.5"
"Chlamydia","2021","Pennsylvania","42","25-29","9,535","1158.0"
"Gonorrhea","2021","Pennsylvania","42","15-19","3,527","429.9"
"Gonorrhea","2021","Pennsylvania","42","20-24","5,136","647.5"
"Gonorrhea","2021","Pennsylvania","42","25-29","3,842","466.6"
"Primary and Secondary Syphilis","2021","Pennsylvania","42","15-19","62","7.6"
"Primary and Secondary Syphilis","2021","Pennsylvania","42","20-24","197","24.8"
"Primary and Secondary Syphilis","2021","Pennsylvania","42","25-29","293","35.6"
"Chlamydia","2021","Rhode Island","44","15-19","1,097","1499.8"
"Chlamydia","2021","Rhode Island","44","20-24","1,665","2200.0"
"Chlamydia","2021","Rhode Island","44","25-29","913","1235.1"
"Gonorrhea","2021","Rhode Island","44","15-19","180","246.1"
"Gonorrhea","2021","Rhode Island","44","20-24","423","558.9"
"Gonorrhea","2021","Rhode Island","44","25-29","385","520.8"
"Primary and Secondary Syphilis","2021","Rhode Island","44","15-19","10","13.7"
"Primary and Secondary Syphilis","2021","Rhode Island","44","20-24","28","37.0"
"Primary and Secondary Syphilis","2021","Rhode Island","44","25-29","43","58.2"
"Chlamydia","2021","South Carolina","45","15-19","9,694","2926.3"
"Chlamydia","2021","South Carolina","45","20-24","13,600","4118.7"
"Chlamydia","2021","South Carolina","45","25-29","6,493","1975.0"
"Gonorrhea","2021","South Carolina","45","15-19","2,868","865.8"
"Gonorrhea","2021","South Carolina","45","20-24","4,802","1454.3"
"Gonorrhea","2021","South Carolina","45","25-29","3,337","1015.0"
"Primary and Secondary Syphilis","2021","South Carolina","45","15-19","33","10.0"
"Primary and Secondary Syphilis","2021","South Carolina","45","20-24","135","40.9"
"Primary and Secondary Syphilis","2021","South Carolina","45","25-29","190","57.8"
"Chlamydia","2021","South Dakota","46","15-19","1,172","1923.5"
"Chlamydia","2021","South Dakota","46","20-24","1,625","2740.1"
"Chlamydia","2021","South Dakota","46","25-29","890","1582.3"
"Gonorrhea","2021","South Dakota","46","15-19","424","695.9"
"Gonorrhea","2021","South Dakota","46","20-24","659","1111.2"
"Gonorrhea","2021","South Dakota","46","25-29","694","1233.8"
"Primary and Secondary Syphilis","2021","South Dakota","46","15-19","23","37.7"
"Primary and Secondary Syphilis","2021","South Dakota","46","20-24","58","97.8"
"Primary and Secondary Syphilis","2021","South Dakota","46","25-29","100","177.8"
"Chlamydia","2021","Tennessee","47","15-19","9,802","2240.7"
"Chlamydia","2021","Tennessee","47","20-24","14,627","3254.4"
"Chlamydia","2021","Tennessee","47","25-29","7,492","1557.4"
"Gonorrhea","2021","Tennessee","47","15-19","3,164","723.3"
"Gonorrhea","2021","Tennessee","47","20-24","5,362","1193.0"
"Gonorrhea","2021","Tennessee","47","25-29","4,056","843.1"
"Primary and Secondary Syphilis","2021","Tennessee","47","15-19","56","12.8"
"Primary and Secondary Syphilis","2021","Tennessee","47","20-24","133","29.6"
"Primary and Secondary Syphilis","2021","Tennessee","47","25-29","192","39.9"
"Chlamydia","2021","Texas","48","15-19","35,472","1673.1"
"Chlamydia","2021","Texas","48","20-24","53,805","2649.5"
"Chlamydia","2021","Texas","48","25-29","28,306","1345.3"
"Gonorrhea","2021","Texas","48","15-19","10,866","512.5"
"Gonorrhea","2021","Texas","48","20-24","18,354","903.8"
"Gonorrhea","2021","Texas","48","25-29","13,391","636.4"
"Primary and Secondary Syphilis","2021","Texas","48","15-19","218","10.3"
"Primary and Secondary Syphilis","2021","Texas","48","20-24","702","34.6"
"Primary and Secondary Syphilis","2021","Texas","48","25-29","827","39.3"
"Chlamydia","2021","Utah","49","15-19","2,387","882.9"
"Chlamydia","2021","Utah","49","20-24","4,067","1467.9"
"Chlamydia","2021","Utah","49","25-29","2,092","823.0"
"Gonorrhea","2021","Utah","49","15-19","351","129.8"
"Gonorrhea","2021","Utah","49","20-24","754","272.1"
"Gonorrhea","2021","Utah","49","25-29","756","297.4"
"Primary and Secondary Syphilis","2021","Utah","49","15-19","4","1.5"
"Primary and Secondary Syphilis","2021","Utah","49","20-24","28","10.1"
"Primary and Secondary Syphilis","2021","Utah","49","25-29","32","12.6"
"Chlamydia","2021","Vermont","50","15-19","202","472.4"
"Chlamydia","2021","Vermont","50","20-24","357","787.0"
"Chlamydia","2021","Vermont","50","25-29","164","425.8"
"Gonorrhea","2021","Vermont","50","15-19","13","30.4"
"Gonorrhea","2021","Vermont","50","20-24","34","75.0"
"Gonorrhea","2021","Vermont","50","25-29","33","85.7"
"Primary and Secondary Syphilis","2021","Vermont","50","15-19","0","0.0"
"Primary and Secondary Syphilis","2021","Vermont","50","20-24","1","2.2"
"Primary and Secondary Syphilis","2021","Vermont","50","25-29","0","0.0"
"Chlamydia","2021","Virginia","51","15-19","4,769","856.7"
"Chlamydia","2021","Virginia","51","20-24","17,302","3022.6"
"Chlamydia","2021","Virginia","51","25-29","9,162","1575.5"
"Gonorrhea","2021","Virginia","51","15-19","1,050","188.6"
"Gonorrhea","2021","Virginia","51","20-24","4,217","736.7"
"Gonorrhea","2021","Virginia","51","25-29","3,295","566.6"
"Primary and Secondary Syphilis","2021","Virginia","51","15-19","14","2.5"
"Primary and Secondary Syphilis","2021","Virginia","51","20-24","104","18.2"
"Primary and Secondary Syphilis","2021","Virginia","51","25-29","128","22.0"
"Chlamydia","2021","Washington","53","15-19","5,801","1262.1"
"Chlamydia","2021","Washington","53","20-24","10,388","2178.6"
"Chlamydia","2021","Washington","53","25-29","5,657","1003.0"
"Gonorrhea","2021","Washington","53","15-19","907","197.3"
"Gonorrhea","2021","Washington","53","20-24","2,219","465.4"
"Gonorrhea","2021","Washington","53","25-29","2,296","407.1"
"Primary and Secondary Syphilis","2021","Washington","53","15-19","33","7.2"
"Primary and Secondary Syphilis","2021","Washington","53","20-24","154","32.3"
"Primary and Secondary Syphilis","2021","Washington","53","25-29","240","42.6"
"Chlamydia","2021","West Virginia","54","15-19","1,320","1227.3"
"Chlamydia","2021","West Virginia","54","20-24","2,129","1925.8"
"Chlamydia","2021","West Virginia","54","25-29","835","788.8"
"Gonorrhea","2021","West Virginia","54","15-19","191","177.6"
"Gonorrhea","2021","West Virginia","54","20-24","403","364.5"
"Gonorrhea","2021","West Virginia","54","25-29","337","318.4"
"Primary and Secondary Syphilis","2021","West Virginia","54","15-19","8","7.4"
"Primary and Secondary Syphilis","2021","West Virginia","54","20-24","24","21.7"
"Primary and Secondary Syphilis","2021","West Virginia","54","25-29","39","36.8"
"Chlamydia","2021","Wisconsin","55","15-19","7,073","1825.8"
"Chlamydia","2021","Wisconsin","55","20-24","10,355","2631.6"
"Chlamydia","2021","Wisconsin","55","25-29","5,175","1387.6"
"Gonorrhea","2021","Wisconsin","55","15-19","2,136","551.4"
"Gonorrhea","2021","Wisconsin","55","20-24","2,720","691.2"
"Gonorrhea","2021","Wisconsin","55","25-29","2,071","555.3"
"Primary and Secondary Syphilis","2021","Wisconsin","55","15-19","27","7.0"
"Primary and Secondary Syphilis","2021","Wisconsin","55","20-24","108","27.4"
"Primary and Secondary Syphilis","2021","Wisconsin","55","25-29","143","38.3"
"Chlamydia","2021","Wyoming","56","15-19","578","1511.9"
"Chlamydia","2021","Wyoming","56","20-24","795","2111.8"
"Chlamydia","2021","Wyoming","56","25-29","327","922.1"
"Gonorrhea","2021","Wyoming","56","15-19","54","141.2"
"Gonorrhea","2021","Wyoming","56","20-24","142","377.2"
"Gonorrhea","2021","Wyoming","56","25-29","99","279.2"
"Primary and Secondary Syphilis","2021","Wyoming","56","15-19","0","0.0"
"Primary and Secondary Syphilis","2021","Wyoming","56","20-24","5","13.3"
"Primary and Secondary Syphilis","2021","Wyoming","56","25-29","2","5.6"
"Chlamydia","2020 (COVID-19 Pandemic)","Alabama","01","15-19","7,979","2463.1"
"Chlamydia","2020 (COVID-19 Pandemic)","Alabama","01","20-24","10,270","3154.1"
"Chlamydia","2020 (COVID-19 Pandemic)","Alabama","01","25-29","4,662","1402.0"
"Gonorrhea","2020 (COVID-19 Pandemic)","Alabama","01","15-19","3,004","927.3"
"Gonorrhea","2020 (COVID-19 Pandemic)","Alabama","01","20-24","4,562","1401.1"
"Gonorrhea","2020 (COVID-19 Pandemic)","Alabama","01","25-29","2,947","886.2"
"Primary and Secondary Syphilis","2020 (COVID-19 Pandemic)","Alabama","01","15-19","29","9.0"
"Primary and Secondary Syphilis","2020 (COVID-19 Pandemic)","Alabama","01","20-24","105","32.2"
"Primary and Secondary Syphilis","2020 (COVID-19 Pandemic)","Alabama","01","25-29","118","35.5"
"Chlamydia","2020 (COVID-19 Pandemic)","Alaska","02","15-19","1,039","2269.8"
"Chlamydia","2020 (COVID-19 Pandemic)","Alaska","02","20-24","1,696","3380.4"
"Chlamydia","2020 (COVID-19 Pandemic)","Alaska","02","25-29","976","1693.4"
"Gonorrhea","2020 (COVID-19 Pandemic)","Alaska","02","15-19","227","495.9"
"Gonorrhea","2020 (COVID-19 Pandemic)","Alaska","02","20-24","498","992.6"
"Gonorrhea","2020 (COVID-19 Pandemic)","Alaska","02","25-29","396","687.1"
"Primary and Secondary Syphilis","2020 (COVID-19 Pandemic)","Alaska","02","15-19","4","8.7"
"Primary and Secondary Syphilis","2020 (COVID-19 Pandemic)","Alaska","02","20-24","22","43.9"
"Primary and Secondary Syphilis","2020 (COVID-19 Pandemic)","Alaska","02","25-29","28","48.6"
"Chlamydia","2020 (COVID-19 Pandemic)","Arizona","04","15-19","8,218","1727.7"
"Chlamydia","2020 (COVID-19 Pandemic)","Arizona","04","20-24","13,697","2850.8"
"Chlamydia","2020 (COVID-19 Pandemic)","Arizona","04","25-29","7,235","1447.3"
"Gonorrhea","2020 (COVID-19 Pandemic)","Arizona","04","15-19","2,112","444.0"
"Gonorrhea","2020 (COVID-19 Pandemic)","Arizona","04","20-24","4,007","834.0"
"Gonorrhea","2020 (COVID-19 Pandemic)","Arizona","04","25-29","3,468","693.8"
"Primary and Secondary Syphilis","2020 (COVID-19 Pandemic)","Arizona","04","15-19","76","16.0"
"Primary and Secondary Syphilis","2020 (COVID-19 Pandemic)","Arizona","04","20-24","230","47.9"
"Primary and Secondary Syphilis","2020 (COVID-19 Pandemic)","Arizona","04","25-29","285","57.0"
"Chlamydia","2020 (COVID-19 Pandemic)","Arkansas","05","15-19","4,887","2444.3"
"Chlamydia","2020 (COVID-19 Pandemic)","Arkansas","05","20-24","6,003","3042.0"
"Chlamydia","2020 (COVID-19 Pandemic)","Arkansas","05","25-29","2,649","1340.3"
"Gonorrhea","2020 (COVID-19 Pandemic)","Arkansas","05","15-19","1,641","820.8"
"Gonorrhea","2020 (COVID-19 Pandemic)","Arkansas","05","20-24","2,429","1230.9"
"Gonorrhea","2020 (COVID-19 Pandemic)","Arkansas","05","25-29","1,480","748.8"
"Primary and Secondary Syphilis","2020 (COVID-19 Pandemic)","Arkansas","05","15-19","37","18.5"
"Primary and Secondary Syphilis","2020 (COVID-19 Pandemic)","Arkansas","05","20-24","85","43.1"
"Primary and Secondary Syphilis","2020 (COVID-19 Pandemic)","Arkansas","05","25-29","105","53.1"
"Chlamydia","2020 (COVID-19 Pandemic)","California","06","15-19","30,006","1163.0"
"Chlamydia","2020 (COVID-19 Pandemic)","California","06","20-24","61,635","2384.1"
"Chlamydia","2020 (COVID-19 Pandemic)","California","06","25-29","38,291","1289.6"
"Gonorrhea","2020 (COVID-19 Pandemic)","California","06","15-19","6,822","264.4"
"Gonorrhea","2020 (COVID-19 Pandemic)","California","06","20-24","17,083","660.8"
"Gonorrhea","2020 (COVID-19 Pandemic)","California","06","25-29","17,781","598.9"
"Primary and Secondary Syphilis","2020 (COVID-19 Pandemic)","California","06","15-19","257","10.0"
"Primary and Secondary Syphilis","2020 (COVID-19 Pandemic)","California","06","20-24","1,043","40.3"
"Primary and Secondary Syphilis","2020 (COVID-19 Pandemic)","California","06","25-29","1,565","52.7"
"Chlamydia","2020 (COVID-19 Pandemic)","Colorado","08","15-19","6,472","1740.6"
"Chlamydia","2020 (COVID-19 Pandemic)","Colorado","08","20-24","9,196","2463.2"
"Chlamydia","2020 (COVID-19 Pandemic)","Colorado","08","25-29","4,726","1054.3"
"Gonorrhea","2020 (COVID-19 Pandemic)","Colorado","08","15-19","1,386","372.8"
"Gonorrhea","2020 (COVID-19 Pandemic)","Colorado","08","20-24","2,249","602.4"
"Gonorrhea","2020 (COVID-19 Pandemic)","Colorado","08","25-29","1,934","431.4"
"Primary and Secondary Syphilis","2020 (COVID-19 Pandemic)","Colorado","08","15-19","27","7.3"
"Primary and Secondary Syphilis","2020 (COVID-19 Pandemic)","Colorado","08","20-24","77","20.6"
"Primary and Secondary Syphilis","2020 (COVID-19 Pandemic)","Colorado","08","25-29","140","31.2"
"Chlamydia","2020 (COVID-19 Pandemic)","Connecticut","09","15-19","3,098","1272.0"
"Chlamydia","2020 (COVID-19 Pandemic)","Connecticut","09","20-24","4,731","1980.5"
"Chlamydia","2020 (COVID-19 Pandemic)","Connecticut","09","25-29","2,330","1044.2"
"Gonorrhea","2020 (COVID-19 Pandemic)","Connecticut","09","15-19","600","246.4"
"Gonorrhea","2020 (COVID-19 Pandemic)","Connecticut","09","20-24","1,243","520.3"
"Gonorrhea","2020 (COVID-19 Pandemic)","Connecticut","09","25-29","997","446.8"
"Primary and Secondary Syphilis","2020 (COVID-19 Pandemic)","Connecticut","09","15-19","12","4.9"
"Primary and Secondary Syphilis","2020 (COVID-19 Pandemic)","Connecticut","09","20-24","36","15.1"
"Primary and Secondary Syphilis","2020 (COVID-19 Pandemic)","Connecticut","09","25-29","53","23.8"
"Chlamydia","2020 (COVID-19 Pandemic)","Delaware","10","15-19","1,321","2129.4"
"Chlamydia","2020 (COVID-19 Pandemic)","Delaware","10","20-24","1,835","3213.0"
"Chlamydia","2020 (COVID-19 Pandemic)","Delaware","10","25-29","839","1326.7"
"Gonorrhea","2020 (COVID-19 Pandemic)","Delaware","10","15-19","196","316.0"
"Gonorrhea","2020 (COVID-19 Pandemic)","Delaware","10","20-24","412","721.4"
"Gonorrhea","2020 (COVID-19 Pandemic)","Delaware","10","25-29","307","485.4"
"Primary and Secondary Syphilis","2020 (COVID-19 Pandemic)","Delaware","10","15-19","4","6.4"
"Primary and Secondary Syphilis","2020 (COVID-19 Pandemic)","Delaware","10","20-24","14","24.5"
"Primary and Secondary Syphilis","2020 (COVID-19 Pandemic)","Delaware","10","25-29","18","28.5"
"Chlamydia","2020 (COVID-19 Pandemic)","District of Columbia","11","15-19","1,330","3704.7"
"Chlamydia","2020 (COVID-19 Pandemic)","District of Columbia","11","20-24","1,750","3572.7"
"Chlamydia","2020 (COVID-19 Pandemic)","District of Columbia","11","25-29","1,458","1878.1"
"Gonorrhea","2020 (COVID-19 Pandemic)","District of Columbia","11","15-19","455","1267.4"
"Gonorrhea","2020 (COVID-19 Pandemic)","District of Columbia","11","20-24","817","1668.0"
"Gonorrhea","2020 (COVID-19 Pandemic)","District of Columbia","11","25-29","939","1209.5"
"Primary and Secondary Syphilis","2020 (COVID-19 Pandemic)","District of Columbia","11","15-19","7","19.5"
"Primary and Secondary Syphilis","2020 (COVID-19 Pandemic)","District of Columbia","11","20-24","29","59.2"
"Primary and Secondary Syphilis","2020 (COVID-19 Pandemic)","District of Columbia","11","25-29","51","65.7"
"Chlamydia","2020 (COVID-19 Pandemic)","Florida","12","15-19","25,157","2058.9"
"Chlamydia","2020 (COVID-19 Pandemic)","Florida","12","20-24","35,849","2889.5"
"Chlamydia","2020 (COVID-19 Pandemic)","Florida","12","25-29","18,559","1362.3"
"Gonorrhea","2020 (COVID-19 Pandemic)","Florida","12","15-19","6,472","529.7"
"Gonorrhea","2020 (COVID-19 Pandemic)","Florida","12","20-24","11,204","903.1"
"Gonorrhea","2020 (COVID-19 Pandemic)","Florida","12","25-29","8,535","626.5"
"Primary and Secondary Syphilis","2020 (COVID-19 Pandemic)","Florida","12","15-19","171","14.0"
"Primary and Secondary Syphilis","2020 (COVID-19 Pandemic)","Florida","12","20-24","556","44.8"
"Primary and Secondary Syphilis","2020 (COVID-19 Pandemic)","Florida","12","25-29","646","47.4"
"Chlamydia","2020 (COVID-19 Pandemic)","Georgia","13","15-19","17,143","2293.4"
"Chlamydia","2020 (COVID-19 Pandemic)","Georgia","13","20-24","23,033","3218.7"
"Chlamydia","2020 (COVID-19 Pandemic)","Georgia","13","25-29","11,478","1531.2"
"Gonorrhea","2020 (COVID-19 Pandemic)","Georgia","13","15-19","3,464","463.4"
"Gonorrhea","2020 (COVID-19 Pandemic)","Georgia","13","20-24","6,683","933.9"
"Gonorrhea","2020 (COVID-19 Pandemic)","Georgia","13","25-29","5,331","711.2"
"Primary and Secondary Syphilis","2020 (COVID-19 Pandemic)","Georgia","13","15-19","70","9.4"
"Primary and Secondary Syphilis","2020 (COVID-19 Pandemic)","Georgia","13","20-24","289","40.4"
"Primary and Secondary Syphilis","2020 (COVID-19 Pandemic)","Georgia","13","25-29","401","53.5"
"Chlamydia","2020 (COVID-19 Pandemic)","Hawaii","15","15-19","1,144","1442.2"
"Chlamydia","2020 (COVID-19 Pandemic)","Hawaii","15","20-24","2,746","3068.9"
"Chlamydia","2020 (COVID-19 Pandemic)","Hawaii","15","25-29","1,427","1422.9"
"Gonorrhea","2020 (COVID-19 Pandemic)","Hawaii","15","15-19","142","179.0"
"Gonorrhea","2020 (COVID-19 Pandemic)","Hawaii","15","20-24","383","428.0"
"Gonorrhea","2020 (COVID-19 Pandemic)","Hawaii","15","25-29","287","286.2"
"Primary and Secondary Syphilis","2020 (COVID-19 Pandemic)","Hawaii","15","15-19","6","7.6"
"Primary and Secondary Syphilis","2020 (COVID-19 Pandemic)","Hawaii","15","20-24","22","24.6"
"Primary and Secondary Syphilis","2020 (COVID-19 Pandemic)","Hawaii","15","25-29","27","26.9"
"Chlamydia","2020 (COVID-19 Pandemic)","Idaho","16","15-19","1,713","1311.7"
"Chlamydia","2020 (COVID-19 Pandemic)","Idaho","16","20-24","2,410","2025.1"
"Chlamydia","2020 (COVID-19 Pandemic)","Idaho","16","25-29","1,032","853.8"
"Gonorrhea","2020 (COVID-19 Pandemic)","Idaho","16","15-19","203","155.4"
"Gonorrhea","2020 (COVID-19 Pandemic)","Idaho","16","20-24","449","377.3"
"Gonorrhea","2020 (COVID-19 Pandemic)","Idaho","16","25-29","288","238.3"
"Primary and Secondary Syphilis","2020 (COVID-19 Pandemic)","Idaho","16","15-19","6","4.6"
"Primary and Secondary Syphilis","2020 (COVID-19 Pandemic)","Idaho","16","20-24","8","6.7"
"Primary and Secondary Syphilis","2020 (COVID-19 Pandemic)","Idaho","16","25-29","18","14.9"
"Chlamydia","2020 (COVID-19 Pandemic)","Illinois","17","15-19","17,368","2055.7"
"Chlamydia","2020 (COVID-19 Pandemic)","Illinois","17","20-24","24,644","2992.8"
"Chlamydia","2020 (COVID-19 Pandemic)","Illinois","17","25-29","13,637","1551.5"
"Gonorrhea","2020 (COVID-19 Pandemic)","Illinois","17","15-19","5,581","660.6"
"Gonorrhea","2020 (COVID-19 Pandemic)","Illinois","17","20-24","8,764","1064.3"
"Gonorrhea","2020 (COVID-19 Pandemic)","Illinois","17","25-29","7,133","811.5"
"Primary and Secondary Syphilis","2020 (COVID-19 Pandemic)","Illinois","17","15-19","54","6.4"
"Primary and Secondary Syphilis","2020 (COVID-19 Pandemic)","Illinois","17","20-24","215","26.1"
"Primary and Secondary Syphilis","2020 (COVID-19 Pandemic)","Illinois","17","25-29","323","36.7"
"Chlamydia","2020 (COVID-19 Pandemic)","Indiana","18","15-19","9,309","1999.0"
"Chlamydia","2020 (COVID-19 Pandemic)","Indiana","18","20-24","12,553","2675.7"
"Chlamydia","2020 (COVID-19 Pandemic)","Indiana","18","25-29","5,974","1314.7"
"Gonorrhea","2020 (COVID-19 Pandemic)","Indiana","18","15-19","2,558","549.3"
"Gonorrhea","2020 (COVID-19 Pandemic)","Indiana","18","20-24","4,214","898.2"
"Gonorrhea","2020 (COVID-19 Pandemic)","Indiana","18","25-29","2,996","659.3"
"Primary and Secondary Syphilis","2020 (COVID-19 Pandemic)","Indiana","18","15-19","21","4.5"
"Primary and Secondary Syphilis","2020 (COVID-19 Pandemic)","Indiana","18","20-24","100","21.3"
"Primary and Secondary Syphilis","2020 (COVID-19 Pandemic)","Indiana","18","25-29","117","25.7"
"Chlamydia","2020 (COVID-19 Pandemic)","Iowa","19","15-19","4,078","1865.5"
"Chlamydia","2020 (COVID-19 Pandemic)","Iowa","19","20-24","5,836","2599.9"
"Chlamydia","2020 (COVID-19 Pandemic)","Iowa","19","25-29","2,482","1223.5"
"Gonorrhea","2020 (COVID-19 Pandemic)","Iowa","19","15-19","1,004","459.3"
"Gonorrhea","2020 (COVID-19 Pandemic)","Iowa","19","20-24","1,823","812.1"
"Gonorrhea","2020 (COVID-19 Pandemic)","Iowa","19","25-29","1,455","717.2"
"Primary and Secondary Syphilis","2020 (COVID-19 Pandemic)","Iowa","19","15-19","4","1.8"
"Primary and Secondary Syphilis","2020 (COVID-19 Pandemic)","Iowa","19","20-24","40","17.8"
"Primary and Secondary Syphilis","2020 (COVID-19 Pandemic)","Iowa","19","25-29","46","22.7"
"Chlamydia","2020 (COVID-19 Pandemic)","Kansas","20","15-19","4,218","2054.4"
"Chlamydia","2020 (COVID-19 Pandemic)","Kansas","20","20-24","5,670","2693.9"
"Chlamydia","2020 (COVID-19 Pandemic)","Kansas","20","25-29","2,417","1254.0"
"Gonorrhea","2020 (COVID-19 Pandemic)","Kansas","20","15-19","1,052","512.4"
"Gonorrhea","2020 (COVID-19 Pandemic)","Kansas","20","20-24","1,664","790.6"
"Gonorrhea","2020 (COVID-19 Pandemic)","Kansas","20","25-29","1,056","547.9"
"Primary and Secondary Syphilis","2020 (COVID-19 Pandemic)","Kansas","20","15-19","5","2.4"
"Primary and Secondary Syphilis","2020 (COVID-19 Pandemic)","Kansas","20","20-24","26","12.4"
"Primary and Secondary Syphilis","2020 (COVID-19 Pandemic)","Kansas","20","25-29","36","18.7"
"Chlamydia","2020 (COVID-19 Pandemic)","Kentucky","21","15-19","4,884","1668.7"
"Chlamydia","2020 (COVID-19 Pandemic)","Kentucky","21","20-24","7,004","2362.2"
"Chlamydia","2020 (COVID-19 Pandemic)","Kentucky","21","25-29","3,378","1121.7"
"Gonorrhea","2020 (COVID-19 Pandemic)","Kentucky","21","15-19","1,215","415.1"
"Gonorrhea","2020 (COVID-19 Pandemic)","Kentucky","21","20-24","2,342","789.9"
"Gonorrhea","2020 (COVID-19 Pandemic)","Kentucky","21","25-29","1,765","586.1"
"Primary and Secondary Syphilis","2020 (COVID-19 Pandemic)","Kentucky","21","15-19","14","4.8"
"Primary and Secondary Syphilis","2020 (COVID-19 Pandemic)","Kentucky","21","20-24","74","25.0"
"Primary and Secondary Syphilis","2020 (COVID-19 Pandemic)","Kentucky","21","25-29","73","24.2"
"Chlamydia","2020 (COVID-19 Pandemic)","Louisiana","22","15-19","10,456","3501.4"
"Chlamydia","2020 (COVID-19 Pandemic)","Louisiana","22","20-24","12,074","4021.9"
"Chlamydia","2020 (COVID-19 Pandemic)","Louisiana","22","25-29","5,306","1656.0"
"Gonorrhea","2020 (COVID-19 Pandemic)","Louisiana","22","15-19","3,463","1159.7"
"Gonorrhea","2020 (COVID-19 Pandemic)","Louisiana","22","20-24","4,861","1619.2"
"Gonorrhea","2020 (COVID-19 Pandemic)","Louisiana","22","25-29","2,904","906.3"
"Primary and Secondary Syphilis","2020 (COVID-19 Pandemic)","Louisiana","22","15-19","64","21.4"
"Primary and Secondary Syphilis","2020 (COVID-19 Pandemic)","Louisiana","22","20-24","146","48.6"
"Primary and Secondary Syphilis","2020 (COVID-19 Pandemic)","Louisiana","22","25-29","154","48.1"
"Chlamydia","2020 (COVID-19 Pandemic)","Maine","23","15-19","371","467.2"
"Chlamydia","2020 (COVID-19 Pandemic)","Maine","23","20-24","575","772.4"
"Chlamydia","2020 (COVID-19 Pandemic)","Maine","23","25-29","275","343.9"
"Gonorrhea","2020 (COVID-19 Pandemic)","Maine","23","15-19","57","71.8"
"Gonorrhea","2020 (COVID-19 Pandemic)","Maine","23","20-24","135","181.3"
"Gonorrhea","2020 (COVID-19 Pandemic)","Maine","23","25-29","115","143.8"
"Primary and Secondary Syphilis","2020 (COVID-19 Pandemic)","Maine","23","15-19","1","1.3"
"Primary and Secondary Syphilis","2020 (COVID-19 Pandemic)","Maine","23","20-24","3","4.0"
"Primary and Secondary Syphilis","2020 (COVID-19 Pandemic)","Maine","23","25-29","5","6.3"
"Chlamydia","2020 (COVID-19 Pandemic)","Maryland","24","15-19","9,005","2288.8"
"Chlamydia","2020 (COVID-19 Pandemic)","Maryland","24","20-24","11,840","3184.7"
"Chlamydia","2020 (COVID-19 Pandemic)","Maryland","24","25-29","5,653","1397.7"
"Gonorrhea","2020 (COVID-19 Pandemic)","Maryland","24","15-19","1,862","473.3"
"Gonorrhea","2020 (COVID-19 Pandemic)","Maryland","24","20-24","3,304","888.7"
"Gonorrhea","2020 (COVID-19 Pandemic)","Maryland","24","25-29","2,581","638.1"
"Primary and Secondary Syphilis","2020 (COVID-19 Pandemic)","Maryland","24","15-19","39","9.9"
"Primary and Secondary Syphilis","2020 (COVID-19 Pandemic)","Maryland","24","20-24","127","34.2"
"Primary and Secondary Syphilis","2020 (COVID-19 Pandemic)","Maryland","24","25-29","177","43.8"
"Chlamydia","2020 (COVID-19 Pandemic)","Massachusetts","25","15-19","5,246","1128.6"
"Chlamydia","2020 (COVID-19 Pandemic)","Massachusetts","25","20-24","9,427","1941.4"
"Chlamydia","2020 (COVID-19 Pandemic)","Massachusetts","25","25-29","4,950","991.0"
"Gonorrhea","2020 (COVID-19 Pandemic)","Massachusetts","25","15-19","815","175.3"
"Gonorrhea","2020 (COVID-19 Pandemic)","Massachusetts","25","20-24","1,875","386.1"
"Gonorrhea","2020 (COVID-19 Pandemic)","Massachusetts","25","25-29","1,652","330.7"
"Primary and Secondary Syphilis","2020 (COVID-19 Pandemic)","Massachusetts","25","15-19","23","4.9"
"Primary and Secondary Syphilis","2020 (COVID-19 Pandemic)","Massachusetts","25","20-24","86","17.7"
"Primary and Secondary Syphilis","2020 (COVID-19 Pandemic)","Massachusetts","25","25-29","129","25.8"
"Chlamydia","2020 (COVID-19 Pandemic)","Michigan","26","15-19","12,244","1867.0"
"Chlamydia","2020 (COVID-19 Pandemic)","Michigan","26","20-24","16,898","2512.0"
"Chlamydia","2020 (COVID-19 Pandemic)","Michigan","26","25-29","8,137","1197.5"
"Gonorrhea","2020 (COVID-19 Pandemic)","Michigan","26","15-19","4,050","617.5"
"Gonorrhea","2020 (COVID-19 Pandemic)","Michigan","26","20-24","6,809","1012.2"
"Gonorrhea","2020 (COVID-19 Pandemic)","Michigan","26","25-29","5,306","780.8"
"Primary and Secondary Syphilis","2020 (COVID-19 Pandemic)","Michigan","26","15-19","28","4.3"
"Primary and Secondary Syphilis","2020 (COVID-19 Pandemic)","Michigan","26","20-24","122","18.1"
"Primary and Secondary Syphilis","2020 (COVID-19 Pandemic)","Michigan","26","25-29","178","26.2"
"Chlamydia","2020 (COVID-19 Pandemic)","Minnesota","27","15-19","5,573","1497.1"
"Chlamydia","2020 (COVID-19 Pandemic)","Minnesota","27","20-24","8,070","2286.2"
"Chlamydia","2020 (COVID-19 Pandemic)","Minnesota","27","25-29","3,908","1049.4"
"Gonorrhea","2020 (COVID-19 Pandemic)","Minnesota","27","15-19","1,678","450.8"
"Gonorrhea","2020 (COVID-19 Pandemic)","Minnesota","27","20-24","2,564","726.4"
"Gonorrhea","2020 (COVID-19 Pandemic)","Minnesota","27","25-29","2,106","565.5"
"Primary and Secondary Syphilis","2020 (COVID-19 Pandemic)","Minnesota","27","15-19","13","3.5"
"Primary and Secondary Syphilis","2020 (COVID-19 Pandemic)","Minnesota","27","20-24","69","19.5"
"Primary and Secondary Syphilis","2020 (COVID-19 Pandemic)","Minnesota","27","25-29","76","20.4"
"Chlamydia","2020 (COVID-19 Pandemic)","Mississippi","28","15-19","7,312","3603.9"
"Chlamydia","2020 (COVID-19 Pandemic)","Mississippi","28","20-24","9,091","4599.4"
"Chlamydia","2020 (COVID-19 Pandemic)","Mississippi","28","25-29","4,158","2107.3"
"Gonorrhea","2020 (COVID-19 Pandemic)","Mississippi","28","15-19","3,087","1521.5"
"Gonorrhea","2020 (COVID-19 Pandemic)","Mississippi","28","20-24","4,532","2292.9"
"Gonorrhea","2020 (COVID-19 Pandemic)","Mississippi","28","25-29","2,792","1415.0"
"Primary and Secondary Syphilis","2020 (COVID-19 Pandemic)","Mississippi","28","15-19","75","37.0"
"Primary and Secondary Syphilis","2020 (COVID-19 Pandemic)","Mississippi","28","20-24","185","93.6"
"Primary and Secondary Syphilis","2020 (COVID-19 Pandemic)","Mississippi","28","25-29","178","90.2"
"Chlamydia","2020 (COVID-19 Pandemic)","Missouri","29","15-19","9,139","2302.6"
"Chlamydia","2020 (COVID-19 Pandemic)","Missouri","29","20-24","11,586","2899.3"
"Chlamydia","2020 (COVID-19 Pandemic)","Missouri","29","25-29","5,504","1337.8"
"Gonorrhea","2020 (COVID-19 Pandemic)","Missouri","29","15-19","2,843","716.3"
"Gonorrhea","2020 (COVID-19 Pandemic)","Missouri","29","20-24","4,589","1148.4"
"Gonorrhea","2020 (COVID-19 Pandemic)","Missouri","29","25-29","3,576","869.2"
"Primary and Secondary Syphilis","2020 (COVID-19 Pandemic)","Missouri","29","15-19","41","10.3"
"Primary and Secondary Syphilis","2020 (COVID-19 Pandemic)","Missouri","29","20-24","107","26.8"
"Primary and Secondary Syphilis","2020 (COVID-19 Pandemic)","Missouri","29","25-29","176","42.8"
"Chlamydia","2020 (COVID-19 Pandemic)","Montana","30","15-19","1,124","1699.1"
"Chlamydia","2020 (COVID-19 Pandemic)","Montana","30","20-24","1,473","2053.7"
"Chlamydia","2020 (COVID-19 Pandemic)","Montana","30","25-29","661","934.5"
"Gonorrhea","2020 (COVID-19 Pandemic)","Montana","30","15-19","185","279.7"
"Gonorrhea","2020 (COVID-19 Pandemic)","Montana","30","20-24","361","503.3"
"Gonorrhea","2020 (COVID-19 Pandemic)","Montana","30","25-29","348","492.0"
"Primary and Secondary Syphilis","2020 (COVID-19 Pandemic)","Montana","30","15-19","0","0.0"
"Primary and Secondary Syphilis","2020 (COVID-19 Pandemic)","Montana","30","20-24","3","4.2"
"Primary and Secondary Syphilis","2020 (COVID-19 Pandemic)","Montana","30","25-29","11","15.6"
"Chlamydia","2020 (COVID-19 Pandemic)","Nebraska","31","15-19","2,332","1700.7"
"Chlamydia","2020 (COVID-19 Pandemic)","Nebraska","31","20-24","3,561","2632.4"
"Chlamydia","2020 (COVID-19 Pandemic)","Nebraska","31","25-29","1,413","1099.7"
"Gonorrhea","2020 (COVID-19 Pandemic)","Nebraska","31","15-19","507","369.8"
"Gonorrhea","2020 (COVID-19 Pandemic)","Nebraska","31","20-24","976","721.5"
"Gonorrhea","2020 (COVID-19 Pandemic)","Nebraska","31","25-29","682","530.8"
"Primary and Secondary Syphilis","2020 (COVID-19 Pandemic)","Nebraska","31","15-19","8","5.8"
"Primary and Secondary Syphilis","2020 (COVID-19 Pandemic)","Nebraska","31","20-24","24","17.7"
"Primary and Secondary Syphilis","2020 (COVID-19 Pandemic)","Nebraska","31","25-29","21","16.3"
"Chlamydia","2020 (COVID-19 Pandemic)","Nevada","32","15-19","2,855","1530.2"
"Chlamydia","2020 (COVID-19 Pandemic)","Nevada","32","20-24","4,576","2524.4"
"Chlamydia","2020 (COVID-19 Pandemic)","Nevada","32","25-29","2,790","1252.7"
"Gonorrhea","2020 (COVID-19 Pandemic)","Nevada","32","15-19","671","359.6"
"Gonorrhea","2020 (COVID-19 Pandemic)","Nevada","32","20-24","1,370","755.8"
"Gonorrhea","2020 (COVID-19 Pandemic)","Nevada","32","25-29","1,309","587.7"
"Primary and Secondary Syphilis","2020 (COVID-19 Pandemic)","Nevada","32","15-19","23","12.3"
"Primary and Secondary Syphilis","2020 (COVID-19 Pandemic)","Nevada","32","20-24","80","44.1"
"Primary and Secondary Syphilis","2020 (COVID-19 Pandemic)","Nevada","32","25-29","158","70.9"
"Chlamydia","2020 (COVID-19 Pandemic)","New Hampshire","33","15-19","616","718.9"
"Chlamydia","2020 (COVID-19 Pandemic)","New Hampshire","33","20-24","1,241","1426.9"
"Chlamydia","2020 (COVID-19 Pandemic)","New Hampshire","33","25-29","542","627.0"
"Gonorrhea","2020 (COVID-19 Pandemic)","New Hampshire","33","15-19","51","59.5"
"Gonorrhea","2020 (COVID-19 Pandemic)","New Hampshire","33","20-24","97","111.5"
"Gonorrhea","2020 (COVID-19 Pandemic)","New Hampshire","33","25-29","93","107.6"
"Primary and Secondary Syphilis","2020 (COVID-19 Pandemic)","New Hampshire","33","15-19","1","1.2"
"Primary and Secondary Syphilis","2020 (COVID-19 Pandemic)","New Hampshire","33","20-24","6","6.9"
"Primary and Secondary Syphilis","2020 (COVID-19 Pandemic)","New Hampshire","33","25-29","11","12.7"
"Chlamydia","2020 (COVID-19 Pandemic)","New Jersey","34","15-19","7,728","1319.9"
"Chlamydia","2020 (COVID-19 Pandemic)","New Jersey","34","20-24","12,338","2223.3"
"Chlamydia","2020 (COVID-19 Pandemic)","New Jersey","34","25-29","5,965","1015.6"
"Gonorrhea","2020 (COVID-19 Pandemic)","New Jersey","34","15-19","1,766","301.6"
"Gonorrhea","2020 (COVID-19 Pandemic)","New Jersey","34","20-24","2,872","517.5"
"Gonorrhea","2020 (COVID-19 Pandemic)","New Jersey","34","25-29","2,239","381.2"
"Primary and Secondary Syphilis","2020 (COVID-19 Pandemic)","New Jersey","34","15-19","32","5.5"
"Primary and Secondary Syphilis","2020 (COVID-19 Pandemic)","New Jersey","34","20-24","119","21.4"
"Primary and Secondary Syphilis","2020 (COVID-19 Pandemic)","New Jersey","34","25-29","159","27.1"
"Chlamydia","2020 (COVID-19 Pandemic)","New Mexico","35","15-19","2,988","2095.5"
"Chlamydia","2020 (COVID-19 Pandemic)","New Mexico","35","20-24","4,157","2973.3"
"Chlamydia","2020 (COVID-19 Pandemic)","New Mexico","35","25-29","2,194","1540.6"
"Gonorrhea","2020 (COVID-19 Pandemic)","New Mexico","35","15-19","438","307.2"
"Gonorrhea","2020 (COVID-19 Pandemic)","New Mexico","35","20-24","951","680.2"
"Gonorrhea","2020 (COVID-19 Pandemic)","New Mexico","35","25-29","978","686.7"
"Primary and Secondary Syphilis","2020 (COVID-19 Pandemic)","New Mexico","35","15-19","22","15.4"
"Primary and Secondary Syphilis","2020 (COVID-19 Pandemic)","New Mexico","35","20-24","71","50.8"
"Primary and Secondary Syphilis","2020 (COVID-19 Pandemic)","New Mexico","35","25-29","88","61.8"
"Chlamydia","2020 (COVID-19 Pandemic)","New York","36","15-19","21,611","1751.8"
"Chlamydia","2020 (COVID-19 Pandemic)","New York","36","20-24","32,437","2519.7"
"Chlamydia","2020 (COVID-19 Pandemic)","New York","36","25-29","19,578","1337.1"
"Gonorrhea","2020 (COVID-19 Pandemic)","New York","36","15-19","5,814","471.3"
"Gonorrhea","2020 (COVID-19 Pandemic)","New York","36","20-24","10,033","779.4"
"Gonorrhea","2020 (COVID-19 Pandemic)","New York","36","25-29","9,422","643.5"
"Primary and Secondary Syphilis","2020 (COVID-19 Pandemic)","New York","36","15-19","93","7.5"
"Primary and Secondary Syphilis","2020 (COVID-19 Pandemic)","New York","36","20-24","359","27.9"
"Primary and Secondary Syphilis","2020 (COVID-19 Pandemic)","New York","36","25-29","667","45.6"
"Chlamydia","2020 (COVID-19 Pandemic)","North Carolina","37","15-19","17,379","2505.3"
"Chlamydia","2020 (COVID-19 Pandemic)","North Carolina","37","20-24","24,174","3517.2"
"Chlamydia","2020 (COVID-19 Pandemic)","North Carolina","37","25-29","11,928","1690.5"
"Gonorrhea","2020 (COVID-19 Pandemic)","North Carolina","37","15-19","4,716","679.8"
"Gonorrhea","2020 (COVID-19 Pandemic)","North Carolina","37","20-24","8,320","1210.5"
"Gonorrhea","2020 (COVID-19 Pandemic)","North Carolina","37","25-29","6,253","886.2"
"Primary and Secondary Syphilis","2020 (COVID-19 Pandemic)","North Carolina","37","15-19","63","9.1"
"Primary and Secondary Syphilis","2020 (COVID-19 Pandemic)","North Carolina","37","20-24","205","29.8"
"Primary and Secondary Syphilis","2020 (COVID-19 Pandemic)","North Carolina","37","25-29","284","40.3"
"Chlamydia","2020 (COVID-19 Pandemic)","North Dakota","38","15-19","847","1698.9"
"Chlamydia","2020 (COVID-19 Pandemic)","North Dakota","38","20-24","1,331","2119.0"
"Chlamydia","2020 (COVID-19 Pandemic)","North Dakota","38","25-29","651","1111.5"
"Gonorrhea","2020 (COVID-19 Pandemic)","North Dakota","38","15-19","185","371.1"
"Gonorrhea","2020 (COVID-19 Pandemic)","North Dakota","38","20-24","405","644.8"
"Gonorrhea","2020 (COVID-19 Pandemic)","North Dakota","38","25-29","405","691.5"
"Primary and Secondary Syphilis","2020 (COVID-19 Pandemic)","North Dakota","38","15-19","2","4.0"
"Primary and Secondary Syphilis","2020 (COVID-19 Pandemic)","North Dakota","38","20-24","2","3.2"
"Primary and Secondary Syphilis","2020 (COVID-19 Pandemic)","North Dakota","38","25-29","8","13.7"
"Chlamydia","2020 (COVID-19 Pandemic)","Ohio","39","15-19","16,476","2140.2"
"Chlamydia","2020 (COVID-19 Pandemic)","Ohio","39","20-24","22,061","2958.6"
"Chlamydia","2020 (COVID-19 Pandemic)","Ohio","39","25-29","10,733","1370.2"
"Gonorrhea","2020 (COVID-19 Pandemic)","Ohio","39","15-19","5,566","723.0"
"Gonorrhea","2020 (COVID-19 Pandemic)","Ohio","39","20-24","8,933","1198.0"
"Gonorrhea","2020 (COVID-19 Pandemic)","Ohio","39","25-29","6,598","842.3"
"Primary and Secondary Syphilis","2020 (COVID-19 Pandemic)","Ohio","39","15-19","42","5.5"
"Primary and Secondary Syphilis","2020 (COVID-19 Pandemic)","Ohio","39","20-24","177","23.7"
"Primary and Secondary Syphilis","2020 (COVID-19 Pandemic)","Ohio","39","25-29","247","31.5"
"Chlamydia","2020 (COVID-19 Pandemic)","Oklahoma","40","15-19","5,726","2129.2"
"Chlamydia","2020 (COVID-19 Pandemic)","Oklahoma","40","20-24","7,817","2878.3"
"Chlamydia","2020 (COVID-19 Pandemic)","Oklahoma","40","25-29","3,724","1376.3"
"Gonorrhea","2020 (COVID-19 Pandemic)","Oklahoma","40","15-19","1,844","685.7"
"Gonorrhea","2020 (COVID-19 Pandemic)","Oklahoma","40","20-24","2,893","1065.2"
"Gonorrhea","2020 (COVID-19 Pandemic)","Oklahoma","40","25-29","2,299","849.7"
"Primary and Secondary Syphilis","2020 (COVID-19 Pandemic)","Oklahoma","40","15-19","42","15.6"
"Primary and Secondary Syphilis","2020 (COVID-19 Pandemic)","Oklahoma","40","20-24","132","48.6"
"Primary and Secondary Syphilis","2020 (COVID-19 Pandemic)","Oklahoma","40","25-29","166","61.4"
"Chlamydia","2020 (COVID-19 Pandemic)","Oregon","41","15-19","3,566","1424.9"
"Chlamydia","2020 (COVID-19 Pandemic)","Oregon","41","20-24","5,407","2075.8"
"Chlamydia","2020 (COVID-19 Pandemic)","Oregon","41","25-29","2,924","989.7"
"Gonorrhea","2020 (COVID-19 Pandemic)","Oregon","41","15-19","446","178.2"
"Gonorrhea","2020 (COVID-19 Pandemic)","Oregon","41","20-24","1,219","468.0"
"Gonorrhea","2020 (COVID-19 Pandemic)","Oregon","41","25-29","1,364","461.7"
"Primary and Secondary Syphilis","2020 (COVID-19 Pandemic)","Oregon","41","15-19","18","7.2"
"Primary and Secondary Syphilis","2020 (COVID-19 Pandemic)","Oregon","41","20-24","68","26.1"
"Primary and Secondary Syphilis","2020 (COVID-19 Pandemic)","Oregon","41","25-29","105","35.5"
"Chlamydia","2020 (COVID-19 Pandemic)","Pennsylvania","42","15-19","14,232","1724.6"
"Chlamydia","2020 (COVID-19 Pandemic)","Pennsylvania","42","20-24","19,443","2445.8"
"Chlamydia","2020 (COVID-19 Pandemic)","Pennsylvania","42","25-29","9,670","1148.7"
"Gonorrhea","2020 (COVID-19 Pandemic)","Pennsylvania","42","15-19","3,213","389.3"
"Gonorrhea","2020 (COVID-19 Pandemic)","Pennsylvania","42","20-24","4,788","602.3"
"Gonorrhea","2020 (COVID-19 Pandemic)","Pennsylvania","42","25-29","3,928","466.6"
"Primary and Secondary Syphilis","2020 (COVID-19 Pandemic)","Pennsylvania","42","15-19","50","6.1"
"Primary and Secondary Syphilis","2020 (COVID-19 Pandemic)","Pennsylvania","42","20-24","192","24.2"
"Primary and Secondary Syphilis","2020 (COVID-19 Pandemic)","Pennsylvania","42","25-29","221","26.3"
"Chlamydia","2020 (COVID-19 Pandemic)","Rhode Island","44","15-19","1,099","1485.3"
"Chlamydia","2020 (COVID-19 Pandemic)","Rhode Island","44","20-24","1,689","2215.5"
"Chlamydia","2020 (COVID-19 Pandemic)","Rhode Island","44","25-29","829","1098.8"
"Gonorrhea","2020 (COVID-19 Pandemic)","Rhode Island","44","15-19","177","239.2"
"Gonorrhea","2020 (COVID-19 Pandemic)","Rhode Island","44","20-24","353","463.0"
"Gonorrhea","2020 (COVID-19 Pandemic)","Rhode Island","44","25-29","290","384.4"
"Primary and Secondary Syphilis","2020 (COVID-19 Pandemic)","Rhode Island","44","15-19","6","8.1"
"Primary and Secondary Syphilis","2020 (COVID-19 Pandemic)","Rhode Island","44","20-24","11","14.4"
"Primary and Secondary Syphilis","2020 (COVID-19 Pandemic)","Rhode Island","44","25-29","21","27.8"
"Chlamydia","2020 (COVID-19 Pandemic)","South Carolina","45","15-19","9,557","2929.6"
"Chlamydia","2020 (COVID-19 Pandemic)","South Carolina","45","20-24","12,666","3915.7"
"Chlamydia","2020 (COVID-19 Pandemic)","South Carolina","45","25-29","6,118","1823.6"
"Gonorrhea","2020 (COVID-19 Pandemic)","South Carolina","45","15-19","3,062","938.6"
"Gonorrhea","2020 (COVID-19 Pandemic)","South Carolina","45","20-24","5,000","1545.7"
"Gonorrhea","2020 (COVID-19 Pandemic)","South Carolina","45","25-29","3,596","1071.9"
"Primary and Secondary Syphilis","2020 (COVID-19 Pandemic)","South Carolina","45","15-19","25","7.7"
"Primary and Secondary Syphilis","2020 (COVID-19 Pandemic)","South Carolina","45","20-24","130","40.2"
"Primary and Secondary Syphilis","2020 (COVID-19 Pandemic)","South Carolina","45","25-29","133","39.6"
"Chlamydia","2020 (COVID-19 Pandemic)","South Dakota","46","15-19","1,030","1730.8"
"Chlamydia","2020 (COVID-19 Pandemic)","South Dakota","46","20-24","1,483","2536.2"
"Chlamydia","2020 (COVID-19 Pandemic)","South Dakota","46","25-29","703","1248.9"
"Gonorrhea","2020 (COVID-19 Pandemic)","South Dakota","46","15-19","318","534.4"
"Gonorrhea","2020 (COVID-19 Pandemic)","South Dakota","46","20-24","576","985.1"
"Gonorrhea","2020 (COVID-19 Pandemic)","South Dakota","46","25-29","496","881.1"
"Primary and Secondary Syphilis","2020 (COVID-19 Pandemic)","South Dakota","46","15-19","1","1.7"
"Primary and Secondary Syphilis","2020 (COVID-19 Pandemic)","South Dakota","46","20-24","8","13.7"
"Primary and Secondary Syphilis","2020 (COVID-19 Pandemic)","South Dakota","46","25-29","16","28.4"
"Chlamydia","2020 (COVID-19 Pandemic)","Tennessee","47","15-19","10,315","2377.6"
"Chlamydia","2020 (COVID-19 Pandemic)","Tennessee","47","20-24","13,875","3131.2"
"Chlamydia","2020 (COVID-19 Pandemic)","Tennessee","47","25-29","7,227","1485.9"
"Gonorrhea","2020 (COVID-19 Pandemic)","Tennessee","47","15-19","3,206","739.0"
"Gonorrhea","2020 (COVID-19 Pandemic)","Tennessee","47","20-24","5,405","1219.7"
"Gonorrhea","2020 (COVID-19 Pandemic)","Tennessee","47","25-29","4,055","833.7"
"Primary and Secondary Syphilis","2020 (COVID-19 Pandemic)","Tennessee","47","15-19","44","10.1"
"Primary and Secondary Syphilis","2020 (COVID-19 Pandemic)","Tennessee","47","20-24","122","27.5"
"Primary and Secondary Syphilis","2020 (COVID-19 Pandemic)","Tennessee","47","25-29","166","34.1"
"Chlamydia","2020 (COVID-19 Pandemic)","Texas","48","15-19","34,428","1643.6"
"Chlamydia","2020 (COVID-19 Pandemic)","Texas","48","20-24","50,139","2523.8"
"Chlamydia","2020 (COVID-19 Pandemic)","Texas","48","25-29","24,998","1185.8"
"Gonorrhea","2020 (COVID-19 Pandemic)","Texas","48","15-19","10,574","504.8"
"Gonorrhea","2020 (COVID-19 Pandemic)","Texas","48","20-24","17,549","883.3"
"Gonorrhea","2020 (COVID-19 Pandemic)","Texas","48","25-29","11,791","559.3"
"Primary and Secondary Syphilis","2020 (COVID-19 Pandemic)","Texas","48","15-19","161","7.7"
"Primary and Secondary Syphilis","2020 (COVID-19 Pandemic)","Texas","48","20-24","525","26.4"
"Primary and Secondary Syphilis","2020 (COVID-19 Pandemic)","Texas","48","25-29","616","29.2"
"Chlamydia","2020 (COVID-19 Pandemic)","Utah","49","15-19","2,431","922.0"
"Chlamydia","2020 (COVID-19 Pandemic)","Utah","49","20-24","3,785","1416.4"
"Chlamydia","2020 (COVID-19 Pandemic)","Utah","49","25-29","1,916","767.2"
"Gonorrhea","2020 (COVID-19 Pandemic)","Utah","49","15-19","351","133.1"
"Gonorrhea","2020 (COVID-19 Pandemic)","Utah","49","20-24","758","283.7"
"Gonorrhea","2020 (COVID-19 Pandemic)","Utah","49","25-29","662","265.1"
"Primary and Secondary Syphilis","2020 (COVID-19 Pandemic)","Utah","49","15-19","5","1.9"
"Primary and Secondary Syphilis","2020 (COVID-19 Pandemic)","Utah","49","20-24","11","4.1"
"Primary and Secondary Syphilis","2020 (COVID-19 Pandemic)","Utah","49","25-29","29","11.6"
"Chlamydia","2020 (COVID-19 Pandemic)","Vermont","50","15-19","278","645.5"
"Chlamydia","2020 (COVID-19 Pandemic)","Vermont","50","20-24","454","995.8"
"Chlamydia","2020 (COVID-19 Pandemic)","Vermont","50","25-29","169","438.7"
"Gonorrhea","2020 (COVID-19 Pandemic)","Vermont","50","15-19","18","41.8"
"Gonorrhea","2020 (COVID-19 Pandemic)","Vermont","50","20-24","40","87.7"
"Gonorrhea","2020 (COVID-19 Pandemic)","Vermont","50","25-29","35","90.9"
"Primary and Secondary Syphilis","2020 (COVID-19 Pandemic)","Vermont","50","15-19","1","2.3"
"Primary and Secondary Syphilis","2020 (COVID-19 Pandemic)","Vermont","50","20-24","1","2.2"
"Primary and Secondary Syphilis","2020 (COVID-19 Pandemic)","Vermont","50","25-29","0","0.0"
"Chlamydia","2020 (COVID-19 Pandemic)","Virginia","51","15-19","5,705","1025.3"
"Chlamydia","2020 (COVID-19 Pandemic)","Virginia","51","20-24","17,572","3082.6"
"Chlamydia","2020 (COVID-19 Pandemic)","Virginia","51","25-29","9,188","1556.8"
"Gonorrhea","2020 (COVID-19 Pandemic)","Virginia","51","15-19","1,255","225.6"
"Gonorrhea","2020 (COVID-19 Pandemic)","Virginia","51","20-24","4,534","795.4"
"Gonorrhea","2020 (COVID-19 Pandemic)","Virginia","51","25-29","3,676","622.9"
"Primary and Secondary Syphilis","2020 (COVID-19 Pandemic)","Virginia","51","15-19","14","2.5"
"Primary and Secondary Syphilis","2020 (COVID-19 Pandemic)","Virginia","51","20-24","111","19.5"
"Primary and Secondary Syphilis","2020 (COVID-19 Pandemic)","Virginia","51","25-29","166","28.1"
"Chlamydia","2020 (COVID-19 Pandemic)","Washington","53","15-19","6,519","1422.5"
"Chlamydia","2020 (COVID-19 Pandemic)","Washington","53","20-24","10,816","2257.2"
"Chlamydia","2020 (COVID-19 Pandemic)","Washington","53","25-29","6,046","1044.8"
"Gonorrhea","2020 (COVID-19 Pandemic)","Washington","53","15-19","1,024","223.4"
"Gonorrhea","2020 (COVID-19 Pandemic)","Washington","53","20-24","2,452","511.7"
"Gonorrhea","2020 (COVID-19 Pandemic)","Washington","53","25-29","2,467","426.3"
"Primary and Secondary Syphilis","2020 (COVID-19 Pandemic)","Washington","53","15-19","27","5.9"
"Primary and Secondary Syphilis","2020 (COVID-19 Pandemic)","Washington","53","20-24","102","21.3"
"Primary and Secondary Syphilis","2020 (COVID-19 Pandemic)","Washington","53","25-29","153","26.4"
"Chlamydia","2020 (COVID-19 Pandemic)","West Virginia","54","15-19","1,376","1275.5"
"Chlamydia","2020 (COVID-19 Pandemic)","West Virginia","54","20-24","2,185","1987.6"
"Chlamydia","2020 (COVID-19 Pandemic)","West Virginia","54","25-29","958","884.1"
"Gonorrhea","2020 (COVID-19 Pandemic)","West Virginia","54","15-19","197","182.6"
"Gonorrhea","2020 (COVID-19 Pandemic)","West Virginia","54","20-24","466","423.9"
"Gonorrhea","2020 (COVID-19 Pandemic)","West Virginia","54","25-29","387","357.2"
"Primary and Secondary Syphilis","2020 (COVID-19 Pandemic)","West Virginia","54","15-19","4","3.7"
"Primary and Secondary Syphilis","2020 (COVID-19 Pandemic)","West Virginia","54","20-24","20","18.2"
"Primary and Secondary Syphilis","2020 (COVID-19 Pandemic)","West Virginia","54","25-29","23","21.2"
"Chlamydia","2020 (COVID-19 Pandemic)","Wisconsin","55","15-19","7,088","1828.2"
"Chlamydia","2020 (COVID-19 Pandemic)","Wisconsin","55","20-24","10,009","2565.3"
"Chlamydia","2020 (COVID-19 Pandemic)","Wisconsin","55","25-29","4,749","1267.3"
"Gonorrhea","2020 (COVID-19 Pandemic)","Wisconsin","55","15-19","1,783","459.9"
"Gonorrhea","2020 (COVID-19 Pandemic)","Wisconsin","55","20-24","2,909","745.6"
"Gonorrhea","2020 (COVID-19 Pandemic)","Wisconsin","55","25-29","2,261","603.3"
"Primary and Secondary Syphilis","2020 (COVID-19 Pandemic)","Wisconsin","55","15-19","10","2.6"
"Primary and Secondary Syphilis","2020 (COVID-19 Pandemic)","Wisconsin","55","20-24","55","14.1"
"Primary and Secondary Syphilis","2020 (COVID-19 Pandemic)","Wisconsin","55","25-29","67","17.9"
"Chlamydia","2020 (COVID-19 Pandemic)","Wyoming","56","15-19","534","1434.2"
"Chlamydia","2020 (COVID-19 Pandemic)","Wyoming","56","20-24","748","2000.6"
"Chlamydia","2020 (COVID-19 Pandemic)","Wyoming","56","25-29","336","921.5"
"Gonorrhea","2020 (COVID-19 Pandemic)","Wyoming","56","15-19","35","94.0"
"Gonorrhea","2020 (COVID-19 Pandemic)","Wyoming","56","20-24","125","334.3"
"Gonorrhea","2020 (COVID-19 Pandemic)","Wyoming","56","25-29","64","175.5"
"Primary and Secondary Syphilis","2020 (COVID-19 Pandemic)","Wyoming","56","15-19","0","0.0"
"Primary and Secondary Syphilis","2020 (COVID-19 Pandemic)","Wyoming","56","20-24","1","2.7"
"Primary and Secondary Syphilis","2020 (COVID-19 Pandemic)","Wyoming","56","25-29","0","0.0"
"Chlamydia","2019","Alabama","01","15-19","9,674","3084.7"
"Chlamydia","2019","Alabama","01","20-24","11,850","3679.1"
"Chlamydia","2019","Alabama","01","25-29","5,185","1533.4"
"Gonorrhea","2019","Alabama","01","15-19","3,024","964.2"
"Gonorrhea","2019","Alabama","01","20-24","4,610","1431.3"
"Gonorrhea","2019","Alabama","01","25-29","2,980","881.3"
"Primary and Secondary Syphilis","2019","Alabama","01","15-19","33","10.5"
"Primary and Secondary Syphilis","2019","Alabama","01","20-24","152","47.2"
"Primary and Secondary Syphilis","2019","Alabama","01","25-29","155","45.8"
"Chlamydia","2019","Alaska","02","15-19","1,269","2813.1"
"Chlamydia","2019","Alaska","02","20-24","2,030","3958.4"
"Chlamydia","2019","Alaska","02","25-29","1,249","2067.0"
"Gonorrhea","2019","Alaska","02","15-19","206","456.7"
"Gonorrhea","2019","Alaska","02","20-24","451","879.4"
"Gonorrhea","2019","Alaska","02","25-29","461","762.9"
"Primary and Secondary Syphilis","2019","Alaska","02","15-19","4","8.9"
"Primary and Secondary Syphilis","2019","Alaska","02","20-24","20","39.0"
"Primary and Secondary Syphilis","2019","Alaska","02","25-29","24","39.7"
"Chlamydia","2019","Arizona","04","15-19","9,606","2009.4"
"Chlamydia","2019","Arizona","04","20-24","15,764","3181.5"
"Chlamydia","2019","Arizona","04","25-29","8,360","1589.7"
"Gonorrhea","2019","Arizona","04","15-19","1,810","378.6"
"Gonorrhea","2019","Arizona","04","20-24","3,815","770.0"
"Gonorrhea","2019","Arizona","04","25-29","3,420","650.3"
"Primary and Secondary Syphilis","2019","Arizona","04","15-19","59","12.3"
"Primary and Secondary Syphilis","2019","Arizona","04","20-24","223","45.0"
"Primary and Secondary Syphilis","2019","Arizona","04","25-29","284","54.0"
"Chlamydia","2019","Arkansas","05","15-19","5,193","2632.7"
"Chlamydia","2019","Arkansas","05","20-24","6,558","3274.3"
"Chlamydia","2019","Arkansas","05","25-29","2,789","1357.2"
"Gonorrhea","2019","Arkansas","05","15-19","1,453","736.6"
"Gonorrhea","2019","Arkansas","05","20-24","2,098","1047.5"
"Gonorrhea","2019","Arkansas","05","25-29","1,414","688.1"
"Primary and Secondary Syphilis","2019","Arkansas","05","15-19","24","12.2"
"Primary and Secondary Syphilis","2019","Arkansas","05","20-24","76","37.9"
"Primary and Secondary Syphilis","2019","Arkansas","05","25-29","78","38.0"
"Chlamydia","2019","California","06","15-19","41,037","1619.7"
"Chlamydia","2019","California","06","20-24","80,311","3033.7"
"Chlamydia","2019","California","06","25-29","50,278","1624.5"
"Gonorrhea","2019","California","06","15-19","6,836","269.8"
"Gonorrhea","2019","California","06","20-24","17,132","647.2"
"Gonorrhea","2019","California","06","25-29","18,244","589.5"
"Primary and Secondary Syphilis","2019","California","06","15-19","297","11.7"
"Primary and Secondary Syphilis","2019","California","06","20-24","1,178","44.5"
"Primary and Secondary Syphilis","2019","California","06","25-29","1,636","52.9"
"Chlamydia","2019","Colorado","08","15-19","7,493","2050.4"
"Chlamydia","2019","Colorado","08","20-24","10,187","2696.7"
"Chlamydia","2019","Colorado","08","25-29","5,563","1206.3"
"Gonorrhea","2019","Colorado","08","15-19","1,472","402.8"
"Gonorrhea","2019","Colorado","08","20-24","2,193","580.5"
"Gonorrhea","2019","Colorado","08","25-29","1,975","428.3"
"Primary and Secondary Syphilis","2019","Colorado","08","15-19","11","3.0"
"Primary and Secondary Syphilis","2019","Colorado","08","20-24","62","16.4"
"Primary and Secondary Syphilis","2019","Colorado","08","25-29","109","23.6"
"Chlamydia","2019","Connecticut","09","15-19","3,965","1659.9"
"Chlamydia","2019","Connecticut","09","20-24","5,659","2358.6"
"Chlamydia","2019","Connecticut","09","25-29","2,724","1208.2"
"Gonorrhea","2019","Connecticut","09","15-19","630","263.7"
"Gonorrhea","2019","Connecticut","09","20-24","1,126","469.3"
"Gonorrhea","2019","Connecticut","09","25-29","936","415.2"
"Primary and Secondary Syphilis","2019","Connecticut","09","15-19","17","7.1"
"Primary and Secondary Syphilis","2019","Connecticut","09","20-24","38","15.8"
"Primary and Secondary Syphilis","2019","Connecticut","09","25-29","37","16.4"
"Chlamydia","2019","Delaware","10","15-19","1,744","2896.1"
"Chlamydia","2019","Delaware","10","20-24","2,183","3819.5"
"Chlamydia","2019","Delaware","10","25-29","948","1451.5"
"Gonorrhea","2019","Delaware","10","15-19","248","411.8"
"Gonorrhea","2019","Delaware","10","20-24","420","734.9"
"Gonorrhea","2019","Delaware","10","25-29","353","540.5"
"Primary and Secondary Syphilis","2019","Delaware","10","15-19","5","8.3"
"Primary and Secondary Syphilis","2019","Delaware","10","20-24","20","35.0"
"Primary and Secondary Syphilis","2019","Delaware","10","25-29","17","26.0"
"Chlamydia","2019","District of Columbia","11","15-19","2,156","5895.4"
"Chlamydia","2019","District of Columbia","11","20-24","2,663","5181.2"
"Chlamydia","2019","District of Columbia","11","25-29","2,099","2543.8"
"Gonorrhea","2019","District of Columbia","11","15-19","584","1596.9"
"Gonorrhea","2019","District of Columbia","11","20-24","921","1791.9"
"Gonorrhea","2019","District of Columbia","11","25-29","1,077","1305.2"
"Primary and Secondary Syphilis","2019","District of Columbia","11","15-19","11","30.1"
"Primary and Secondary Syphilis","2019","District of Columbia","11","20-24","36","70.0"
"Primary and Secondary Syphilis","2019","District of Columbia","11","25-29","72","87.3"
"Chlamydia","2019","Florida","12","15-19","28,451","2366.1"
"Chlamydia","2019","Florida","12","20-24","39,749","3159.4"
"Chlamydia","2019","Florida","12","25-29","20,805","1465.3"
"Gonorrhea","2019","Florida","12","15-19","5,496","457.1"
"Gonorrhea","2019","Florida","12","20-24","9,791","778.2"
"Gonorrhea","2019","Florida","12","25-29","7,862","553.7"
"Primary and Secondary Syphilis","2019","Florida","12","15-19","152","12.6"
"Primary and Secondary Syphilis","2019","Florida","12","20-24","484","38.5"
"Primary and Secondary Syphilis","2019","Florida","12","25-29","617","43.5"
"Chlamydia","2019","Georgia","13","15-19","19,439","2655.2"
"Chlamydia","2019","Georgia","13","20-24","24,363","3396.1"
"Chlamydia","2019","Georgia","13","25-29","12,356","1601.4"
"Gonorrhea","2019","Georgia","13","15-19","3,364","459.5"
"Gonorrhea","2019","Georgia","13","20-24","6,113","852.1"
"Gonorrhea","2019","Georgia","13","25-29","4,929","638.8"
"Primary and Secondary Syphilis","2019","Georgia","13","15-19","63","8.6"
"Primary and Secondary Syphilis","2019","Georgia","13","20-24","317","44.2"
"Primary and Secondary Syphilis","2019","Georgia","13","25-29","414","53.7"
"Chlamydia","2019","Hawaii","15","15-19","1,518","1964.1"
"Chlamydia","2019","Hawaii","15","20-24","3,197","3606.3"
"Chlamydia","2019","Hawaii","15","25-29","1,621","1591.3"
"Gonorrhea","2019","Hawaii","15","15-19","154","199.3"
"Gonorrhea","2019","Hawaii","15","20-24","342","385.8"
"Gonorrhea","2019","Hawaii","15","25-29","335","328.9"
"Primary and Secondary Syphilis","2019","Hawaii","15","15-19","7","9.1"
"Primary and Secondary Syphilis","2019","Hawaii","15","20-24","15","16.9"
"Primary and Secondary Syphilis","2019","Hawaii","15","25-29","24","23.6"
"Chlamydia","2019","Idaho","16","15-19","1,964","1568.9"
"Chlamydia","2019","Idaho","16","20-24","2,607","2239.0"
"Chlamydia","2019","Idaho","16","25-29","1,170","961.9"
"Gonorrhea","2019","Idaho","16","15-19","160","127.8"
"Gonorrhea","2019","Idaho","16","20-24","367","315.2"
"Gonorrhea","2019","Idaho","16","25-29","333","273.8"
"Primary and Secondary Syphilis","2019","Idaho","16","15-19","2","1.6"
"Primary and Secondary Syphilis","2019","Idaho","16","20-24","9","7.7"
"Primary and Secondary Syphilis","2019","Idaho","16","25-29","10","8.2"
"Chlamydia","2019","Illinois","17","15-19","20,780","2526.0"
"Chlamydia","2019","Illinois","17","20-24","29,324","3533.1"
"Chlamydia","2019","Illinois","17","25-29","15,676","1747.2"
"Gonorrhea","2019","Illinois","17","15-19","5,303","644.6"
"Gonorrhea","2019","Illinois","17","20-24","8,346","1005.6"
"Gonorrhea","2019","Illinois","17","25-29","6,769","754.4"
"Primary and Secondary Syphilis","2019","Illinois","17","15-19","78","9.5"
"Primary and Secondary Syphilis","2019","Illinois","17","20-24","218","26.3"
"Primary and Secondary Syphilis","2019","Illinois","17","25-29","331","36.9"
"Chlamydia","2019","Indiana","18","15-19","10,244","2237.9"
"Chlamydia","2019","Indiana","18","20-24","13,222","2797.4"
"Chlamydia","2019","Indiana","18","25-29","6,185","1331.7"
"Gonorrhea","2019","Indiana","18","15-19","2,158","471.4"
"Gonorrhea","2019","Indiana","18","20-24","3,440","727.8"
"Gonorrhea","2019","Indiana","18","25-29","2,601","560.0"
"Primary and Secondary Syphilis","2019","Indiana","18","15-19","19","4.2"
"Primary and Secondary Syphilis","2019","Indiana","18","20-24","64","13.5"
"Primary and Secondary Syphilis","2019","Indiana","18","25-29","79","17.0"
"Chlamydia","2019","Iowa","19","15-19","4,438","2091.4"
"Chlamydia","2019","Iowa","19","20-24","6,131","2734.5"
"Chlamydia","2019","Iowa","19","25-29","2,745","1332.2"
"Gonorrhea","2019","Iowa","19","15-19","821","386.9"
"Gonorrhea","2019","Iowa","19","20-24","1,381","615.9"
"Gonorrhea","2019","Iowa","19","25-29","1,181","573.1"
"Primary and Secondary Syphilis","2019","Iowa","19","15-19","14","6.6"
"Primary and Secondary Syphilis","2019","Iowa","19","20-24","22","9.8"
"Primary and Secondary Syphilis","2019","Iowa","19","25-29","28","13.6"
"Chlamydia","2019","Kansas","20","15-19","4,315","2152.2"
"Chlamydia","2019","Kansas","20","20-24","6,055","2851.8"
"Chlamydia","2019","Kansas","20","25-29","2,510","1279.2"
"Gonorrhea","2019","Kansas","20","15-19","923","460.4"
"Gonorrhea","2019","Kansas","20","20-24","1,462","688.6"
"Gonorrhea","2019","Kansas","20","25-29","971","494.9"
"Primary and Secondary Syphilis","2019","Kansas","20","15-19","8","4.0"
"Primary and Secondary Syphilis","2019","Kansas","20","20-24","38","17.9"
"Primary and Secondary Syphilis","2019","Kansas","20","25-29","35","17.8"
"Chlamydia","2019","Kentucky","21","15-19","5,939","2077.2"
"Chlamydia","2019","Kentucky","21","20-24","7,712","2588.9"
"Chlamydia","2019","Kentucky","21","25-29","3,680","1189.1"
"Gonorrhea","2019","Kentucky","21","15-19","1,132","395.9"
"Gonorrhea","2019","Kentucky","21","20-24","1,959","657.6"
"Gonorrhea","2019","Kentucky","21","25-29","1,601","517.3"
"Primary and Secondary Syphilis","2019","Kentucky","21","15-19","19","6.6"
"Primary and Secondary Syphilis","2019","Kentucky","21","20-24","53","17.8"
"Primary and Secondary Syphilis","2019","Kentucky","21","25-29","82","26.5"
"Chlamydia","2019","Louisiana","22","15-19","11,755","4000.2"
"Chlamydia","2019","Louisiana","22","20-24","12,895","4250.1"
"Chlamydia","2019","Louisiana","22","25-29","5,950","1774.8"
"Gonorrhea","2019","Louisiana","22","15-19","2,779","945.7"
"Gonorrhea","2019","Louisiana","22","20-24","3,886","1280.8"
"Gonorrhea","2019","Louisiana","22","25-29","2,556","762.4"
"Primary and Secondary Syphilis","2019","Louisiana","22","15-19","64","21.8"
"Primary and Secondary Syphilis","2019","Louisiana","22","20-24","171","56.4"
"Primary and Secondary Syphilis","2019","Louisiana","22","25-29","125","37.3"
"Chlamydia","2019","Maine","23","15-19","386","497.9"
"Chlamydia","2019","Maine","23","20-24","659","883.2"
"Chlamydia","2019","Maine","23","25-29","336","414.6"
"Gonorrhea","2019","Maine","23","15-19","73","94.2"
"Gonorrhea","2019","Maine","23","20-24","129","172.9"
"Gonorrhea","2019","Maine","23","25-29","90","111.1"
"Primary and Secondary Syphilis","2019","Maine","23","15-19","0","0.0"
"Primary and Secondary Syphilis","2019","Maine","23","20-24","13","17.4"
"Primary and Secondary Syphilis","2019","Maine","23","25-29","10","12.3"
"Chlamydia","2019","Maryland","24","15-19","10,852","2856.4"
"Chlamydia","2019","Maryland","24","20-24","13,279","3578.1"
"Chlamydia","2019","Maryland","24","25-29","6,707","1627.3"
"Gonorrhea","2019","Maryland","24","15-19","1,659","436.7"
"Gonorrhea","2019","Maryland","24","20-24","2,918","786.3"
"Gonorrhea","2019","Maryland","24","25-29","2,630","638.1"
"Primary and Secondary Syphilis","2019","Maryland","24","15-19","43","11.3"
"Primary and Secondary Syphilis","2019","Maryland","24","20-24","154","41.5"
"Primary and Secondary Syphilis","2019","Maryland","24","25-29","200","48.5"
"Chlamydia","2019","Massachusetts","25","15-19","6,972","1549.9"
"Chlamydia","2019","Massachusetts","25","20-24","11,633","2397.1"
"Chlamydia","2019","Massachusetts","25","25-29","6,190","1226.9"
"Gonorrhea","2019","Massachusetts","25","15-19","653","145.2"
"Gonorrhea","2019","Massachusetts","25","20-24","1,733","357.1"
"Gonorrhea","2019","Massachusetts","25","25-29","1,774","351.6"
"Primary and Secondary Syphilis","2019","Massachusetts","25","15-19","28","6.2"
"Primary and Secondary Syphilis","2019","Massachusetts","25","20-24","104","21.4"
"Primary and Secondary Syphilis","2019","Massachusetts","25","25-29","110","21.8"
"Chlamydia","2019","Michigan","26","15-19","14,330","2223.2"
"Chlamydia","2019","Michigan","26","20-24","18,505","2714.3"
"Chlamydia","2019","Michigan","26","25-29","9,239","1324.0"
"Gonorrhea","2019","Michigan","26","15-19","3,459","536.6"
"Gonorrhea","2019","Michigan","26","20-24","5,362","786.5"
"Gonorrhea","2019","Michigan","26","25-29","4,081","584.8"
"Primary and Secondary Syphilis","2019","Michigan","26","15-19","33","5.1"
"Primary and Secondary Syphilis","2019","Michigan","26","20-24","102","15.0"
"Primary and Secondary Syphilis","2019","Michigan","26","25-29","161","23.1"
"Chlamydia","2019","Minnesota","27","15-19","6,222","1722.9"
"Chlamydia","2019","Minnesota","27","20-24","8,773","2464.8"
"Chlamydia","2019","Minnesota","27","25-29","4,391","1159.2"
"Gonorrhea","2019","Minnesota","27","15-19","1,182","327.3"
"Gonorrhea","2019","Minnesota","27","20-24","1,954","549.0"
"Gonorrhea","2019","Minnesota","27","25-29","1,714","452.5"
"Primary and Secondary Syphilis","2019","Minnesota","27","15-19","14","3.9"
"Primary and Secondary Syphilis","2019","Minnesota","27","20-24","67","18.8"
"Primary and Secondary Syphilis","2019","Minnesota","27","25-29","89","23.5"
"Chlamydia","2019","Mississippi","28","15-19","8,012","3979.1"
"Chlamydia","2019","Mississippi","28","20-24","9,668","4797.6"
"Chlamydia","2019","Mississippi","28","25-29","4,220","2038.8"
"Gonorrhea","2019","Mississippi","28","15-19","2,832","1406.5"
"Gonorrhea","2019","Mississippi","28","20-24","4,092","2030.6"
"Gonorrhea","2019","Mississippi","28","25-29","2,448","1182.7"
"Primary and Secondary Syphilis","2019","Mississippi","28","15-19","56","27.8"
"Primary and Secondary Syphilis","2019","Mississippi","28","20-24","200","99.2"
"Primary and Secondary Syphilis","2019","Mississippi","28","25-29","129","62.3"
"Chlamydia","2019","Missouri","29","15-19","9,751","2502.4"
"Chlamydia","2019","Missouri","29","20-24","12,426","3069.7"
"Chlamydia","2019","Missouri","29","25-29","6,216","1461.2"
"Gonorrhea","2019","Missouri","29","15-19","2,537","651.1"
"Gonorrhea","2019","Missouri","29","20-24","4,135","1021.5"
"Gonorrhea","2019","Missouri","29","25-29","3,358","789.3"
"Primary and Secondary Syphilis","2019","Missouri","29","15-19","35","9.0"
"Primary and Secondary Syphilis","2019","Missouri","29","20-24","111","27.4"
"Primary and Secondary Syphilis","2019","Missouri","29","25-29","159","37.4"
"Chlamydia","2019","Montana","30","15-19","1,308","2045.2"
"Chlamydia","2019","Montana","30","20-24","1,647","2289.5"
"Chlamydia","2019","Montana","30","25-29","831","1159.4"
"Gonorrhea","2019","Montana","30","15-19","165","258.0"
"Gonorrhea","2019","Montana","30","20-24","367","510.2"
"Gonorrhea","2019","Montana","30","25-29","350","488.3"
"Primary and Secondary Syphilis","2019","Montana","30","15-19","6","9.4"
"Primary and Secondary Syphilis","2019","Montana","30","20-24","8","11.1"
"Primary and Secondary Syphilis","2019","Montana","30","25-29","15","20.9"
"Chlamydia","2019","Nebraska","31","15-19","2,555","1926.2"
"Chlamydia","2019","Nebraska","31","20-24","3,529","2603.4"
"Chlamydia","2019","Nebraska","31","25-29","1,612","1242.8"
"Gonorrhea","2019","Nebraska","31","15-19","513","386.7"
"Gonorrhea","2019","Nebraska","31","20-24","785","579.1"
"Gonorrhea","2019","Nebraska","31","25-29","658","507.3"
"Primary and Secondary Syphilis","2019","Nebraska","31","15-19","8","6.0"
"Primary and Secondary Syphilis","2019","Nebraska","31","20-24","34","25.1"
"Primary and Secondary Syphilis","2019","Nebraska","31","25-29","28","21.6"
"Chlamydia","2019","Nevada","32","15-19","3,979","2178.7"
"Chlamydia","2019","Nevada","32","20-24","6,058","3317.9"
"Chlamydia","2019","Nevada","32","25-29","3,549","1547.3"
"Gonorrhea","2019","Nevada","32","15-19","930","509.2"
"Gonorrhea","2019","Nevada","32","20-24","1,412","773.3"
"Gonorrhea","2019","Nevada","32","25-29","1,383","603.0"
"Primary and Secondary Syphilis","2019","Nevada","32","15-19","16","8.8"
"Primary and Secondary Syphilis","2019","Nevada","32","20-24","106","58.1"
"Primary and Secondary Syphilis","2019","Nevada","32","25-29","183","79.8"
"Chlamydia","2019","New Hampshire","33","15-19","857","1020.6"
"Chlamydia","2019","New Hampshire","33","20-24","1,459","1659.7"
"Chlamydia","2019","New Hampshire","33","25-29","646","739.2"
"Gonorrhea","2019","New Hampshire","33","15-19","36","42.9"
"Gonorrhea","2019","New Hampshire","33","20-24","96","109.2"
"Gonorrhea","2019","New Hampshire","33","25-29","96","109.8"
"Primary and Secondary Syphilis","2019","New Hampshire","33","15-19","0","0.0"
"Primary and Secondary Syphilis","2019","New Hampshire","33","20-24","6","6.8"
"Primary and Secondary Syphilis","2019","New Hampshire","33","25-29","12","13.7"
"Chlamydia","2019","New Jersey","34","15-19","9,829","1777.9"
"Chlamydia","2019","New Jersey","34","20-24","14,063","2600.8"
"Chlamydia","2019","New Jersey","34","25-29","6,913","1193.5"
"Gonorrhea","2019","New Jersey","34","15-19","1,772","320.5"
"Gonorrhea","2019","New Jersey","34","20-24","2,657","491.4"
"Gonorrhea","2019","New Jersey","34","25-29","1,992","343.9"
"Primary and Secondary Syphilis","2019","New Jersey","34","15-19","26","4.7"
"Primary and Secondary Syphilis","2019","New Jersey","34","20-24","124","22.9"
"Primary and Secondary Syphilis","2019","New Jersey","34","25-29","152","26.2"
"Chlamydia","2019","New Mexico","35","15-19","3,668","2649.2"
"Chlamydia","2019","New Mexico","35","20-24","4,709","3363.5"
"Chlamydia","2019","New Mexico","35","25-29","2,670","1833.4"
"Gonorrhea","2019","New Mexico","35","15-19","483","348.8"
"Gonorrhea","2019","New Mexico","35","20-24","1,069","763.6"
"Gonorrhea","2019","New Mexico","35","25-29","1,046","718.2"
"Primary and Secondary Syphilis","2019","New Mexico","35","15-19","22","15.9"
"Primary and Secondary Syphilis","2019","New Mexico","35","20-24","66","47.1"
"Primary and Secondary Syphilis","2019","New Mexico","35","25-29","96","65.9"
"Chlamydia","2019","New York","36","15-19","28,120","2392.4"
"Chlamydia","2019","New York","36","20-24","40,217","3167.1"
"Chlamydia","2019","New York","36","25-29","24,815","1693.9"
"Gonorrhea","2019","New York","36","15-19","5,109","434.7"
"Gonorrhea","2019","New York","36","20-24","8,924","702.8"
"Gonorrhea","2019","New York","36","25-29","9,638","657.9"
"Primary and Secondary Syphilis","2019","New York","36","15-19","94","8.0"
"Primary and Secondary Syphilis","2019","New York","36","20-24","388","30.6"
"Primary and Secondary Syphilis","2019","New York","36","25-29","633","43.2"
"Chlamydia","2019","North Carolina","37","15-19","19,532","2838.1"
"Chlamydia","2019","North Carolina","37","20-24","26,386","3775.6"
"Chlamydia","2019","North Carolina","37","25-29","12,796","1744.3"
"Gonorrhea","2019","North Carolina","37","15-19","4,530","658.2"
"Gonorrhea","2019","North Carolina","37","20-24","7,763","1110.8"
"Gonorrhea","2019","North Carolina","37","25-29","5,886","802.4"
"Primary and Secondary Syphilis","2019","North Carolina","37","15-19","54","7.8"
"Primary and Secondary Syphilis","2019","North Carolina","37","20-24","205","29.3"
"Primary and Secondary Syphilis","2019","North Carolina","37","25-29","266","36.3"
"Chlamydia","2019","North Dakota","38","15-19","879","1863.0"
"Chlamydia","2019","North Dakota","38","20-24","1,520","2443.1"
"Chlamydia","2019","North Dakota","38","25-29","741","1229.1"
"Gonorrhea","2019","North Dakota","38","15-19","179","379.4"
"Gonorrhea","2019","North Dakota","38","20-24","359","577.0"
"Gonorrhea","2019","North Dakota","38","25-29","346","573.9"
"Primary and Secondary Syphilis","2019","North Dakota","38","15-19","2","4.2"
"Primary and Secondary Syphilis","2019","North Dakota","38","20-24","5","8.0"
"Primary and Secondary Syphilis","2019","North Dakota","38","25-29","11","18.2"
"Chlamydia","2019","Ohio","39","15-19","18,929","2504.6"
"Chlamydia","2019","Ohio","39","20-24","24,201","3220.5"
"Chlamydia","2019","Ohio","39","25-29","11,469","1430.7"
"Gonorrhea","2019","Ohio","39","15-19","4,663","617.0"
"Gonorrhea","2019","Ohio","39","20-24","7,173","954.5"
"Gonorrhea","2019","Ohio","39","25-29","5,556","693.1"
"Primary and Secondary Syphilis","2019","Ohio","39","15-19","26","3.4"
"Primary and Secondary Syphilis","2019","Ohio","39","20-24","149","19.8"
"Primary and Secondary Syphilis","2019","Ohio","39","25-29","171","21.3"
"Chlamydia","2019","Oklahoma","40","15-19","6,599","2491.0"
"Chlamydia","2019","Oklahoma","40","20-24","8,669","3156.4"
"Chlamydia","2019","Oklahoma","40","25-29","4,164","1487.2"
"Gonorrhea","2019","Oklahoma","40","15-19","1,748","659.8"
"Gonorrhea","2019","Oklahoma","40","20-24","2,786","1014.4"
"Gonorrhea","2019","Oklahoma","40","25-29","2,158","770.8"
"Primary and Secondary Syphilis","2019","Oklahoma","40","15-19","24","9.1"
"Primary and Secondary Syphilis","2019","Oklahoma","40","20-24","116","42.2"
"Primary and Secondary Syphilis","2019","Oklahoma","40","25-29","170","60.7"
"Chlamydia","2019","Oregon","41","15-19","4,296","1745.4"
"Chlamydia","2019","Oregon","41","20-24","6,680","2529.3"
"Chlamydia","2019","Oregon","41","25-29","3,580","1175.6"
"Gonorrhea","2019","Oregon","41","15-19","477","193.8"
"Gonorrhea","2019","Oregon","41","20-24","1,268","480.1"
"Gonorrhea","2019","Oregon","41","25-29","1,375","451.5"
"Primary and Secondary Syphilis","2019","Oregon","41","15-19","9","3.7"
"Primary and Secondary Syphilis","2019","Oregon","41","20-24","37","14.0"
"Primary and Secondary Syphilis","2019","Oregon","41","25-29","84","27.6"
"Chlamydia","2019","Pennsylvania","42","15-19","17,163","2134.8"
"Chlamydia","2019","Pennsylvania","42","20-24","22,564","2823.2"
"Chlamydia","2019","Pennsylvania","42","25-29","11,264","1307.7"
"Gonorrhea","2019","Pennsylvania","42","15-19","2,655","330.2"
"Gonorrhea","2019","Pennsylvania","42","20-24","4,126","516.2"
"Gonorrhea","2019","Pennsylvania","42","25-29","3,585","416.2"
"Primary and Secondary Syphilis","2019","Pennsylvania","42","15-19","36","4.5"
"Primary and Secondary Syphilis","2019","Pennsylvania","42","20-24","161","20.1"
"Primary and Secondary Syphilis","2019","Pennsylvania","42","25-29","226","26.2"
"Chlamydia","2019","Rhode Island","44","15-19","1,381","1940.9"
"Chlamydia","2019","Rhode Island","44","20-24","2,205","2920.4"
"Chlamydia","2019","Rhode Island","44","25-29","1,052","1388.9"
"Gonorrhea","2019","Rhode Island","44","15-19","144","202.4"
"Gonorrhea","2019","Rhode Island","44","20-24","400","529.8"
"Gonorrhea","2019","Rhode Island","44","25-29","392","517.5"
"Primary and Secondary Syphilis","2019","Rhode Island","44","15-19","4","5.6"
"Primary and Secondary Syphilis","2019","Rhode Island","44","20-24","14","18.5"
"Primary and Secondary Syphilis","2019","Rhode Island","44","25-29","21","27.7"
"Chlamydia","2019","South Carolina","45","15-19","10,670","3286.5"
"Chlamydia","2019","South Carolina","45","20-24","13,054","3946.9"
"Chlamydia","2019","South Carolina","45","25-29","6,329","1791.5"
"Gonorrhea","2019","South Carolina","45","15-19","2,747","846.1"
"Gonorrhea","2019","South Carolina","45","20-24","4,071","1230.9"
"Gonorrhea","2019","South Carolina","45","25-29","3,046","862.2"
"Primary and Secondary Syphilis","2019","South Carolina","45","15-19","23","7.1"
"Primary and Secondary Syphilis","2019","South Carolina","45","20-24","89","26.9"
"Primary and Secondary Syphilis","2019","South Carolina","45","25-29","107","30.3"
"Chlamydia","2019","South Dakota","46","15-19","1,143","1979.8"
"Chlamydia","2019","South Dakota","46","20-24","1,600","2715.1"
"Chlamydia","2019","South Dakota","46","25-29","859","1481.4"
"Gonorrhea","2019","South Dakota","46","15-19","274","474.6"
"Gonorrhea","2019","South Dakota","46","20-24","545","924.8"
"Gonorrhea","2019","South Dakota","46","25-29","506","872.6"
"Primary and Secondary Syphilis","2019","South Dakota","46","15-19","4","6.9"
"Primary and Secondary Syphilis","2019","South Dakota","46","20-24","7","11.9"
"Primary and Secondary Syphilis","2019","South Dakota","46","25-29","6","10.3"
"Chlamydia","2019","Tennessee","47","15-19","11,551","2722.5"
"Chlamydia","2019","Tennessee","47","20-24","15,142","3403.3"
"Chlamydia","2019","Tennessee","47","25-29","7,588","1525.9"
"Gonorrhea","2019","Tennessee","47","15-19","2,943","693.6"
"Gonorrhea","2019","Tennessee","47","20-24","4,808","1080.6"
"Gonorrhea","2019","Tennessee","47","25-29","3,472","698.2"
"Primary and Secondary Syphilis","2019","Tennessee","47","15-19","38","9.0"
"Primary and Secondary Syphilis","2019","Tennessee","47","20-24","120","27.0"
"Primary and Secondary Syphilis","2019","Tennessee","47","25-29","129","25.9"
"Chlamydia","2019","Texas","48","15-19","34,139","1662.9"
"Chlamydia","2019","Texas","48","20-24","46,965","2345.3"
"Chlamydia","2019","Texas","48","25-29","23,964","1103.2"
"Gonorrhea","2019","Texas","48","15-19","8,155","397.2"
"Gonorrhea","2019","Texas","48","20-24","13,140","656.2"
"Gonorrhea","2019","Texas","48","25-29","9,252","425.9"
"Primary and Secondary Syphilis","2019","Texas","48","15-19","169","8.2"
"Primary and Secondary Syphilis","2019","Texas","48","20-24","457","22.8"
"Primary and Secondary Syphilis","2019","Texas","48","25-29","592","27.3"
"Chlamydia","2019","Utah","49","15-19","2,621","1032.5"
"Chlamydia","2019","Utah","49","20-24","3,917","1480.1"
"Chlamydia","2019","Utah","49","25-29","2,110","839.4"
"Gonorrhea","2019","Utah","49","15-19","274","107.9"
"Gonorrhea","2019","Utah","49","20-24","681","257.3"
"Gonorrhea","2019","Utah","49","25-29","666","264.9"
"Primary and Secondary Syphilis","2019","Utah","49","15-19","4","1.6"
"Primary and Secondary Syphilis","2019","Utah","49","20-24","22","8.3"
"Primary and Secondary Syphilis","2019","Utah","49","25-29","24","9.5"
"Chlamydia","2019","Vermont","50","15-19","404","980.2"
"Chlamydia","2019","Vermont","50","20-24","735","1617.9"
"Chlamydia","2019","Vermont","50","25-29","285","750.9"
"Gonorrhea","2019","Vermont","50","15-19","23","55.8"
"Gonorrhea","2019","Vermont","50","20-24","52","114.5"
"Gonorrhea","2019","Vermont","50","25-29","48","126.5"
"Primary and Secondary Syphilis","2019","Vermont","50","15-19","0","0.0"
"Primary and Secondary Syphilis","2019","Vermont","50","20-24","1","2.2"
"Primary and Secondary Syphilis","2019","Vermont","50","25-29","4","10.5"
"Chlamydia","2019","Virginia","51","15-19","8,501","1568.9"
"Chlamydia","2019","Virginia","51","20-24","20,265","3545.2"
"Chlamydia","2019","Virginia","51","25-29","10,329","1716.0"
"Gonorrhea","2019","Virginia","51","15-19","1,627","300.3"
"Gonorrhea","2019","Virginia","51","20-24","4,379","766.1"
"Gonorrhea","2019","Virginia","51","25-29","3,300","548.2"
"Primary and Secondary Syphilis","2019","Virginia","51","15-19","9","1.7"
"Primary and Secondary Syphilis","2019","Virginia","51","20-24","116","20.3"
"Primary and Secondary Syphilis","2019","Virginia","51","25-29","158","26.2"
"Chlamydia","2019","Washington","53","15-19","8,317","1856.2"
"Chlamydia","2019","Washington","53","20-24","12,655","2629.5"
"Chlamydia","2019","Washington","53","25-29","7,269","1226.6"
"Gonorrhea","2019","Washington","53","15-19","1,028","229.4"
"Gonorrhea","2019","Washington","53","20-24","2,358","490.0"
"Gonorrhea","2019","Washington","53","25-29","2,555","431.2"
"Primary and Secondary Syphilis","2019","Washington","53","15-19","19","4.2"
"Primary and Secondary Syphilis","2019","Washington","53","20-24","103","21.4"
"Primary and Secondary Syphilis","2019","Washington","53","25-29","150","25.3"
"Chlamydia","2019","West Virginia","54","15-19","1,403","1323.9"
"Chlamydia","2019","West Virginia","54","20-24","2,136","1926.4"
"Chlamydia","2019","West Virginia","54","25-29","901","805.4"
"Gonorrhea","2019","West Virginia","54","15-19","175","165.1"
"Gonorrhea","2019","West Virginia","54","20-24","410","369.8"
"Gonorrhea","2019","West Virginia","54","25-29","394","352.2"
"Primary and Secondary Syphilis","2019","West Virginia","54","15-19","4","3.8"
"Primary and Secondary Syphilis","2019","West Virginia","54","20-24","12","10.8"
"Primary and Secondary Syphilis","2019","West Virginia","54","25-29","17","15.2"
"Chlamydia","2019","Wisconsin","55","15-19","7,955","2106.9"
"Chlamydia","2019","Wisconsin","55","20-24","10,851","2778.2"
"Chlamydia","2019","Wisconsin","55","25-29","5,222","1375.5"
"Gonorrhea","2019","Wisconsin","55","15-19","1,731","458.5"
"Gonorrhea","2019","Wisconsin","55","20-24","2,395","613.2"
"Gonorrhea","2019","Wisconsin","55","25-29","1,816","478.3"
"Primary and Secondary Syphilis","2019","Wisconsin","55","15-19","13","3.4"
"Primary and Secondary Syphilis","2019","Wisconsin","55","20-24","29","7.4"
"Primary and Secondary Syphilis","2019","Wisconsin","55","25-29","37","9.7"
"Chlamydia","2019","Wyoming","56","15-19","623","1706.5"
"Chlamydia","2019","Wyoming","56","20-24","820","2153.2"
"Chlamydia","2019","Wyoming","56","25-29","392","1030.5"
"Gonorrhea","2019","Wyoming","56","15-19","50","137.0"
"Gonorrhea","2019","Wyoming","56","20-24","98","257.3"
"Gonorrhea","2019","Wyoming","56","25-29","102","268.1"
"Primary and Secondary Syphilis","2019","Wyoming","56","15-19","2","5.5"
"Primary and Secondary Syphilis","2019","Wyoming","56","20-24","3","7.9"
"Primary and Secondary Syphilis","2019","Wyoming","56","25-29","1","2.6"
"Chlamydia","2018","Alabama","01","15-19","9,257","2930.2"
"Chlamydia","2018","Alabama","01","20-24","10,734","3304.9"
"Chlamydia","2018","Alabama","01","25-29","4,648","1366.6"
"Gonorrhea","2018","Alabama","01","15-19","2,877","910.7"
"Gonorrhea","2018","Alabama","01","20-24","4,084","1257.4"
"Gonorrhea","2018","Alabama","01","25-29","2,557","751.8"
"Primary and Secondary Syphilis","2018","Alabama","01","15-19","39","12.3"
"Primary and Secondary Syphilis","2018","Alabama","01","20-24","125","38.5"
"Primary and Secondary Syphilis","2018","Alabama","01","25-29","111","32.6"
"Chlamydia","2018","Alaska","02","15-19","1,246","2717.7"
"Chlamydia","2018","Alaska","02","20-24","2,088","3961.0"
"Chlamydia","2018","Alaska","02","25-29","1,289","2091.6"
"Gonorrhea","2018","Alaska","02","15-19","227","495.1"
"Gonorrhea","2018","Alaska","02","20-24","470","891.6"
"Gonorrhea","2018","Alaska","02","25-29","540","876.2"
"Primary and Secondary Syphilis","2018","Alaska","02","15-19","2","4.4"
"Primary and Secondary Syphilis","2018","Alaska","02","20-24","10","19.0"
"Primary and Secondary Syphilis","2018","Alaska","02","25-29","10","16.2"
"Chlamydia","2018","Arizona","04","15-19","9,390","1984.4"
"Chlamydia","2018","Arizona","04","20-24","14,863","3021.9"
"Chlamydia","2018","Arizona","04","25-29","7,979","1543.5"
"Gonorrhea","2018","Arizona","04","15-19","1,667","352.3"
"Gonorrhea","2018","Arizona","04","20-24","3,340","679.1"
"Gonorrhea","2018","Arizona","04","25-29","2,849","551.1"
"Primary and Secondary Syphilis","2018","Arizona","04","15-19","62","13.1"
"Primary and Secondary Syphilis","2018","Arizona","04","20-24","163","33.1"
"Primary and Secondary Syphilis","2018","Arizona","04","25-29","211","40.8"
"Chlamydia","2018","Arkansas","05","15-19","5,444","2755.0"
"Chlamydia","2018","Arkansas","05","20-24","6,748","3354.9"
"Chlamydia","2018","Arkansas","05","25-29","2,907","1408.5"
"Gonorrhea","2018","Arkansas","05","15-19","1,578","798.6"
"Gonorrhea","2018","Arkansas","05","20-24","2,321","1153.9"
"Gonorrhea","2018","Arkansas","05","25-29","1,457","705.9"
"Primary and Secondary Syphilis","2018","Arkansas","05","15-19","13","6.6"
"Primary and Secondary Syphilis","2018","Arkansas","05","20-24","71","35.3"
"Primary and Secondary Syphilis","2018","Arkansas","05","25-29","73","35.4"
"Chlamydia","2018","California","06","15-19","41,600","1636.4"
"Chlamydia","2018","California","06","20-24","80,132","2967.9"
"Chlamydia","2018","California","06","25-29","48,634","1559.0"
"Gonorrhea","2018","California","06","15-19","6,976","274.4"
"Gonorrhea","2018","California","06","20-24","17,485","647.6"
"Gonorrhea","2018","California","06","25-29","18,101","580.2"
"Primary and Secondary Syphilis","2018","California","06","15-19","328","12.9"
"Primary and Secondary Syphilis","2018","California","06","20-24","1,228","45.5"
"Primary and Secondary Syphilis","2018","California","06","25-29","1,510","48.4"
"Chlamydia","2018","Colorado","08","15-19","7,299","2018.5"
"Chlamydia","2018","Colorado","08","20-24","10,095","2676.2"
"Chlamydia","2018","Colorado","08","25-29","5,680","1251.1"
"Gonorrhea","2018","Colorado","08","15-19","1,146","316.9"
"Gonorrhea","2018","Colorado","08","20-24","2,160","572.6"
"Gonorrhea","2018","Colorado","08","25-29","1,955","430.6"
"Primary and Secondary Syphilis","2018","Colorado","08","15-19","8","2.2"
"Primary and Secondary Syphilis","2018","Colorado","08","20-24","47","12.5"
"Primary and Secondary Syphilis","2018","Colorado","08","25-29","82","18.1"
"Chlamydia","2018","Connecticut","09","15-19","4,684","1938.3"
"Chlamydia","2018","Connecticut","09","20-24","6,287","2593.8"
"Chlamydia","2018","Connecticut","09","25-29","2,888","1293.7"
"Gonorrhea","2018","Connecticut","09","15-19","777","321.5"
"Gonorrhea","2018","Connecticut","09","20-24","1,269","523.5"
"Gonorrhea","2018","Connecticut","09","25-29","1,051","470.8"
"Primary and Secondary Syphilis","2018","Connecticut","09","15-19","2","0.8"
"Primary and Secondary Syphilis","2018","Connecticut","09","20-24","12","5.0"
"Primary and Secondary Syphilis","2018","Connecticut","09","25-29","27","12.1"
"Chlamydia","2018","Delaware","10","15-19","1,667","2769.3"
"Chlamydia","2018","Delaware","10","20-24","2,315","4000.3"
"Chlamydia","2018","Delaware","10","25-29","1,043","1563.0"
"Gonorrhea","2018","Delaware","10","15-19","230","382.1"
"Gonorrhea","2018","Delaware","10","20-24","503","869.2"
"Gonorrhea","2018","Delaware","10","25-29","355","532.0"
"Primary and Secondary Syphilis","2018","Delaware","10","15-19","0","0.0"
"Primary and Secondary Syphilis","2018","Delaware","10","20-24","6","10.4"
"Primary and Secondary Syphilis","2018","Delaware","10","25-29","6","9.0"
"Chlamydia","2018","District of Columbia","11","15-19","2,038","5543.5"
"Chlamydia","2018","District of Columbia","11","20-24","2,624","4969.1"
"Chlamydia","2018","District of Columbia","11","25-29","1,955","2356.3"
"Gonorrhea","2018","District of Columbia","11","15-19","519","1411.7"
"Gonorrhea","2018","District of Columbia","11","20-24","931","1763.1"
"Gonorrhea","2018","District of Columbia","11","25-29","1,034","1246.2"
"Primary and Secondary Syphilis","2018","District of Columbia","11","15-19","9","24.5"
"Primary and Secondary Syphilis","2018","District of Columbia","11","20-24","24","45.4"
"Primary and Secondary Syphilis","2018","District of Columbia","11","25-29","61","73.5"
"Chlamydia","2018","Florida","12","15-19","26,859","2232.8"
"Chlamydia","2018","Florida","12","20-24","38,314","3028.9"
"Chlamydia","2018","Florida","12","25-29","19,880","1390.3"
"Gonorrhea","2018","Florida","12","15-19","5,112","425.0"
"Gonorrhea","2018","Florida","12","20-24","9,204","727.6"
"Gonorrhea","2018","Florida","12","25-29","7,131","498.7"
"Primary and Secondary Syphilis","2018","Florida","12","15-19","137","11.4"
"Primary and Secondary Syphilis","2018","Florida","12","20-24","471","37.2"
"Primary and Secondary Syphilis","2018","Florida","12","25-29","583","40.8"
"Chlamydia","2018","Georgia","13","15-19","18,424","2535.3"
"Chlamydia","2018","Georgia","13","20-24","24,302","3401.6"
"Chlamydia","2018","Georgia","13","25-29","12,314","1607.2"
"Gonorrhea","2018","Georgia","13","15-19","3,370","463.7"
"Gonorrhea","2018","Georgia","13","20-24","6,032","844.3"
"Gonorrhea","2018","Georgia","13","25-29","4,931","643.6"
"Primary and Secondary Syphilis","2018","Georgia","13","15-19","61","8.4"
"Primary and Secondary Syphilis","2018","Georgia","13","20-24","288","40.3"
"Primary and Secondary Syphilis","2018","Georgia","13","25-29","412","53.8"
"Chlamydia","2018","Hawaii","15","15-19","1,525","1976.2"
"Chlamydia","2018","Hawaii","15","20-24","2,960","3261.7"
"Chlamydia","2018","Hawaii","15","25-29","1,555","1495.1"
"Gonorrhea","2018","Hawaii","15","15-19","134","173.6"
"Gonorrhea","2018","Hawaii","15","20-24","352","387.9"
"Gonorrhea","2018","Hawaii","15","25-29","333","320.2"
"Primary and Secondary Syphilis","2018","Hawaii","15","15-19","4","5.2"
"Primary and Secondary Syphilis","2018","Hawaii","15","20-24","16","17.6"
"Primary and Secondary Syphilis","2018","Hawaii","15","25-29","25","24.0"
"Chlamydia","2018","Idaho","16","15-19","2,042","1656.1"
"Chlamydia","2018","Idaho","16","20-24","2,363","2059.4"
"Chlamydia","2018","Idaho","16","25-29","1,070","897.1"
"Gonorrhea","2018","Idaho","16","15-19","133","107.9"
"Gonorrhea","2018","Idaho","16","20-24","276","240.5"
"Gonorrhea","2018","Idaho","16","25-29","261","218.8"
"Primary and Secondary Syphilis","2018","Idaho","16","15-19","4","3.2"
"Primary and Secondary Syphilis","2018","Idaho","16","20-24","7","6.1"
"Primary and Secondary Syphilis","2018","Idaho","16","25-29","7","5.9"
"Chlamydia","2018","Illinois","17","15-19","20,523","2480.3"
"Chlamydia","2018","Illinois","17","20-24","28,233","3343.5"
"Chlamydia","2018","Illinois","17","25-29","14,622","1623.0"
"Gonorrhea","2018","Illinois","17","15-19","4,857","587.0"
"Gonorrhea","2018","Illinois","17","20-24","7,549","894.0"
"Gonorrhea","2018","Illinois","17","25-29","5,750","638.3"
"Primary and Secondary Syphilis","2018","Illinois","17","15-19","62","7.5"
"Primary and Secondary Syphilis","2018","Illinois","17","20-24","242","28.7"
"Primary and Secondary Syphilis","2018","Illinois","17","25-29","320","35.5"
"Chlamydia","2018","Indiana","18","15-19","10,105","2210.1"
"Chlamydia","2018","Indiana","18","20-24","13,151","2780.7"
"Chlamydia","2018","Indiana","18","25-29","6,178","1344.6"
"Gonorrhea","2018","Indiana","18","15-19","2,220","485.5"
"Gonorrhea","2018","Indiana","18","20-24","3,572","755.3"
"Gonorrhea","2018","Indiana","18","25-29","2,775","604.0"
"Primary and Secondary Syphilis","2018","Indiana","18","15-19","16","3.5"
"Primary and Secondary Syphilis","2018","Indiana","18","20-24","81","17.1"
"Primary and Secondary Syphilis","2018","Indiana","18","25-29","85","18.5"
"Chlamydia","2018","Iowa","19","15-19","4,061","1912.3"
"Chlamydia","2018","Iowa","19","20-24","5,582","2466.6"
"Chlamydia","2018","Iowa","19","25-29","2,586","1267.3"
"Gonorrhea","2018","Iowa","19","15-19","745","350.8"
"Gonorrhea","2018","Iowa","19","20-24","1,261","557.2"
"Gonorrhea","2018","Iowa","19","25-29","1,080","529.3"
"Primary and Secondary Syphilis","2018","Iowa","19","15-19","2","0.9"
"Primary and Secondary Syphilis","2018","Iowa","19","20-24","19","8.4"
"Primary and Secondary Syphilis","2018","Iowa","19","25-29","21","10.3"
"Chlamydia","2018","Kansas","20","15-19","4,142","2064.3"
"Chlamydia","2018","Kansas","20","20-24","5,561","2602.8"
"Chlamydia","2018","Kansas","20","25-29","2,391","1222.4"
"Gonorrhea","2018","Kansas","20","15-19","982","489.4"
"Gonorrhea","2018","Kansas","20","20-24","1,542","721.7"
"Gonorrhea","2018","Kansas","20","25-29","1,051","537.3"
"Primary and Secondary Syphilis","2018","Kansas","20","15-19","15","7.5"
"Primary and Secondary Syphilis","2018","Kansas","20","20-24","31","14.5"
"Primary and Secondary Syphilis","2018","Kansas","20","25-29","32","16.4"
"Chlamydia","2018","Kentucky","21","15-19","5,220","1824.0"
"Chlamydia","2018","Kentucky","21","20-24","7,488","2493.7"
"Chlamydia","2018","Kentucky","21","25-29","3,529","1139.3"
"Gonorrhea","2018","Kentucky","21","15-19","1,174","410.2"
"Gonorrhea","2018","Kentucky","21","20-24","2,047","681.7"
"Gonorrhea","2018","Kentucky","21","25-29","1,587","512.3"
"Primary and Secondary Syphilis","2018","Kentucky","21","15-19","18","6.3"
"Primary and Secondary Syphilis","2018","Kentucky","21","20-24","62","20.6"
"Primary and Secondary Syphilis","2018","Kentucky","21","25-29","78","25.2"
"Chlamydia","2018","Louisiana","22","15-19","11,784","3976.6"
"Chlamydia","2018","Louisiana","22","20-24","13,121","4252.0"
"Chlamydia","2018","Louisiana","22","25-29","6,043","1760.3"
"Gonorrhea","2018","Louisiana","22","15-19","2,751","928.3"
"Gonorrhea","2018","Louisiana","22","20-24","3,793","1229.2"
"Gonorrhea","2018","Louisiana","22","25-29","2,446","712.5"
"Primary and Secondary Syphilis","2018","Louisiana","22","15-19","51","17.2"
"Primary and Secondary Syphilis","2018","Louisiana","22","20-24","150","48.6"
"Primary and Secondary Syphilis","2018","Louisiana","22","25-29","167","48.6"
"Chlamydia","2018","Maine","23","15-19","840","1075.4"
"Chlamydia","2018","Maine","23","20-24","1,457","1930.4"
"Chlamydia","2018","Maine","23","25-29","645","799.6"
"Gonorrhea","2018","Maine","23","15-19","67","85.8"
"Gonorrhea","2018","Maine","23","20-24","178","235.8"
"Gonorrhea","2018","Maine","23","25-29","166","205.8"
"Primary and Secondary Syphilis","2018","Maine","23","15-19","3","3.8"
"Primary and Secondary Syphilis","2018","Maine","23","20-24","12","15.9"
"Primary and Secondary Syphilis","2018","Maine","23","25-29","13","16.1"
"Chlamydia","2018","Maryland","24","15-19","9,837","2582.1"
"Chlamydia","2018","Maryland","24","20-24","12,805","3410.0"
"Chlamydia","2018","Maryland","24","25-29","6,515","1564.5"
"Gonorrhea","2018","Maryland","24","15-19","1,769","464.3"
"Gonorrhea","2018","Maryland","24","20-24","2,732","727.5"
"Gonorrhea","2018","Maryland","24","25-29","2,278","547.0"
"Primary and Secondary Syphilis","2018","Maryland","24","15-19","30","7.9"
"Primary and Secondary Syphilis","2018","Maryland","24","20-24","112","29.8"
"Primary and Secondary Syphilis","2018","Maryland","24","25-29","177","42.5"
"Chlamydia","2018","Massachusetts","25","15-19","6,728","1484.6"
"Chlamydia","2018","Massachusetts","25","20-24","11,475","2342.5"
"Chlamydia","2018","Massachusetts","25","25-29","6,050","1199.1"
"Gonorrhea","2018","Massachusetts","25","15-19","751","165.7"
"Gonorrhea","2018","Massachusetts","25","20-24","1,952","398.5"
"Gonorrhea","2018","Massachusetts","25","25-29","1,955","387.5"
"Primary and Secondary Syphilis","2018","Massachusetts","25","15-19","22","4.9"
"Primary and Secondary Syphilis","2018","Massachusetts","25","20-24","96","19.6"
"Primary and Secondary Syphilis","2018","Massachusetts","25","25-29","116","23.0"
"Chlamydia","2018","Michigan","26","15-19","15,030","2303.7"
"Chlamydia","2018","Michigan","26","20-24","18,808","2712.7"
"Chlamydia","2018","Michigan","26","25-29","9,304","1342.5"
"Gonorrhea","2018","Michigan","26","15-19","3,454","529.4"
"Gonorrhea","2018","Michigan","26","20-24","4,879","703.7"
"Gonorrhea","2018","Michigan","26","25-29","3,604","520.0"
"Primary and Secondary Syphilis","2018","Michigan","26","15-19","29","4.4"
"Primary and Secondary Syphilis","2018","Michigan","26","20-24","127","18.3"
"Primary and Secondary Syphilis","2018","Michigan","26","25-29","158","22.8"
"Chlamydia","2018","Minnesota","27","15-19","5,973","1669.1"
"Chlamydia","2018","Minnesota","27","20-24","8,479","2362.7"
"Chlamydia","2018","Minnesota","27","25-29","4,304","1145.0"
"Gonorrhea","2018","Minnesota","27","15-19","1,248","348.7"
"Gonorrhea","2018","Minnesota","27","20-24","1,930","537.8"
"Gonorrhea","2018","Minnesota","27","25-29","1,619","430.7"
"Primary and Secondary Syphilis","2018","Minnesota","27","15-19","15","4.2"
"Primary and Secondary Syphilis","2018","Minnesota","27","20-24","39","10.9"
"Primary and Secondary Syphilis","2018","Minnesota","27","25-29","61","16.2"
"Chlamydia","2018","Mississippi","28","15-19","7,186","3541.6"
"Chlamydia","2018","Mississippi","28","20-24","8,519","4171.6"
"Chlamydia","2018","Mississippi","28","25-29","3,697","1764.0"
"Gonorrhea","2018","Mississippi","28","15-19","2,202","1085.2"
"Gonorrhea","2018","Mississippi","28","20-24","3,275","1603.7"
"Gonorrhea","2018","Mississippi","28","25-29","2,032","969.6"
"Primary and Secondary Syphilis","2018","Mississippi","28","15-19","54","26.6"
"Primary and Secondary Syphilis","2018","Mississippi","28","20-24","131","64.1"
"Primary and Secondary Syphilis","2018","Mississippi","28","25-29","108","51.5"
"Chlamydia","2018","Missouri","29","15-19","9,834","2515.4"
"Chlamydia","2018","Missouri","29","20-24","12,823","3142.5"
"Chlamydia","2018","Missouri","29","25-29","6,363","1495.3"
"Gonorrhea","2018","Missouri","29","15-19","2,615","668.9"
"Gonorrhea","2018","Missouri","29","20-24","4,063","995.7"
"Gonorrhea","2018","Missouri","29","25-29","3,334","783.5"
"Primary and Secondary Syphilis","2018","Missouri","29","15-19","28","7.2"
"Primary and Secondary Syphilis","2018","Missouri","29","20-24","133","32.6"
"Primary and Secondary Syphilis","2018","Missouri","29","25-29","182","42.8"
"Chlamydia","2018","Montana","30","15-19","1,401","2196.3"
"Chlamydia","2018","Montana","30","20-24","1,762","2433.6"
"Chlamydia","2018","Montana","30","25-29","843","1183.5"
"Gonorrhea","2018","Montana","30","15-19","144","225.7"
"Gonorrhea","2018","Montana","30","20-24","280","386.7"
"Gonorrhea","2018","Montana","30","25-29","249","349.6"
"Primary and Secondary Syphilis","2018","Montana","30","15-19","5","7.8"
"Primary and Secondary Syphilis","2018","Montana","30","20-24","7","9.7"
"Primary and Secondary Syphilis","2018","Montana","30","25-29","6","8.4"
"Chlamydia","2018","Nebraska","31","15-19","2,069","1574.1"
"Chlamydia","2018","Nebraska","31","20-24","3,086","2263.2"
"Chlamydia","2018","Nebraska","31","25-29","1,482","1158.2"
"Gonorrhea","2018","Nebraska","31","15-19","358","272.4"
"Gonorrhea","2018","Nebraska","31","20-24","742","544.2"
"Gonorrhea","2018","Nebraska","31","25-29","619","483.7"
"Primary and Secondary Syphilis","2018","Nebraska","31","15-19","3","2.3"
"Primary and Secondary Syphilis","2018","Nebraska","31","20-24","21","15.4"
"Primary and Secondary Syphilis","2018","Nebraska","31","25-29","23","18.0"
"Chlamydia","2018","Nevada","32","15-19","3,874","2142.2"
"Chlamydia","2018","Nevada","32","20-24","5,999","3303.7"
"Chlamydia","2018","Nevada","32","25-29","3,601","1587.5"
"Gonorrhea","2018","Nevada","32","15-19","1,039","574.5"
"Gonorrhea","2018","Nevada","32","20-24","1,559","858.6"
"Gonorrhea","2018","Nevada","32","25-29","1,380","608.4"
"Primary and Secondary Syphilis","2018","Nevada","32","15-19","17","9.4"
"Primary and Secondary Syphilis","2018","Nevada","32","20-24","107","58.9"
"Primary and Secondary Syphilis","2018","Nevada","32","25-29","148","65.2"
"Chlamydia","2018","New Hampshire","33","15-19","857","1012.2"
"Chlamydia","2018","New Hampshire","33","20-24","1,629","1826.5"
"Chlamydia","2018","New Hampshire","33","25-29","671","780.9"
"Gonorrhea","2018","New Hampshire","33","15-19","55","65.0"
"Gonorrhea","2018","New Hampshire","33","20-24","151","169.3"
"Gonorrhea","2018","New Hampshire","33","25-29","114","132.7"
"Primary and Secondary Syphilis","2018","New Hampshire","33","15-19","4","4.7"
"Primary and Secondary Syphilis","2018","New Hampshire","33","20-24","15","16.8"
"Primary and Secondary Syphilis","2018","New Hampshire","33","25-29","15","17.5"
"Chlamydia","2018","New Jersey","34","15-19","7,794","1402.4"
"Chlamydia","2018","New Jersey","34","20-24","14,817","2703.8"
"Chlamydia","2018","New Jersey","34","25-29","7,147","1236.3"
"Gonorrhea","2018","New Jersey","34","15-19","1,284","231.0"
"Gonorrhea","2018","New Jersey","34","20-24","2,582","471.2"
"Gonorrhea","2018","New Jersey","34","25-29","1,962","339.4"
"Primary and Secondary Syphilis","2018","New Jersey","34","15-19","16","2.9"
"Primary and Secondary Syphilis","2018","New Jersey","34","20-24","98","17.9"
"Primary and Secondary Syphilis","2018","New Jersey","34","25-29","141","24.4"
"Chlamydia","2018","New Mexico","35","15-19","3,540","2547.0"
"Chlamydia","2018","New Mexico","35","20-24","4,718","3339.9"
"Chlamydia","2018","New Mexico","35","25-29","2,646","1819.5"
"Gonorrhea","2018","New Mexico","35","15-19","615","442.5"
"Gonorrhea","2018","New Mexico","35","20-24","1,204","852.3"
"Gonorrhea","2018","New Mexico","35","25-29","1,185","814.8"
"Primary and Secondary Syphilis","2018","New Mexico","35","15-19","15","10.8"
"Primary and Secondary Syphilis","2018","New Mexico","35","20-24","45","31.9"
"Primary and Secondary Syphilis","2018","New Mexico","35","25-29","44","30.3"
"Chlamydia","2018","New York","36","15-19","27,637","2326.5"
"Chlamydia","2018","New York","36","20-24","39,163","3018.0"
"Chlamydia","2018","New York","36","25-29","24,154","1630.1"
"Gonorrhea","2018","New York","36","15-19","4,675","393.6"
"Gonorrhea","2018","New York","36","20-24","8,369","644.9"
"Gonorrhea","2018","New York","36","25-29","8,946","603.8"
"Primary and Secondary Syphilis","2018","New York","36","15-19","79","6.7"
"Primary and Secondary Syphilis","2018","New York","36","20-24","378","29.1"
"Primary and Secondary Syphilis","2018","New York","36","25-29","588","39.7"
"Chlamydia","2018","North Carolina","37","15-19","18,789","2737.8"
"Chlamydia","2018","North Carolina","37","20-24","25,265","3614.8"
"Chlamydia","2018","North Carolina","37","25-29","12,266","1686.1"
"Gonorrhea","2018","North Carolina","37","15-19","4,204","612.6"
"Gonorrhea","2018","North Carolina","37","20-24","7,092","1014.7"
"Gonorrhea","2018","North Carolina","37","25-29","5,306","729.4"
"Primary and Secondary Syphilis","2018","North Carolina","37","15-19","59","8.6"
"Primary and Secondary Syphilis","2018","North Carolina","37","20-24","210","30.0"
"Primary and Secondary Syphilis","2018","North Carolina","37","25-29","270","37.1"
"Chlamydia","2018","North Dakota","38","15-19","824","1751.6"
"Chlamydia","2018","North Dakota","38","20-24","1,370","2164.8"
"Chlamydia","2018","North Dakota","38","25-29","666","1094.0"
"Gonorrhea","2018","North Dakota","38","15-19","188","399.6"
"Gonorrhea","2018","North Dakota","38","20-24","370","584.7"
"Gonorrhea","2018","North Dakota","38","25-29","311","510.9"
"Primary and Secondary Syphilis","2018","North Dakota","38","15-19","1","2.1"
"Primary and Secondary Syphilis","2018","North Dakota","38","20-24","6","9.5"
"Primary and Secondary Syphilis","2018","North Dakota","38","25-29","15","24.6"
"Chlamydia","2018","Ohio","39","15-19","18,843","2478.6"
"Chlamydia","2018","Ohio","39","20-24","23,507","3105.1"
"Chlamydia","2018","Ohio","39","25-29","11,220","1393.9"
"Gonorrhea","2018","Ohio","39","15-19","4,635","609.7"
"Gonorrhea","2018","Ohio","39","20-24","7,134","942.3"
"Gonorrhea","2018","Ohio","39","25-29","5,431","674.7"
"Primary and Secondary Syphilis","2018","Ohio","39","15-19","54","7.1"
"Primary and Secondary Syphilis","2018","Ohio","39","20-24","143","18.9"
"Primary and Secondary Syphilis","2018","Ohio","39","25-29","163","20.3"
"Chlamydia","2018","Oklahoma","40","15-19","6,343","2403.5"
"Chlamydia","2018","Oklahoma","40","20-24","8,005","2924.0"
"Chlamydia","2018","Oklahoma","40","25-29","3,869","1378.0"
"Gonorrhea","2018","Oklahoma","40","15-19","1,534","581.3"
"Gonorrhea","2018","Oklahoma","40","20-24","2,461","898.9"
"Gonorrhea","2018","Oklahoma","40","25-29","1,884","671.0"
"Primary and Secondary Syphilis","2018","Oklahoma","40","15-19","28","10.6"
"Primary and Secondary Syphilis","2018","Oklahoma","40","20-24","88","32.1"
"Primary and Secondary Syphilis","2018","Oklahoma","40","25-29","84","29.9"
"Chlamydia","2018","Oregon","41","15-19","4,590","1864.4"
"Chlamydia","2018","Oregon","41","20-24","6,582","2484.3"
"Chlamydia","2018","Oregon","41","25-29","3,637","1200.6"
"Gonorrhea","2018","Oregon","41","15-19","541","219.7"
"Gonorrhea","2018","Oregon","41","20-24","1,213","457.8"
"Gonorrhea","2018","Oregon","41","25-29","1,302","429.8"
"Primary and Secondary Syphilis","2018","Oregon","41","15-19","12","4.9"
"Primary and Secondary Syphilis","2018","Oregon","41","20-24","61","23.0"
"Primary and Secondary Syphilis","2018","Oregon","41","25-29","91","30.0"
"Chlamydia","2018","Pennsylvania","42","15-19","16,357","2021.4"
"Chlamydia","2018","Pennsylvania","42","20-24","22,265","2740.6"
"Chlamydia","2018","Pennsylvania","42","25-29","10,869","1250.3"
"Gonorrhea","2018","Pennsylvania","42","15-19","2,514","310.7"
"Gonorrhea","2018","Pennsylvania","42","20-24","4,324","532.2"
"Gonorrhea","2018","Pennsylvania","42","25-29","3,554","408.8"
"Primary and Secondary Syphilis","2018","Pennsylvania","42","15-19","42","5.2"
"Primary and Secondary Syphilis","2018","Pennsylvania","42","20-24","161","19.8"
"Primary and Secondary Syphilis","2018","Pennsylvania","42","25-29","190","21.9"
"Chlamydia","2018","Rhode Island","44","15-19","1,392","1943.8"
"Chlamydia","2018","Rhode Island","44","20-24","2,134","2780.9"
"Chlamydia","2018","Rhode Island","44","25-29","997","1301.3"
"Gonorrhea","2018","Rhode Island","44","15-19","180","251.4"
"Gonorrhea","2018","Rhode Island","44","20-24","373","486.1"
"Gonorrhea","2018","Rhode Island","44","25-29","275","358.9"
"Primary and Secondary Syphilis","2018","Rhode Island","44","15-19","4","5.6"
"Primary and Secondary Syphilis","2018","Rhode Island","44","20-24","14","18.2"
"Primary and Secondary Syphilis","2018","Rhode Island","44","25-29","14","18.3"
"Chlamydia","2018","South Carolina","45","15-19","10,147","3139.3"
"Chlamydia","2018","South Carolina","45","20-24","12,401","3743.3"
"Chlamydia","2018","South Carolina","45","25-29","6,193","1747.5"
"Gonorrhea","2018","South Carolina","45","15-19","2,855","883.3"
"Gonorrhea","2018","South Carolina","45","20-24","4,253","1283.8"
"Gonorrhea","2018","South Carolina","45","25-29","2,974","839.2"
"Primary and Secondary Syphilis","2018","South Carolina","45","15-19","24","7.4"
"Primary and Secondary Syphilis","2018","South Carolina","45","20-24","82","24.8"
"Primary and Secondary Syphilis","2018","South Carolina","45","25-29","111","31.3"
"Chlamydia","2018","South Dakota","46","15-19","1,094","1909.7"
"Chlamydia","2018","South Dakota","46","20-24","1,625","2734.8"
"Chlamydia","2018","South Dakota","46","25-29","849","1460.9"
"Gonorrhea","2018","South Dakota","46","15-19","233","406.7"
"Gonorrhea","2018","South Dakota","46","20-24","483","812.9"
"Gonorrhea","2018","South Dakota","46","25-29","399","686.6"
"Primary and Secondary Syphilis","2018","South Dakota","46","15-19","0","0.0"
"Primary and Secondary Syphilis","2018","South Dakota","46","20-24","12","20.2"
"Primary and Secondary Syphilis","2018","South Dakota","46","25-29","7","12.0"
"Chlamydia","2018","Tennessee","47","15-19","10,734","2525.4"
"Chlamydia","2018","Tennessee","47","20-24","14,332","3212.6"
"Chlamydia","2018","Tennessee","47","25-29","7,137","1447.3"
"Gonorrhea","2018","Tennessee","47","15-19","2,700","635.2"
"Gonorrhea","2018","Tennessee","47","20-24","4,545","1018.8"
"Gonorrhea","2018","Tennessee","47","25-29","3,217","652.4"
"Primary and Secondary Syphilis","2018","Tennessee","47","15-19","23","5.4"
"Primary and Secondary Syphilis","2018","Tennessee","47","20-24","120","26.9"
"Primary and Secondary Syphilis","2018","Tennessee","47","25-29","144","29.2"
"Chlamydia","2018","Texas","48","15-19","39,437","1941.9"
"Chlamydia","2018","Texas","48","20-24","54,102","2716.6"
"Chlamydia","2018","Texas","48","25-29","26,893","1248.5"
"Gonorrhea","2018","Texas","48","15-19","9,355","460.6"
"Gonorrhea","2018","Texas","48","20-24","14,166","711.3"
"Gonorrhea","2018","Texas","48","25-29","10,064","467.2"
"Primary and Secondary Syphilis","2018","Texas","48","15-19","161","7.9"
"Primary and Secondary Syphilis","2018","Texas","48","20-24","553","27.8"
"Primary and Secondary Syphilis","2018","Texas","48","25-29","598","27.8"
"Chlamydia","2018","Utah","49","15-19","2,633","1059.9"
"Chlamydia","2018","Utah","49","20-24","3,734","1441.3"
"Chlamydia","2018","Utah","49","25-29","1,898","769.0"
"Gonorrhea","2018","Utah","49","15-19","319","128.4"
"Gonorrhea","2018","Utah","49","20-24","689","266.0"
"Gonorrhea","2018","Utah","49","25-29","620","251.2"
"Primary and Secondary Syphilis","2018","Utah","49","15-19","9","3.6"
"Primary and Secondary Syphilis","2018","Utah","49","20-24","21","8.1"
"Primary and Secondary Syphilis","2018","Utah","49","25-29","37","15.0"
"Chlamydia","2018","Vermont","50","15-19","345","828.0"
"Chlamydia","2018","Vermont","50","20-24","730","1593.4"
"Chlamydia","2018","Vermont","50","25-29","357","951.2"
"Gonorrhea","2018","Vermont","50","15-19","31","74.4"
"Gonorrhea","2018","Vermont","50","20-24","71","155.0"
"Gonorrhea","2018","Vermont","50","25-29","61","162.5"
"Primary and Secondary Syphilis","2018","Vermont","50","15-19","2","4.8"
"Primary and Secondary Syphilis","2018","Vermont","50","20-24","1","2.2"
"Primary and Secondary Syphilis","2018","Vermont","50","25-29","3","8.0"
"Chlamydia","2018","Virginia","51","15-19","7,645","1412.4"
"Chlamydia","2018","Virginia","51","20-24","18,208","3157.9"
"Chlamydia","2018","Virginia","51","25-29","9,301","1545.5"
"Gonorrhea","2018","Virginia","51","15-19","1,407","259.9"
"Gonorrhea","2018","Virginia","51","20-24","3,618","627.5"
"Gonorrhea","2018","Virginia","51","25-29","2,945","489.4"
"Primary and Secondary Syphilis","2018","Virginia","51","15-19","9","1.7"
"Primary and Secondary Syphilis","2018","Virginia","51","20-24","127","22.0"
"Primary and Secondary Syphilis","2018","Virginia","51","25-29","174","28.9"
"Chlamydia","2018","Washington","53","15-19","7,661","1717.2"
"Chlamydia","2018","Washington","53","20-24","11,741","2437.3"
"Chlamydia","2018","Washington","53","25-29","6,603","1121.2"
"Gonorrhea","2018","Washington","53","15-19","1,040","233.1"
"Gonorrhea","2018","Washington","53","20-24","2,291","475.6"
"Gonorrhea","2018","Washington","53","25-29","2,456","417.0"
"Primary and Secondary Syphilis","2018","Washington","53","15-19","23","5.2"
"Primary and Secondary Syphilis","2018","Washington","53","20-24","111","23.0"
"Primary and Secondary Syphilis","2018","Washington","53","25-29","160","27.2"
"Chlamydia","2018","West Virginia","54","15-19","1,011","947.2"
"Chlamydia","2018","West Virginia","54","20-24","1,455","1291.8"
"Chlamydia","2018","West Virginia","54","25-29","603","532.1"
"Gonorrhea","2018","West Virginia","54","15-19","150","140.5"
"Gonorrhea","2018","West Virginia","54","20-24","311","276.1"
"Gonorrhea","2018","West Virginia","54","25-29","251","221.5"
"Primary and Secondary Syphilis","2018","West Virginia","54","15-19","3","2.8"
"Primary and Secondary Syphilis","2018","West Virginia","54","20-24","15","13.3"
"Primary and Secondary Syphilis","2018","West Virginia","54","25-29","12","10.6"
"Chlamydia","2018","Wisconsin","55","15-19","7,576","2003.5"
"Chlamydia","2018","Wisconsin","55","20-24","10,484","2653.5"
"Chlamydia","2018","Wisconsin","55","25-29","5,234","1398.6"
"Gonorrhea","2018","Wisconsin","55","15-19","1,684","445.3"
"Gonorrhea","2018","Wisconsin","55","20-24","2,152","544.7"
"Gonorrhea","2018","Wisconsin","55","25-29","1,569","419.3"
"Primary and Secondary Syphilis","2018","Wisconsin","55","15-19","9","2.4"
"Primary and Secondary Syphilis","2018","Wisconsin","55","20-24","34","8.6"
"Primary and Secondary Syphilis","2018","Wisconsin","55","25-29","33","8.8"
"Chlamydia","2018","Wyoming","56","15-19","677","1865.6"
"Chlamydia","2018","Wyoming","56","20-24","828","2169.5"
"Chlamydia","2018","Wyoming","56","25-29","356","916.3"
"Gonorrhea","2018","Wyoming","56","15-19","52","143.3"
"Gonorrhea","2018","Wyoming","56","20-24","75","196.5"
"Gonorrhea","2018","Wyoming","56","25-29","79","203.3"
"Primary and Secondary Syphilis","2018","Wyoming","56","15-19","2","5.5"
"Primary and Secondary Syphilis","2018","Wyoming","56","20-24","7","18.3"
"Primary and Secondary Syphilis","2018","Wyoming","56","25-29","5","12.9"
"Chlamydia","2017","Alabama","01","15-19","9,549","3000.3"
"Chlamydia","2017","Alabama","01","20-24","11,698","3557.7"
"Chlamydia","2017","Alabama","01","25-29","4,713","1392.5"
"Gonorrhea","2017","Alabama","01","15-19","2,755","865.6"
"Gonorrhea","2017","Alabama","01","20-24","3,857","1173.0"
"Gonorrhea","2017","Alabama","01","25-29","2,327","687.5"
"Primary and Secondary Syphilis","2017","Alabama","01","15-19","31","9.7"
"Primary and Secondary Syphilis","2017","Alabama","01","20-24","106","32.2"
"Primary and Secondary Syphilis","2017","Alabama","01","25-29","113","33.4"
"Chlamydia","2017","Alaska","02","15-19","1,249","2677.8"
"Chlamydia","2017","Alaska","02","20-24","2,019","3698.3"
"Chlamydia","2017","Alaska","02","25-29","1,274","2029.3"
"Gonorrhea","2017","Alaska","02","15-19","214","458.8"
"Gonorrhea","2017","Alaska","02","20-24","485","888.4"
"Gonorrhea","2017","Alaska","02","25-29","551","877.7"
"Primary and Secondary Syphilis","2017","Alaska","02","15-19","0","0.0"
"Primary and Secondary Syphilis","2017","Alaska","02","20-24","4","7.3"
"Primary and Secondary Syphilis","2017","Alaska","02","25-29","3","4.8"
"Chlamydia","2017","Arizona","04","15-19","9,386","2000.1"
"Chlamydia","2017","Arizona","04","20-24","14,461","2968.6"
"Chlamydia","2017","Arizona","04","25-29","7,692","1524.0"
"Gonorrhea","2017","Arizona","04","15-19","1,866","397.6"
"Gonorrhea","2017","Arizona","04","20-24","3,225","662.0"
"Gonorrhea","2017","Arizona","04","25-29","2,783","551.4"
"Primary and Secondary Syphilis","2017","Arizona","04","15-19","43","9.2"
"Primary and Secondary Syphilis","2017","Arizona","04","20-24","160","32.8"
"Primary and Secondary Syphilis","2017","Arizona","04","25-29","203","40.2"
"Chlamydia","2017","Arkansas","05","15-19","5,487","2772.2"
"Chlamydia","2017","Arkansas","05","20-24","6,397","3159.9"
"Chlamydia","2017","Arkansas","05","25-29","2,886","1402.9"
"Gonorrhea","2017","Arkansas","05","15-19","1,561","788.7"
"Gonorrhea","2017","Arkansas","05","20-24","1,993","984.5"
"Gonorrhea","2017","Arkansas","05","25-29","1,443","701.4"
"Primary and Secondary Syphilis","2017","Arkansas","05","15-19","20","10.1"
"Primary and Secondary Syphilis","2017","Arkansas","05","20-24","60","29.6"
"Primary and Secondary Syphilis","2017","Arkansas","05","25-29","49","23.8"
"Chlamydia","2017","California","06","15-19","40,306","1577.3"
"Chlamydia","2017","California","06","20-24","76,439","2778.6"
"Chlamydia","2017","California","06","25-29","45,924","1471.9"
"Gonorrhea","2017","California","06","15-19","7,260","284.1"
"Gonorrhea","2017","California","06","20-24","17,223","626.1"
"Gonorrhea","2017","California","06","25-29","17,117","548.6"
"Primary and Secondary Syphilis","2017","California","06","15-19","274","10.7"
"Primary and Secondary Syphilis","2017","California","06","20-24","1,089","39.6"
"Primary and Secondary Syphilis","2017","California","06","25-29","1,281","41.1"
"Chlamydia","2017","Colorado","08","15-19","6,610","1854.4"
"Chlamydia","2017","Colorado","08","20-24","9,613","2543.0"
"Chlamydia","2017","Colorado","08","25-29","5,239","1185.8"
"Gonorrhea","2017","Colorado","08","15-19","1,196","335.5"
"Gonorrhea","2017","Colorado","08","20-24","2,200","582.0"
"Gonorrhea","2017","Colorado","08","25-29","1,929","436.6"
"Primary and Secondary Syphilis","2017","Colorado","08","15-19","13","3.6"
"Primary and Secondary Syphilis","2017","Colorado","08","20-24","45","11.9"
"Primary and Secondary Syphilis","2017","Colorado","08","25-29","62","14.0"
"Chlamydia","2017","Connecticut","09","15-19","4,739","1940.7"
"Chlamydia","2017","Connecticut","09","20-24","6,779","2758.5"
"Chlamydia","2017","Connecticut","09","25-29","3,174","1441.5"
"Gonorrhea","2017","Connecticut","09","15-19","615","251.9"
"Gonorrhea","2017","Connecticut","09","20-24","1,070","435.4"
"Gonorrhea","2017","Connecticut","09","25-29","827","375.6"
"Primary and Secondary Syphilis","2017","Connecticut","09","15-19","9","3.7"
"Primary and Secondary Syphilis","2017","Connecticut","09","20-24","22","9.0"
"Primary and Secondary Syphilis","2017","Connecticut","09","25-29","21","9.5"
"Chlamydia","2017","Delaware","10","15-19","1,609","2675.6"
"Chlamydia","2017","Delaware","10","20-24","2,001","3398.6"
"Chlamydia","2017","Delaware","10","25-29","979","1452.3"
"Gonorrhea","2017","Delaware","10","15-19","312","518.8"
"Gonorrhea","2017","Delaware","10","20-24","487","827.1"
"Gonorrhea","2017","Delaware","10","25-29","387","574.1"
"Primary and Secondary Syphilis","2017","Delaware","10","15-19","2","3.3"
"Primary and Secondary Syphilis","2017","Delaware","10","20-24","9","15.3"
"Primary and Secondary Syphilis","2017","Delaware","10","25-29","11","16.3"
"Chlamydia","2017","District of Columbia","11","15-19","1,916","5216.3"
"Chlamydia","2017","District of Columbia","11","20-24","2,741","5144.9"
"Chlamydia","2017","District of Columbia","11","25-29","2,057","2454.4"
"Gonorrhea","2017","District of Columbia","11","15-19","623","1696.1"
"Gonorrhea","2017","District of Columbia","11","20-24","1,057","1984.0"
"Gonorrhea","2017","District of Columbia","11","25-29","1,140","1360.3"
"Primary and Secondary Syphilis","2017","District of Columbia","11","15-19","11","29.9"
"Primary and Secondary Syphilis","2017","District of Columbia","11","20-24","24","45.0"
"Primary and Secondary Syphilis","2017","District of Columbia","11","25-29","64","76.4"
"Chlamydia","2017","Florida","12","15-19","25,632","2127.6"
"Chlamydia","2017","Florida","12","20-24","36,783","2892.5"
"Chlamydia","2017","Florida","12","25-29","19,293","1354.4"
"Gonorrhea","2017","Florida","12","15-19","5,339","443.2"
"Gonorrhea","2017","Florida","12","20-24","9,086","714.5"
"Gonorrhea","2017","Florida","12","25-29","7,011","492.2"
"Primary and Secondary Syphilis","2017","Florida","12","15-19","121","10.0"
"Primary and Secondary Syphilis","2017","Florida","12","20-24","413","32.5"
"Primary and Secondary Syphilis","2017","Florida","12","25-29","498","35.0"
"Chlamydia","2017","Georgia","13","15-19","18,406","2547.6"
"Chlamydia","2017","Georgia","13","20-24","23,925","3335.4"
"Chlamydia","2017","Georgia","13","25-29","12,166","1614.9"
"Gonorrhea","2017","Georgia","13","15-19","4,043","559.6"
"Gonorrhea","2017","Georgia","13","20-24","6,894","961.1"
"Gonorrhea","2017","Georgia","13","25-29","5,191","689.0"
"Primary and Secondary Syphilis","2017","Georgia","13","15-19","71","9.8"
"Primary and Secondary Syphilis","2017","Georgia","13","20-24","278","38.8"
"Primary and Secondary Syphilis","2017","Georgia","13","25-29","391","51.9"
"Chlamydia","2017","Hawaii","15","15-19","1,369","1768.7"
"Chlamydia","2017","Hawaii","15","20-24","2,638","2823.6"
"Chlamydia","2017","Hawaii","15","25-29","1,368","1298.4"
"Gonorrhea","2017","Hawaii","15","15-19","148","191.2"
"Gonorrhea","2017","Hawaii","15","20-24","328","351.1"
"Gonorrhea","2017","Hawaii","15","25-29","306","290.4"
"Primary and Secondary Syphilis","2017","Hawaii","15","15-19","0","0.0"
"Primary and Secondary Syphilis","2017","Hawaii","15","20-24","15","16.1"
"Primary and Secondary Syphilis","2017","Hawaii","15","25-29","20","19.0"
"Chlamydia","2017","Idaho","16","15-19","1,829","1499.7"
"Chlamydia","2017","Idaho","16","20-24","2,257","1988.2"
"Chlamydia","2017","Idaho","16","25-29","1,053","907.4"
"Gonorrhea","2017","Idaho","16","15-19","104","85.3"
"Gonorrhea","2017","Idaho","16","20-24","256","225.5"
"Gonorrhea","2017","Idaho","16","25-29","200","172.3"
"Primary and Secondary Syphilis","2017","Idaho","16","15-19","3","2.5"
"Primary and Secondary Syphilis","2017","Idaho","16","20-24","14","12.3"
"Primary and Secondary Syphilis","2017","Idaho","16","25-29","16","13.8"
"Chlamydia","2017","Illinois","17","15-19","19,917","2385.7"
"Chlamydia","2017","Illinois","17","20-24","28,461","3302.5"
"Chlamydia","2017","Illinois","17","25-29","13,988","1549.4"
"Gonorrhea","2017","Illinois","17","15-19","4,867","583.0"
"Gonorrhea","2017","Illinois","17","20-24","7,347","852.5"
"Gonorrhea","2017","Illinois","17","25-29","5,047","559.0"
"Primary and Secondary Syphilis","2017","Illinois","17","15-19","43","5.2"
"Primary and Secondary Syphilis","2017","Illinois","17","20-24","213","24.7"
"Primary and Secondary Syphilis","2017","Illinois","17","25-29","276","30.6"
"Chlamydia","2017","Indiana","18","15-19","9,817","2150.1"
"Chlamydia","2017","Indiana","18","20-24","13,195","2782.6"
"Chlamydia","2017","Indiana","18","25-29","6,107","1353.7"
"Gonorrhea","2017","Indiana","18","15-19","2,445","535.5"
"Gonorrhea","2017","Indiana","18","20-24","3,631","765.7"
"Gonorrhea","2017","Indiana","18","25-29","2,596","575.4"
"Primary and Secondary Syphilis","2017","Indiana","18","15-19","23","5.0"
"Primary and Secondary Syphilis","2017","Indiana","18","20-24","70","14.8"
"Primary and Secondary Syphilis","2017","Indiana","18","25-29","86","19.1"
"Chlamydia","2017","Iowa","19","15-19","3,863","1807.4"
"Chlamydia","2017","Iowa","19","20-24","5,294","2316.6"
"Chlamydia","2017","Iowa","19","25-29","2,425","1208.5"
"Gonorrhea","2017","Iowa","19","15-19","620","290.1"
"Gonorrhea","2017","Iowa","19","20-24","1,035","452.9"
"Gonorrhea","2017","Iowa","19","25-29","835","416.1"
"Primary and Secondary Syphilis","2017","Iowa","19","15-19","6","2.8"
"Primary and Secondary Syphilis","2017","Iowa","19","20-24","16","7.0"
"Primary and Secondary Syphilis","2017","Iowa","19","25-29","20","10.0"
"Chlamydia","2017","Kansas","20","15-19","3,865","1931.1"
"Chlamydia","2017","Kansas","20","20-24","5,345","2486.2"
"Chlamydia","2017","Kansas","20","25-29","2,349","1211.6"
"Gonorrhea","2017","Kansas","20","15-19","872","435.7"
"Gonorrhea","2017","Kansas","20","20-24","1,342","624.2"
"Gonorrhea","2017","Kansas","20","25-29","922","475.6"
"Primary and Secondary Syphilis","2017","Kansas","20","15-19","7","3.5"
"Primary and Secondary Syphilis","2017","Kansas","20","20-24","26","12.1"
"Primary and Secondary Syphilis","2017","Kansas","20","25-29","27","13.9"
"Chlamydia","2017","Kentucky","21","15-19","5,807","2020.5"
"Chlamydia","2017","Kentucky","21","20-24","7,403","2440.3"
"Chlamydia","2017","Kentucky","21","25-29","3,245","1059.0"
"Gonorrhea","2017","Kentucky","21","15-19","1,343","467.3"
"Gonorrhea","2017","Kentucky","21","20-24","2,117","697.8"
"Gonorrhea","2017","Kentucky","21","25-29","1,527","498.3"
"Primary and Secondary Syphilis","2017","Kentucky","21","15-19","5","1.7"
"Primary and Secondary Syphilis","2017","Kentucky","21","20-24","45","14.8"
"Primary and Secondary Syphilis","2017","Kentucky","21","25-29","63","20.6"
"Chlamydia","2017","Louisiana","22","15-19","11,220","3754.9"
"Chlamydia","2017","Louisiana","22","20-24","12,753","4031.7"
"Chlamydia","2017","Louisiana","22","25-29","5,678","1632.8"
"Gonorrhea","2017","Louisiana","22","15-19","2,812","941.1"
"Gonorrhea","2017","Louisiana","22","20-24","4,091","1293.3"
"Gonorrhea","2017","Louisiana","22","25-29","2,313","665.1"
"Primary and Secondary Syphilis","2017","Louisiana","22","15-19","56","18.7"
"Primary and Secondary Syphilis","2017","Louisiana","22","20-24","171","54.1"
"Primary and Secondary Syphilis","2017","Louisiana","22","25-29","164","47.2"
"Chlamydia","2017","Maine","23","15-19","1,086","1380.5"
"Chlamydia","2017","Maine","23","20-24","1,768","2323.6"
"Chlamydia","2017","Maine","23","25-29","894","1117.7"
"Gonorrhea","2017","Maine","23","15-19","58","73.7"
"Gonorrhea","2017","Maine","23","20-24","131","172.2"
"Gonorrhea","2017","Maine","23","25-29","149","186.3"
"Primary and Secondary Syphilis","2017","Maine","23","15-19","1","1.3"
"Primary and Secondary Syphilis","2017","Maine","23","20-24","12","15.8"
"Primary and Secondary Syphilis","2017","Maine","23","25-29","13","16.3"
"Chlamydia","2017","Maryland","24","15-19","9,440","2466.1"
"Chlamydia","2017","Maryland","24","20-24","12,299","3213.1"
"Chlamydia","2017","Maryland","24","25-29","5,994","1435.1"
"Gonorrhea","2017","Maryland","24","15-19","2,117","553.1"
"Gonorrhea","2017","Maryland","24","20-24","3,158","825.0"
"Gonorrhea","2017","Maryland","24","25-29","2,367","566.7"
"Primary and Secondary Syphilis","2017","Maryland","24","15-19","31","8.1"
"Primary and Secondary Syphilis","2017","Maryland","24","20-24","103","26.9"
"Primary and Secondary Syphilis","2017","Maryland","24","25-29","145","34.7"
"Chlamydia","2017","Massachusetts","25","15-19","6,678","1465.6"
"Chlamydia","2017","Massachusetts","25","20-24","11,363","2299.9"
"Chlamydia","2017","Massachusetts","25","25-29","5,718","1139.3"
"Gonorrhea","2017","Massachusetts","25","15-19","733","160.9"
"Gonorrhea","2017","Massachusetts","25","20-24","1,915","387.6"
"Gonorrhea","2017","Massachusetts","25","25-29","1,802","359.0"
"Primary and Secondary Syphilis","2017","Massachusetts","25","15-19","13","2.9"
"Primary and Secondary Syphilis","2017","Massachusetts","25","20-24","85","17.2"
"Primary and Secondary Syphilis","2017","Massachusetts","25","25-29","127","25.3"
"Chlamydia","2017","Michigan","26","15-19","14,997","2266.4"
"Chlamydia","2017","Michigan","26","20-24","19,316","2739.6"
"Chlamydia","2017","Michigan","26","25-29","9,130","1344.4"
"Gonorrhea","2017","Michigan","26","15-19","3,334","503.8"
"Gonorrhea","2017","Michigan","26","20-24","4,811","682.4"
"Gonorrhea","2017","Michigan","26","25-29","3,467","510.5"
"Primary and Secondary Syphilis","2017","Michigan","26","15-19","39","5.9"
"Primary and Secondary Syphilis","2017","Michigan","26","20-24","103","14.6"
"Primary and Secondary Syphilis","2017","Michigan","26","25-29","107","15.8"
"Chlamydia","2017","Minnesota","27","15-19","5,912","1659.4"
"Chlamydia","2017","Minnesota","27","20-24","8,624","2381.2"
"Chlamydia","2017","Minnesota","27","25-29","4,403","1188.1"
"Gonorrhea","2017","Minnesota","27","15-19","1,166","327.3"
"Gonorrhea","2017","Minnesota","27","20-24","1,745","481.8"
"Gonorrhea","2017","Minnesota","27","25-29","1,351","364.5"
"Primary and Secondary Syphilis","2017","Minnesota","27","15-19","9","2.5"
"Primary and Secondary Syphilis","2017","Minnesota","27","20-24","60","16.6"
"Primary and Secondary Syphilis","2017","Minnesota","27","25-29","69","18.6"
"Chlamydia","2017","Mississippi","28","15-19","7,020","3388.3"
"Chlamydia","2017","Mississippi","28","20-24","8,216","3909.1"
"Chlamydia","2017","Mississippi","28","25-29","3,362","1617.4"
"Gonorrhea","2017","Mississippi","28","15-19","2,183","1053.6"
"Gonorrhea","2017","Mississippi","28","20-24","3,173","1509.7"
"Gonorrhea","2017","Mississippi","28","25-29","1,847","888.6"
"Primary and Secondary Syphilis","2017","Mississippi","28","15-19","34","16.4"
"Primary and Secondary Syphilis","2017","Mississippi","28","20-24","89","42.3"
"Primary and Secondary Syphilis","2017","Mississippi","28","25-29","53","25.5"
"Chlamydia","2017","Missouri","29","15-19","9,615","2449.5"
"Chlamydia","2017","Missouri","29","20-24","12,207","2953.2"
"Chlamydia","2017","Missouri","29","25-29","5,703","1353.9"
"Gonorrhea","2017","Missouri","29","15-19","2,512","640.0"
"Gonorrhea","2017","Missouri","29","20-24","3,811","922.0"
"Gonorrhea","2017","Missouri","29","25-29","2,723","646.4"
"Primary and Secondary Syphilis","2017","Missouri","29","15-19","19","4.8"
"Primary and Secondary Syphilis","2017","Missouri","29","20-24","87","21.0"
"Primary and Secondary Syphilis","2017","Missouri","29","25-29","108","25.6"
"Chlamydia","2017","Montana","30","15-19","1,310","2056.5"
"Chlamydia","2017","Montana","30","20-24","1,604","2186.7"
"Chlamydia","2017","Montana","30","25-29","804","1152.8"
"Gonorrhea","2017","Montana","30","15-19","103","161.7"
"Gonorrhea","2017","Montana","30","20-24","211","287.7"
"Gonorrhea","2017","Montana","30","25-29","183","262.4"
"Primary and Secondary Syphilis","2017","Montana","30","15-19","0","0.0"
"Primary and Secondary Syphilis","2017","Montana","30","20-24","6","8.2"
"Primary and Secondary Syphilis","2017","Montana","30","25-29","13","18.6"
"Chlamydia","2017","Nebraska","31","15-19","2,159","1659.2"
"Chlamydia","2017","Nebraska","31","20-24","3,328","2422.1"
"Chlamydia","2017","Nebraska","31","25-29","1,600","1266.0"
"Gonorrhea","2017","Nebraska","31","15-19","420","322.8"
"Gonorrhea","2017","Nebraska","31","20-24","728","529.8"
"Gonorrhea","2017","Nebraska","31","25-29","593","469.2"
"Primary and Secondary Syphilis","2017","Nebraska","31","15-19","2","1.5"
"Primary and Secondary Syphilis","2017","Nebraska","31","20-24","4","2.9"
"Primary and Secondary Syphilis","2017","Nebraska","31","25-29","13","10.3"
"Chlamydia","2017","Nevada","32","15-19","3,683","2058.9"
"Chlamydia","2017","Nevada","32","20-24","5,626","3111.1"
"Chlamydia","2017","Nevada","32","25-29","3,344","1500.7"
"Gonorrhea","2017","Nevada","32","15-19","721","403.1"
"Gonorrhea","2017","Nevada","32","20-24","1,293","715.0"
"Gonorrhea","2017","Nevada","32","25-29","1,260","565.5"
"Primary and Secondary Syphilis","2017","Nevada","32","15-19","17","9.5"
"Primary and Secondary Syphilis","2017","Nevada","32","20-24","73","40.4"
"Primary and Secondary Syphilis","2017","Nevada","32","25-29","136","61.0"
"Chlamydia","2017","New Hampshire","33","15-19","1,048","1220.5"
"Chlamydia","2017","New Hampshire","33","20-24","1,948","2141.7"
"Chlamydia","2017","New Hampshire","33","25-29","770","913.2"
"Gonorrhea","2017","New Hampshire","33","15-19","40","46.6"
"Gonorrhea","2017","New Hampshire","33","20-24","108","118.7"
"Gonorrhea","2017","New Hampshire","33","25-29","115","136.4"
"Primary and Secondary Syphilis","2017","New Hampshire","33","15-19","0","0.0"
"Primary and Secondary Syphilis","2017","New Hampshire","33","20-24","3","3.3"
"Primary and Secondary Syphilis","2017","New Hampshire","33","25-29","11","13.0"
"Chlamydia","2017","New Jersey","34","15-19","7,365","1316.0"
"Chlamydia","2017","New Jersey","34","20-24","14,281","2561.5"
"Chlamydia","2017","New Jersey","34","25-29","6,997","1223.9"
"Gonorrhea","2017","New Jersey","34","15-19","1,492","266.6"
"Gonorrhea","2017","New Jersey","34","20-24","2,708","485.7"
"Gonorrhea","2017","New Jersey","34","25-29","1,941","339.5"
"Primary and Secondary Syphilis","2017","New Jersey","34","15-19","21","3.8"
"Primary and Secondary Syphilis","2017","New Jersey","34","20-24","98","17.6"
"Primary and Secondary Syphilis","2017","New Jersey","34","25-29","111","19.4"
"Chlamydia","2017","New Mexico","35","15-19","3,447","2476.5"
"Chlamydia","2017","New Mexico","35","20-24","4,646","3225.6"
"Chlamydia","2017","New Mexico","35","25-29","2,673","1842.6"
"Gonorrhea","2017","New Mexico","35","15-19","618","444.0"
"Gonorrhea","2017","New Mexico","35","20-24","1,108","769.3"
"Gonorrhea","2017","New Mexico","35","25-29","988","681.1"
"Primary and Secondary Syphilis","2017","New Mexico","35","15-19","9","6.5"
"Primary and Secondary Syphilis","2017","New Mexico","35","20-24","43","29.9"
"Primary and Secondary Syphilis","2017","New Mexico","35","25-29","39","26.9"
"Chlamydia","2017","New York","36","15-19","27,129","2257.0"
"Chlamydia","2017","New York","36","20-24","38,794","2922.2"
"Chlamydia","2017","New York","36","25-29","23,334","1565.2"
"Gonorrhea","2017","New York","36","15-19","4,571","380.3"
"Gonorrhea","2017","New York","36","20-24","7,986","601.5"
"Gonorrhea","2017","New York","36","25-29","8,165","547.7"
"Primary and Secondary Syphilis","2017","New York","36","15-19","90","7.5"
"Primary and Secondary Syphilis","2017","New York","36","20-24","356","26.8"
"Primary and Secondary Syphilis","2017","New York","36","25-29","568","38.1"
"Chlamydia","2017","North Carolina","37","15-19","18,121","2663.0"
"Chlamydia","2017","North Carolina","37","20-24","24,297","3476.8"
"Chlamydia","2017","North Carolina","37","25-29","11,031","1542.4"
"Gonorrhea","2017","North Carolina","37","15-19","4,209","618.6"
"Gonorrhea","2017","North Carolina","37","20-24","7,186","1028.3"
"Gonorrhea","2017","North Carolina","37","25-29","4,982","696.6"
"Primary and Secondary Syphilis","2017","North Carolina","37","15-19","63","9.3"
"Primary and Secondary Syphilis","2017","North Carolina","37","20-24","250","35.8"
"Primary and Secondary Syphilis","2017","North Carolina","37","25-29","261","36.5"
"Chlamydia","2017","North Dakota","38","15-19","719","1528.4"
"Chlamydia","2017","North Dakota","38","20-24","1,274","1970.2"
"Chlamydia","2017","North Dakota","38","25-29","686","1127.5"
"Gonorrhea","2017","North Dakota","38","15-19","136","289.1"
"Gonorrhea","2017","North Dakota","38","20-24","276","426.8"
"Gonorrhea","2017","North Dakota","38","25-29","235","386.3"
"Primary and Secondary Syphilis","2017","North Dakota","38","15-19","4","8.5"
"Primary and Secondary Syphilis","2017","North Dakota","38","20-24","10","15.5"
"Primary and Secondary Syphilis","2017","North Dakota","38","25-29","4","6.6"
"Chlamydia","2017","Ohio","39","15-19","18,903","2463.0"
"Chlamydia","2017","Ohio","39","20-24","22,924","2992.5"
"Chlamydia","2017","Ohio","39","25-29","10,562","1323.9"
"Gonorrhea","2017","Ohio","39","15-19","4,650","605.9"
"Gonorrhea","2017","Ohio","39","20-24","6,966","909.3"
"Gonorrhea","2017","Ohio","39","25-29","5,142","644.5"
"Primary and Secondary Syphilis","2017","Ohio","39","15-19","29","3.8"
"Primary and Secondary Syphilis","2017","Ohio","39","20-24","167","21.8"
"Primary and Secondary Syphilis","2017","Ohio","39","25-29","205","25.7"
"Chlamydia","2017","Oklahoma","40","15-19","6,120","2323.5"
"Chlamydia","2017","Oklahoma","40","20-24","8,092","2939.3"
"Chlamydia","2017","Oklahoma","40","25-29","3,933","1400.8"
"Gonorrhea","2017","Oklahoma","40","15-19","1,573","597.2"
"Gonorrhea","2017","Oklahoma","40","20-24","2,434","884.1"
"Gonorrhea","2017","Oklahoma","40","25-29","2,073","738.3"
"Primary and Secondary Syphilis","2017","Oklahoma","40","15-19","19","7.2"
"Primary and Secondary Syphilis","2017","Oklahoma","40","20-24","69","25.1"
"Primary and Secondary Syphilis","2017","Oklahoma","40","25-29","86","30.6"
"Chlamydia","2017","Oregon","41","15-19","4,729","1917.9"
"Chlamydia","2017","Oregon","41","20-24","6,339","2389.6"
"Chlamydia","2017","Oregon","41","25-29","3,411","1142.4"
"Gonorrhea","2017","Oregon","41","15-19","499","202.4"
"Gonorrhea","2017","Oregon","41","20-24","1,023","385.6"
"Gonorrhea","2017","Oregon","41","25-29","1,092","365.7"
"Primary and Secondary Syphilis","2017","Oregon","41","15-19","9","3.7"
"Primary and Secondary Syphilis","2017","Oregon","41","20-24","53","20.0"
"Primary and Secondary Syphilis","2017","Oregon","41","25-29","65","21.8"
"Chlamydia","2017","Pennsylvania","42","15-19","15,879","1950.8"
"Chlamydia","2017","Pennsylvania","42","20-24","21,257","2572.1"
"Chlamydia","2017","Pennsylvania","42","25-29","10,386","1193.7"
"Gonorrhea","2017","Pennsylvania","42","15-19","2,608","320.4"
"Gonorrhea","2017","Pennsylvania","42","20-24","4,315","522.1"
"Gonorrhea","2017","Pennsylvania","42","25-29","3,430","394.2"
"Primary and Secondary Syphilis","2017","Pennsylvania","42","15-19","33","4.1"
"Primary and Secondary Syphilis","2017","Pennsylvania","42","20-24","132","16.0"
"Primary and Secondary Syphilis","2017","Pennsylvania","42","25-29","212","24.4"
"Chlamydia","2017","Rhode Island","44","15-19","1,503","2087.0"
"Chlamydia","2017","Rhode Island","44","20-24","2,140","2743.3"
"Chlamydia","2017","Rhode Island","44","25-29","840","1103.5"
"Gonorrhea","2017","Rhode Island","44","15-19","176","244.4"
"Gonorrhea","2017","Rhode Island","44","20-24","300","384.6"
"Gonorrhea","2017","Rhode Island","44","25-29","240","315.3"
"Primary and Secondary Syphilis","2017","Rhode Island","44","15-19","6","8.3"
"Primary and Secondary Syphilis","2017","Rhode Island","44","20-24","16","20.5"
"Primary and Secondary Syphilis","2017","Rhode Island","44","25-29","10","13.1"
"Chlamydia","2017","South Carolina","45","15-19","9,451","2934.6"
"Chlamydia","2017","South Carolina","45","20-24","12,274","3669.6"
"Chlamydia","2017","South Carolina","45","25-29","5,783","1648.3"
"Gonorrhea","2017","South Carolina","45","15-19","2,612","811.0"
"Gonorrhea","2017","South Carolina","45","20-24","4,088","1222.2"
"Gonorrhea","2017","South Carolina","45","25-29","2,703","770.4"
"Primary and Secondary Syphilis","2017","South Carolina","45","15-19","25","7.8"
"Primary and Secondary Syphilis","2017","South Carolina","45","20-24","95","28.4"
"Primary and Secondary Syphilis","2017","South Carolina","45","25-29","71","20.2"
"Chlamydia","2017","South Dakota","46","15-19","1,096","1918.0"
"Chlamydia","2017","South Dakota","46","20-24","1,663","2763.1"
"Chlamydia","2017","South Dakota","46","25-29","852","1467.2"
"Gonorrhea","2017","South Dakota","46","15-19","235","411.3"
"Gonorrhea","2017","South Dakota","46","20-24","372","618.1"
"Gonorrhea","2017","South Dakota","46","25-29","279","480.5"
"Primary and Secondary Syphilis","2017","South Dakota","46","15-19","2","3.5"
"Primary and Secondary Syphilis","2017","South Dakota","46","20-24","13","21.6"
"Primary and Secondary Syphilis","2017","South Dakota","46","25-29","8","13.8"
"Chlamydia","2017","Tennessee","47","15-19","10,060","2369.4"
"Chlamydia","2017","Tennessee","47","20-24","13,594","3044.6"
"Chlamydia","2017","Tennessee","47","25-29","6,353","1314.2"
"Gonorrhea","2017","Tennessee","47","15-19","2,439","574.5"
"Gonorrhea","2017","Tennessee","47","20-24","4,050","907.1"
"Gonorrhea","2017","Tennessee","47","25-29","2,623","542.6"
"Primary and Secondary Syphilis","2017","Tennessee","47","15-19","24","5.7"
"Primary and Secondary Syphilis","2017","Tennessee","47","20-24","118","26.4"
"Primary and Secondary Syphilis","2017","Tennessee","47","25-29","118","24.4"
"Chlamydia","2017","Texas","48","15-19","40,748","2029.4"
"Chlamydia","2017","Texas","48","20-24","56,133","2814.6"
"Chlamydia","2017","Texas","48","25-29","27,842","1308.3"
"Gonorrhea","2017","Texas","48","15-19","9,454","470.8"
"Gonorrhea","2017","Texas","48","20-24","14,633","733.7"
"Gonorrhea","2017","Texas","48","25-29","9,984","469.2"
"Primary and Secondary Syphilis","2017","Texas","48","15-19","131","6.5"
"Primary and Secondary Syphilis","2017","Texas","48","20-24","479","24.0"
"Primary and Secondary Syphilis","2017","Texas","48","25-29","557","26.2"
"Chlamydia","2017","Utah","49","15-19","2,553","1051.7"
"Chlamydia","2017","Utah","49","20-24","3,614","1420.3"
"Chlamydia","2017","Utah","49","25-29","1,886","784.5"
"Gonorrhea","2017","Utah","49","15-19","275","113.3"
"Gonorrhea","2017","Utah","49","20-24","569","223.6"
"Gonorrhea","2017","Utah","49","25-29","581","241.7"
"Primary and Secondary Syphilis","2017","Utah","49","15-19","4","1.6"
"Primary and Secondary Syphilis","2017","Utah","49","20-24","27","10.6"
"Primary and Secondary Syphilis","2017","Utah","49","25-29","22","9.2"
"Chlamydia","2017","Vermont","50","15-19","363","861.8"
"Chlamydia","2017","Vermont","50","20-24","806","1730.5"
"Chlamydia","2017","Vermont","50","25-29","355","961.9"
"Gonorrhea","2017","Vermont","50","15-19","17","40.4"
"Gonorrhea","2017","Vermont","50","20-24","54","115.9"
"Gonorrhea","2017","Vermont","50","25-29","38","103.0"
"Primary and Secondary Syphilis","2017","Vermont","50","15-19","0","0.0"
"Primary and Secondary Syphilis","2017","Vermont","50","20-24","0","0.0"
"Primary and Secondary Syphilis","2017","Vermont","50","25-29","2","5.4"
"Chlamydia","2017","Virginia","51","15-19","7,665","1417.9"
"Chlamydia","2017","Virginia","51","20-24","18,049","3093.4"
"Chlamydia","2017","Virginia","51","25-29","9,205","1534.7"
"Gonorrhea","2017","Virginia","51","15-19","1,605","296.9"
"Gonorrhea","2017","Virginia","51","20-24","4,044","693.1"
"Gonorrhea","2017","Virginia","51","25-29","3,150","525.2"
"Primary and Secondary Syphilis","2017","Virginia","51","15-19","15","2.8"
"Primary and Secondary Syphilis","2017","Virginia","51","20-24","92","15.8"
"Primary and Secondary Syphilis","2017","Virginia","51","25-29","140","23.3"
"Chlamydia","2017","Washington","53","15-19","7,299","1637.9"
"Chlamydia","2017","Washington","53","20-24","11,356","2351.7"
"Chlamydia","2017","Washington","53","25-29","6,184","1072.1"
"Gonorrhea","2017","Washington","53","15-19","930","208.7"
"Gonorrhea","2017","Washington","53","20-24","2,208","457.3"
"Gonorrhea","2017","Washington","53","25-29","2,133","369.8"
"Primary and Secondary Syphilis","2017","Washington","53","15-19","19","4.3"
"Primary and Secondary Syphilis","2017","Washington","53","20-24","109","22.6"
"Primary and Secondary Syphilis","2017","Washington","53","25-29","141","24.4"
"Chlamydia","2017","West Virginia","54","15-19","1,192","1103.9"
"Chlamydia","2017","West Virginia","54","20-24","1,717","1494.3"
"Chlamydia","2017","West Virginia","54","25-29","677","596.0"
"Gonorrhea","2017","West Virginia","54","15-19","223","206.5"
"Gonorrhea","2017","West Virginia","54","20-24","397","345.5"
"Gonorrhea","2017","West Virginia","54","25-29","248","218.3"
"Primary and Secondary Syphilis","2017","West Virginia","54","15-19","6","5.6"
"Primary and Secondary Syphilis","2017","West Virginia","54","20-24","12","10.4"
"Primary and Secondary Syphilis","2017","West Virginia","54","25-29","19","16.7"
"Chlamydia","2017","Wisconsin","55","15-19","7,384","1946.5"
"Chlamydia","2017","Wisconsin","55","20-24","10,665","2660.0"
"Chlamydia","2017","Wisconsin","55","25-29","5,155","1407.4"
"Gonorrhea","2017","Wisconsin","55","15-19","1,822","480.3"
"Gonorrhea","2017","Wisconsin","55","20-24","2,224","554.7"
"Gonorrhea","2017","Wisconsin","55","25-29","1,440","393.1"
"Primary and Secondary Syphilis","2017","Wisconsin","55","15-19","8","2.1"
"Primary and Secondary Syphilis","2017","Wisconsin","55","20-24","36","9.0"
"Primary and Secondary Syphilis","2017","Wisconsin","55","25-29","36","9.8"
"Chlamydia","2017","Wyoming","56","15-19","654","1802.2"
"Chlamydia","2017","Wyoming","56","20-24","791","2047.4"
"Chlamydia","2017","Wyoming","56","25-29","380","963.7"
"Gonorrhea","2017","Wyoming","56","15-19","82","226.0"
"Gonorrhea","2017","Wyoming","56","20-24","113","292.5"
"Gonorrhea","2017","Wyoming","56","25-29","104","263.7"
"Primary and Secondary Syphilis","2017","Wyoming","56","15-19","1","2.8"
"Primary and Secondary Syphilis","2017","Wyoming","56","20-24","0","0.0"
"Primary and Secondary Syphilis","2017","Wyoming","56","25-29","0","0.0"
"Chlamydia","2016","Alabama","01","15-19","6,931","2161.5"
"Chlamydia","2016","Alabama","01","20-24","9,487","2824.4"
"Chlamydia","2016","Alabama","01","25-29","4,020","1207.9"
"Gonorrhea","2016","Alabama","01","15-19","1,568","489.0"
"Gonorrhea","2016","Alabama","01","20-24","2,682","798.5"
"Gonorrhea","2016","Alabama","01","25-29","1,441","433.0"
"Primary and Secondary Syphilis","2016","Alabama","01","15-19","38","11.9"
"Primary and Secondary Syphilis","2016","Alabama","01","20-24","93","27.7"
"Primary and Secondary Syphilis","2016","Alabama","01","25-29","98","29.4"
"Chlamydia","2016","Alaska","02","15-19","1,313","2782.2"
"Chlamydia","2016","Alaska","02","20-24","1,961","3433.1"
"Chlamydia","2016","Alaska","02","25-29","1,183","1883.8"
"Gonorrhea","2016","Alaska","02","15-19","140","296.7"
"Gonorrhea","2016","Alaska","02","20-24","334","584.7"
"Gonorrhea","2016","Alaska","02","25-29","342","544.6"
"Primary and Secondary Syphilis","2016","Alaska","02","15-19","0","0.0"
"Primary and Secondary Syphilis","2016","Alaska","02","20-24","1","1.8"
"Primary and Secondary Syphilis","2016","Alaska","02","25-29","4","6.4"
"Chlamydia","2016","Arizona","04","15-19","8,421","1799.1"
"Chlamydia","2016","Arizona","04","20-24","13,018","2658.4"
"Chlamydia","2016","Arizona","04","25-29","6,661","1362.5"
"Gonorrhea","2016","Arizona","04","15-19","1,531","327.1"
"Gonorrhea","2016","Arizona","04","20-24","3,016","615.9"
"Gonorrhea","2016","Arizona","04","25-29","2,227","455.5"
"Primary and Secondary Syphilis","2016","Arizona","04","15-19","44","9.4"
"Primary and Secondary Syphilis","2016","Arizona","04","20-24","132","27.0"
"Primary and Secondary Syphilis","2016","Arizona","04","25-29","146","29.9"
"Chlamydia","2016","Arkansas","05","15-19","5,304","2669.0"
"Chlamydia","2016","Arkansas","05","20-24","6,353","3098.6"
"Chlamydia","2016","Arkansas","05","25-29","2,689","1330.0"
"Gonorrhea","2016","Arkansas","05","15-19","1,320","664.2"
"Gonorrhea","2016","Arkansas","05","20-24","1,876","915.0"
"Gonorrhea","2016","Arkansas","05","25-29","1,100","544.1"
"Primary and Secondary Syphilis","2016","Arkansas","05","15-19","4","2.0"
"Primary and Secondary Syphilis","2016","Arkansas","05","20-24","30","14.6"
"Primary and Secondary Syphilis","2016","Arkansas","05","25-29","43","21.3"
"Chlamydia","2016","California","06","15-19","36,668","1421.6"
"Chlamydia","2016","California","06","20-24","70,467","2511.7"
"Chlamydia","2016","California","06","25-29","41,261","1342.7"
"Gonorrhea","2016","California","06","15-19","6,393","247.9"
"Gonorrhea","2016","California","06","20-24","15,510","552.8"
"Gonorrhea","2016","California","06","25-29","14,751","480.0"
"Primary and Secondary Syphilis","2016","California","06","15-19","223","8.6"
"Primary and Secondary Syphilis","2016","California","06","20-24","952","33.9"
"Primary and Secondary Syphilis","2016","California","06","25-29","1,113","36.2"
"Chlamydia","2016","Colorado","08","15-19","6,070","1719.1"
"Chlamydia","2016","Colorado","08","20-24","9,369","2461.5"
"Chlamydia","2016","Colorado","08","25-29","5,139","1199.0"
"Gonorrhea","2016","Colorado","08","15-19","909","257.4"
"Gonorrhea","2016","Colorado","08","20-24","1,596","419.3"
"Gonorrhea","2016","Colorado","08","25-29","1,340","312.6"
"Primary and Secondary Syphilis","2016","Colorado","08","15-19","6","1.7"
"Primary and Secondary Syphilis","2016","Colorado","08","20-24","31","8.1"
"Primary and Secondary Syphilis","2016","Colorado","08","25-29","62","14.5"
"Chlamydia","2016","Connecticut","09","15-19","3,207","1296.8"
"Chlamydia","2016","Connecticut","09","20-24","5,704","2311.1"
"Chlamydia","2016","Connecticut","09","25-29","2,603","1191.7"
"Gonorrhea","2016","Connecticut","09","15-19","378","152.8"
"Gonorrhea","2016","Connecticut","09","20-24","740","299.8"
"Gonorrhea","2016","Connecticut","09","25-29","638","292.1"
"Primary and Secondary Syphilis","2016","Connecticut","09","15-19","5","2.0"
"Primary and Secondary Syphilis","2016","Connecticut","09","20-24","26","10.5"
"Primary and Secondary Syphilis","2016","Connecticut","09","25-29","30","13.7"
"Chlamydia","2016","Delaware","10","15-19","1,574","2628.3"
"Chlamydia","2016","Delaware","10","20-24","2,062","3432.1"
"Chlamydia","2016","Delaware","10","25-29","931","1387.5"
"Gonorrhea","2016","Delaware","10","15-19","298","497.6"
"Gonorrhea","2016","Delaware","10","20-24","467","777.3"
"Gonorrhea","2016","Delaware","10","25-29","375","558.9"
"Primary and Secondary Syphilis","2016","Delaware","10","15-19","0","0.0"
"Primary and Secondary Syphilis","2016","Delaware","10","20-24","10","16.6"
"Primary and Secondary Syphilis","2016","Delaware","10","25-29","10","14.9"
"Chlamydia","2016","District of Columbia","11","15-19","1,580","4319.2"
"Chlamydia","2016","District of Columbia","11","20-24","2,316","4275.7"
"Chlamydia","2016","District of Columbia","11","25-29","1,544","1861.0"
"Gonorrhea","2016","District of Columbia","11","15-19","437","1194.6"
"Gonorrhea","2016","District of Columbia","11","20-24","818","1510.1"
"Gonorrhea","2016","District of Columbia","11","25-29","765","922.0"
"Primary and Secondary Syphilis","2016","District of Columbia","11","15-19","3","8.2"
"Primary and Secondary Syphilis","2016","District of Columbia","11","20-24","19","35.1"
"Primary and Secondary Syphilis","2016","District of Columbia","11","25-29","31","37.4"
"Chlamydia","2016","Florida","12","15-19","23,889","1995.6"
"Chlamydia","2016","Florida","12","20-24","35,717","2786.7"
"Chlamydia","2016","Florida","12","25-29","18,245","1308.9"
"Gonorrhea","2016","Florida","12","15-19","4,801","401.1"
"Gonorrhea","2016","Florida","12","20-24","8,344","651.0"
"Gonorrhea","2016","Florida","12","25-29","6,039","433.3"
"Primary and Secondary Syphilis","2016","Florida","12","15-19","106","8.9"
"Primary and Secondary Syphilis","2016","Florida","12","20-24","411","32.1"
"Primary and Secondary Syphilis","2016","Florida","12","25-29","502","36.0"
"Chlamydia","2016","Georgia","13","15-19","17,663","2465.2"
"Chlamydia","2016","Georgia","13","20-24","24,050","3327.3"
"Chlamydia","2016","Georgia","13","25-29","11,144","1518.1"
"Gonorrhea","2016","Georgia","13","15-19","3,946","550.7"
"Gonorrhea","2016","Georgia","13","20-24","6,741","932.6"
"Gonorrhea","2016","Georgia","13","25-29","4,483","610.7"
"Primary and Secondary Syphilis","2016","Georgia","13","15-19","61","8.5"
"Primary and Secondary Syphilis","2016","Georgia","13","20-24","283","39.2"
"Primary and Secondary Syphilis","2016","Georgia","13","25-29","340","46.3"
"Chlamydia","2016","Hawaii","15","15-19","1,278","1637.4"
"Chlamydia","2016","Hawaii","15","20-24","2,723","2794.3"
"Chlamydia","2016","Hawaii","15","25-29","1,391","1306.0"
"Gonorrhea","2016","Hawaii","15","15-19","155","198.6"
"Gonorrhea","2016","Hawaii","15","20-24","396","406.4"
"Gonorrhea","2016","Hawaii","15","25-29","306","287.3"
"Primary and Secondary Syphilis","2016","Hawaii","15","15-19","3","3.8"
"Primary and Secondary Syphilis","2016","Hawaii","15","20-24","16","16.4"
"Primary and Secondary Syphilis","2016","Hawaii","15","25-29","19","17.8"
"Chlamydia","2016","Idaho","16","15-19","1,645","1366.0"
"Chlamydia","2016","Idaho","16","20-24","2,231","1984.0"
"Chlamydia","2016","Idaho","16","25-29","990","882.4"
"Gonorrhea","2016","Idaho","16","15-19","66","54.8"
"Gonorrhea","2016","Idaho","16","20-24","171","152.1"
"Gonorrhea","2016","Idaho","16","25-29","167","148.8"
"Primary and Secondary Syphilis","2016","Idaho","16","15-19","2","1.7"
"Primary and Secondary Syphilis","2016","Idaho","16","20-24","5","4.4"
"Primary and Secondary Syphilis","2016","Idaho","16","25-29","8","7.1"
"Chlamydia","2016","Illinois","17","15-19","19,513","2313.5"
"Chlamydia","2016","Illinois","17","20-24","27,406","3115.0"
"Chlamydia","2016","Illinois","17","25-29","13,223","1472.4"
"Gonorrhea","2016","Illinois","17","15-19","4,505","534.1"
"Gonorrhea","2016","Illinois","17","20-24","6,847","778.3"
"Gonorrhea","2016","Illinois","17","25-29","4,436","494.0"
"Primary and Secondary Syphilis","2016","Illinois","17","15-19","50","5.9"
"Primary and Secondary Syphilis","2016","Illinois","17","20-24","207","23.5"
"Primary and Secondary Syphilis","2016","Illinois","17","25-29","302","33.6"
"Chlamydia","2016","Indiana","18","15-19","8,557","1868.2"
"Chlamydia","2016","Indiana","18","20-24","12,119","2513.6"
"Chlamydia","2016","Indiana","18","25-29","5,582","1275.0"
"Gonorrhea","2016","Indiana","18","15-19","1,843","402.4"
"Gonorrhea","2016","Indiana","18","20-24","3,116","646.3"
"Gonorrhea","2016","Indiana","18","25-29","2,047","467.6"
"Primary and Secondary Syphilis","2016","Indiana","18","15-19","15","3.3"
"Primary and Secondary Syphilis","2016","Indiana","18","20-24","79","16.4"
"Primary and Secondary Syphilis","2016","Indiana","18","25-29","69","15.8"
"Chlamydia","2016","Iowa","19","15-19","3,613","1686.1"
"Chlamydia","2016","Iowa","19","20-24","5,028","2171.9"
"Chlamydia","2016","Iowa","19","25-29","2,312","1185.7"
"Gonorrhea","2016","Iowa","19","15-19","472","220.3"
"Gonorrhea","2016","Iowa","19","20-24","776","335.2"
"Gonorrhea","2016","Iowa","19","25-29","558","286.2"
"Primary and Secondary Syphilis","2016","Iowa","19","15-19","3","1.4"
"Primary and Secondary Syphilis","2016","Iowa","19","20-24","13","5.6"
"Primary and Secondary Syphilis","2016","Iowa","19","25-29","19","9.7"
"Chlamydia","2016","Kansas","20","15-19","3,543","1764.6"
"Chlamydia","2016","Kansas","20","20-24","4,881","2226.8"
"Chlamydia","2016","Kansas","20","25-29","2,000","1042.6"
"Gonorrhea","2016","Kansas","20","15-19","584","290.9"
"Gonorrhea","2016","Kansas","20","20-24","970","442.5"
"Gonorrhea","2016","Kansas","20","25-29","773","403.0"
"Primary and Secondary Syphilis","2016","Kansas","20","15-19","7","3.5"
"Primary and Secondary Syphilis","2016","Kansas","20","20-24","27","12.3"
"Primary and Secondary Syphilis","2016","Kansas","20","25-29","18","9.4"
"Chlamydia","2016","Kentucky","21","15-19","5,043","1754.8"
"Chlamydia","2016","Kentucky","21","20-24","7,330","2388.4"
"Chlamydia","2016","Kentucky","21","25-29","3,245","1086.4"
"Gonorrhea","2016","Kentucky","21","15-19","998","347.3"
"Gonorrhea","2016","Kentucky","21","20-24","1,682","548.1"
"Gonorrhea","2016","Kentucky","21","25-29","1,226","410.5"
"Primary and Secondary Syphilis","2016","Kentucky","21","15-19","7","2.4"
"Primary and Secondary Syphilis","2016","Kentucky","21","20-24","36","11.7"
"Primary and Secondary Syphilis","2016","Kentucky","21","25-29","51","17.1"
"Chlamydia","2016","Louisiana","22","15-19","10,106","3353.6"
"Chlamydia","2016","Louisiana","22","20-24","11,914","3640.9"
"Chlamydia","2016","Louisiana","22","25-29","5,275","1510.4"
"Gonorrhea","2016","Louisiana","22","15-19","2,675","887.7"
"Gonorrhea","2016","Louisiana","22","20-24","3,747","1145.1"
"Gonorrhea","2016","Louisiana","22","25-29","1,961","561.5"
"Primary and Secondary Syphilis","2016","Louisiana","22","15-19","104","34.5"
"Primary and Secondary Syphilis","2016","Louisiana","22","20-24","201","61.4"
"Primary and Secondary Syphilis","2016","Louisiana","22","25-29","165","47.2"
"Chlamydia","2016","Maine","23","15-19","1,013","1263.8"
"Chlamydia","2016","Maine","23","20-24","1,703","2194.6"
"Chlamydia","2016","Maine","23","25-29","758","962.5"
"Gonorrhea","2016","Maine","23","15-19","34","42.4"
"Gonorrhea","2016","Maine","23","20-24","139","179.1"
"Gonorrhea","2016","Maine","23","25-29","112","142.2"
"Primary and Secondary Syphilis","2016","Maine","23","15-19","2","2.5"
"Primary and Secondary Syphilis","2016","Maine","23","20-24","8","10.3"
"Primary and Secondary Syphilis","2016","Maine","23","25-29","8","10.2"
"Chlamydia","2016","Maryland","24","15-19","8,606","2237.3"
"Chlamydia","2016","Maryland","24","20-24","11,487","2957.0"
"Chlamydia","2016","Maryland","24","25-29","5,597","1338.5"
"Gonorrhea","2016","Maryland","24","15-19","1,795","466.6"
"Gonorrhea","2016","Maryland","24","20-24","2,811","723.6"
"Gonorrhea","2016","Maryland","24","25-29","2,087","499.1"
"Primary and Secondary Syphilis","2016","Maryland","24","15-19","19","4.9"
"Primary and Secondary Syphilis","2016","Maryland","24","20-24","76","19.6"
"Primary and Secondary Syphilis","2016","Maryland","24","25-29","127","30.4"
"Chlamydia","2016","Massachusetts","25","15-19","5,961","1303.8"
"Chlamydia","2016","Massachusetts","25","20-24","10,533","2129.6"
"Chlamydia","2016","Massachusetts","25","25-29","5,273","1061.4"
"Gonorrhea","2016","Massachusetts","25","15-19","440","96.2"
"Gonorrhea","2016","Massachusetts","25","20-24","1,351","273.2"
"Gonorrhea","2016","Massachusetts","25","25-29","1,130","227.5"
"Primary and Secondary Syphilis","2016","Massachusetts","25","15-19","12","2.6"
"Primary and Secondary Syphilis","2016","Massachusetts","25","20-24","75","15.2"
"Primary and Secondary Syphilis","2016","Massachusetts","25","25-29","105","21.1"
"Chlamydia","2016","Michigan","26","15-19","13,831","2066.5"
"Chlamydia","2016","Michigan","26","20-24","17,790","2480.4"
"Chlamydia","2016","Michigan","26","25-29","7,896","1205.1"
"Gonorrhea","2016","Michigan","26","15-19","2,665","398.2"
"Gonorrhea","2016","Michigan","26","20-24","3,966","553.0"
"Gonorrhea","2016","Michigan","26","25-29","2,704","412.7"
"Primary and Secondary Syphilis","2016","Michigan","26","15-19","30","4.5"
"Primary and Secondary Syphilis","2016","Michigan","26","20-24","90","12.5"
"Primary and Secondary Syphilis","2016","Michigan","26","25-29","93","14.2"
"Chlamydia","2016","Minnesota","27","15-19","5,942","1666.6"
"Chlamydia","2016","Minnesota","27","20-24","8,503","2323.0"
"Chlamydia","2016","Minnesota","27","25-29","4,111","1128.0"
"Gonorrhea","2016","Minnesota","27","15-19","897","251.6"
"Gonorrhea","2016","Minnesota","27","20-24","1,479","404.1"
"Gonorrhea","2016","Minnesota","27","25-29","1,127","309.2"
"Primary and Secondary Syphilis","2016","Minnesota","27","15-19","14","3.9"
"Primary and Secondary Syphilis","2016","Minnesota","27","20-24","49","13.4"
"Primary and Secondary Syphilis","2016","Minnesota","27","25-29","49","13.4"
"Chlamydia","2016","Mississippi","28","15-19","6,643","3191.4"
"Chlamydia","2016","Mississippi","28","20-24","7,997","3716.4"
"Chlamydia","2016","Mississippi","28","25-29","3,061","1501.4"
"Gonorrhea","2016","Mississippi","28","15-19","1,837","882.5"
"Gonorrhea","2016","Mississippi","28","20-24","2,652","1232.5"
"Gonorrhea","2016","Mississippi","28","25-29","1,296","635.7"
"Primary and Secondary Syphilis","2016","Mississippi","28","15-19","29","13.9"
"Primary and Secondary Syphilis","2016","Mississippi","28","20-24","99","46.0"
"Primary and Secondary Syphilis","2016","Mississippi","28","25-29","77","37.8"
"Chlamydia","2016","Missouri","29","15-19","9,148","2318.1"
"Chlamydia","2016","Missouri","29","20-24","11,515","2732.0"
"Chlamydia","2016","Missouri","29","25-29","5,396","1310.7"
"Gonorrhea","2016","Missouri","29","15-19","2,343","593.7"
"Gonorrhea","2016","Missouri","29","20-24","3,521","835.4"
"Gonorrhea","2016","Missouri","29","25-29","2,349","570.6"
"Primary and Secondary Syphilis","2016","Missouri","29","15-19","24","6.1"
"Primary and Secondary Syphilis","2016","Missouri","29","20-24","88","20.9"
"Primary and Secondary Syphilis","2016","Missouri","29","25-29","89","21.6"
"Chlamydia","2016","Montana","30","15-19","1,245","1956.0"
"Chlamydia","2016","Montana","30","20-24","1,734","2341.2"
"Chlamydia","2016","Montana","30","25-29","733","1094.7"
"Gonorrhea","2016","Montana","30","15-19","127","199.5"
"Gonorrhea","2016","Montana","30","20-24","230","310.5"
"Gonorrhea","2016","Montana","30","25-29","218","325.6"
"Primary and Secondary Syphilis","2016","Montana","30","15-19","0","0.0"
"Primary and Secondary Syphilis","2016","Montana","30","20-24","3","4.1"
"Primary and Secondary Syphilis","2016","Montana","30","25-29","4","6.0"
"Chlamydia","2016","Nebraska","31","15-19","2,087","1615.7"
"Chlamydia","2016","Nebraska","31","20-24","3,218","2313.0"
"Chlamydia","2016","Nebraska","31","25-29","1,567","1265.1"
"Gonorrhea","2016","Nebraska","31","15-19","371","287.2"
"Gonorrhea","2016","Nebraska","31","20-24","630","452.8"
"Gonorrhea","2016","Nebraska","31","25-29","481","388.3"
"Primary and Secondary Syphilis","2016","Nebraska","31","15-19","2","1.5"
"Primary and Secondary Syphilis","2016","Nebraska","31","20-24","12","8.6"
"Primary and Secondary Syphilis","2016","Nebraska","31","25-29","14","11.3"
"Chlamydia","2016","Nevada","32","15-19","3,341","1883.8"
"Chlamydia","2016","Nevada","32","20-24","5,324","2930.1"
"Chlamydia","2016","Nevada","32","25-29","2,903","1339.3"
"Gonorrhea","2016","Nevada","32","15-19","634","357.5"
"Gonorrhea","2016","Nevada","32","20-24","1,091","600.4"
"Gonorrhea","2016","Nevada","32","25-29","993","458.1"
"Primary and Secondary Syphilis","2016","Nevada","32","15-19","15","8.5"
"Primary and Secondary Syphilis","2016","Nevada","32","20-24","86","47.3"
"Primary and Secondary Syphilis","2016","Nevada","32","25-29","103","47.5"
"Chlamydia","2016","New Hampshire","33","15-19","845","972.3"
"Chlamydia","2016","New Hampshire","33","20-24","1,531","1663.9"
"Chlamydia","2016","New Hampshire","33","25-29","615","751.5"
"Gonorrhea","2016","New Hampshire","33","15-19","47","54.1"
"Gonorrhea","2016","New Hampshire","33","20-24","103","111.9"
"Gonorrhea","2016","New Hampshire","33","25-29","90","110.0"
"Primary and Secondary Syphilis","2016","New Hampshire","33","15-19","1","1.2"
"Primary and Secondary Syphilis","2016","New Hampshire","33","20-24","4","4.3"
"Primary and Secondary Syphilis","2016","New Hampshire","33","25-29","4","4.9"
"Chlamydia","2016","New Jersey","34","15-19","7,378","1308.4"
"Chlamydia","2016","New Jersey","34","20-24","14,056","2496.2"
"Chlamydia","2016","New Jersey","34","25-29","6,864","1220.6"
"Gonorrhea","2016","New Jersey","34","15-19","1,379","244.5"
"Gonorrhea","2016","New Jersey","34","20-24","2,452","435.4"
"Gonorrhea","2016","New Jersey","34","25-29","1,657","294.7"
"Primary and Secondary Syphilis","2016","New Jersey","34","15-19","20","3.5"
"Primary and Secondary Syphilis","2016","New Jersey","34","20-24","79","14.0"
"Primary and Secondary Syphilis","2016","New Jersey","34","25-29","109","19.4"
"Chlamydia","2016","New Mexico","35","15-19","3,289","2356.2"
"Chlamydia","2016","New Mexico","35","20-24","4,680","3167.0"
"Chlamydia","2016","New Mexico","35","25-29","2,492","1739.2"
"Gonorrhea","2016","New Mexico","35","15-19","452","323.8"
"Gonorrhea","2016","New Mexico","35","20-24","886","599.6"
"Gonorrhea","2016","New Mexico","35","25-29","854","596.0"
"Primary and Secondary Syphilis","2016","New Mexico","35","15-19","9","6.4"
"Primary and Secondary Syphilis","2016","New Mexico","35","20-24","38","25.7"
"Primary and Secondary Syphilis","2016","New Mexico","35","25-29","50","34.9"
"Chlamydia","2016","New York","36","15-19","25,578","2098.5"
"Chlamydia","2016","New York","36","20-24","36,905","2719.8"
"Chlamydia","2016","New York","36","25-29","21,808","1459.8"
"Gonorrhea","2016","New York","36","15-19","4,161","341.4"
"Gonorrhea","2016","New York","36","20-24","7,035","518.5"
"Gonorrhea","2016","New York","36","25-29","6,889","461.1"
"Primary and Secondary Syphilis","2016","New York","36","15-19","92","7.5"
"Primary and Secondary Syphilis","2016","New York","36","20-24","387","28.5"
"Primary and Secondary Syphilis","2016","New York","36","25-29","589","39.4"
"Chlamydia","2016","North Carolina","37","15-19","16,066","2377.9"
"Chlamydia","2016","North Carolina","37","20-24","22,969","3256.3"
"Chlamydia","2016","North Carolina","37","25-29","10,317","1481.6"
"Gonorrhea","2016","North Carolina","37","15-19","3,632","537.6"
"Gonorrhea","2016","North Carolina","37","20-24","6,578","932.5"
"Gonorrhea","2016","North Carolina","37","25-29","4,334","622.4"
"Primary and Secondary Syphilis","2016","North Carolina","37","15-19","62","9.2"
"Primary and Secondary Syphilis","2016","North Carolina","37","20-24","216","30.6"
"Primary and Secondary Syphilis","2016","North Carolina","37","25-29","258","37.1"
"Chlamydia","2016","North Dakota","38","15-19","784","1647.4"
"Chlamydia","2016","North Dakota","38","20-24","1,425","2140.9"
"Chlamydia","2016","North Dakota","38","25-29","657","1087.4"
"Gonorrhea","2016","North Dakota","38","15-19","170","357.2"
"Gonorrhea","2016","North Dakota","38","20-24","293","440.2"
"Gonorrhea","2016","North Dakota","38","25-29","232","384.0"
"Primary and Secondary Syphilis","2016","North Dakota","38","15-19","0","0.0"
"Primary and Secondary Syphilis","2016","North Dakota","38","20-24","7","10.5"
"Primary and Secondary Syphilis","2016","North Dakota","38","25-29","11","18.2"
"Chlamydia","2016","Ohio","39","15-19","18,537","2409.9"
"Chlamydia","2016","Ohio","39","20-24","23,243","2987.1"
"Chlamydia","2016","Ohio","39","25-29","10,067","1288.1"
"Gonorrhea","2016","Ohio","39","15-19","4,325","562.3"
"Gonorrhea","2016","Ohio","39","20-24","6,175","793.6"
"Gonorrhea","2016","Ohio","39","25-29","4,155","531.6"
"Primary and Secondary Syphilis","2016","Ohio","39","15-19","32","4.2"
"Primary and Secondary Syphilis","2016","Ohio","39","20-24","140","18.0"
"Primary and Secondary Syphilis","2016","Ohio","39","25-29","170","21.8"
"Chlamydia","2016","Oklahoma","40","15-19","6,084","2313.9"
"Chlamydia","2016","Oklahoma","40","20-24","8,187","2914.2"
"Chlamydia","2016","Oklahoma","40","25-29","3,810","1373.9"
"Gonorrhea","2016","Oklahoma","40","15-19","1,405","534.4"
"Gonorrhea","2016","Oklahoma","40","20-24","2,385","848.9"
"Gonorrhea","2016","Oklahoma","40","25-29","1,624","585.6"
"Primary and Secondary Syphilis","2016","Oklahoma","40","15-19","11","4.2"
"Primary and Secondary Syphilis","2016","Oklahoma","40","20-24","60","21.4"
"Primary and Secondary Syphilis","2016","Oklahoma","40","25-29","63","22.7"
"Chlamydia","2016","Oregon","41","15-19","4,382","1775.2"
"Chlamydia","2016","Oregon","41","20-24","6,191","2326.4"
"Chlamydia","2016","Oregon","41","25-29","3,192","1103.0"
"Gonorrhea","2016","Oregon","41","15-19","377","152.7"
"Gonorrhea","2016","Oregon","41","20-24","934","351.0"
"Gonorrhea","2016","Oregon","41","25-29","934","322.7"
"Primary and Secondary Syphilis","2016","Oregon","41","15-19","8","3.2"
"Primary and Secondary Syphilis","2016","Oregon","41","20-24","37","13.9"
"Primary and Secondary Syphilis","2016","Oregon","41","25-29","66","22.8"
"Chlamydia","2016","Pennsylvania","42","15-19","16,006","1946.9"
"Chlamydia","2016","Pennsylvania","42","20-24","21,803","2582.3"
"Chlamydia","2016","Pennsylvania","42","25-29","10,276","1188.7"
"Gonorrhea","2016","Pennsylvania","42","15-19","2,725","331.5"
"Gonorrhea","2016","Pennsylvania","42","20-24","4,411","522.4"
"Gonorrhea","2016","Pennsylvania","42","25-29","3,242","375.0"
"Primary and Secondary Syphilis","2016","Pennsylvania","42","15-19","35","4.3"
"Primary and Secondary Syphilis","2016","Pennsylvania","42","20-24","137","16.2"
"Primary and Secondary Syphilis","2016","Pennsylvania","42","25-29","214","24.8"
"Chlamydia","2016","Rhode Island","44","15-19","1,268","1741.2"
"Chlamydia","2016","Rhode Island","44","20-24","1,981","2499.0"
"Chlamydia","2016","Rhode Island","44","25-29","894","1173.1"
"Gonorrhea","2016","Rhode Island","44","15-19","66","90.6"
"Gonorrhea","2016","Rhode Island","44","20-24","213","268.7"
"Gonorrhea","2016","Rhode Island","44","25-29","176","230.9"
"Primary and Secondary Syphilis","2016","Rhode Island","44","15-19","5","6.9"
"Primary and Secondary Syphilis","2016","Rhode Island","44","20-24","22","27.8"
"Primary and Secondary Syphilis","2016","Rhode Island","44","25-29","15","19.7"
"Chlamydia","2016","South Carolina","45","15-19","8,126","2542.9"
"Chlamydia","2016","South Carolina","45","20-24","10,826","3188.6"
"Chlamydia","2016","South Carolina","45","25-29","5,102","1487.0"
"Gonorrhea","2016","South Carolina","45","15-19","1,886","590.2"
"Gonorrhea","2016","South Carolina","45","20-24","3,203","943.4"
"Gonorrhea","2016","South Carolina","45","25-29","1,876","546.8"
"Primary and Secondary Syphilis","2016","South Carolina","45","15-19","21","6.6"
"Primary and Secondary Syphilis","2016","South Carolina","45","20-24","84","24.7"
"Primary and Secondary Syphilis","2016","South Carolina","45","25-29","74","21.6"
"Chlamydia","2016","South Dakota","46","15-19","1,179","2077.2"
"Chlamydia","2016","South Dakota","46","20-24","1,608","2646.4"
"Chlamydia","2016","South Dakota","46","25-29","761","1345.2"
"Gonorrhea","2016","South Dakota","46","15-19","215","378.8"
"Gonorrhea","2016","South Dakota","46","20-24","362","595.8"
"Gonorrhea","2016","South Dakota","46","25-29","294","519.7"
"Primary and Secondary Syphilis","2016","South Dakota","46","15-19","2","3.5"
"Primary and Secondary Syphilis","2016","South Dakota","46","20-24","8","13.2"
"Primary and Secondary Syphilis","2016","South Dakota","46","25-29","3","5.3"
"Chlamydia","2016","Tennessee","47","15-19","9,299","2199.6"
"Chlamydia","2016","Tennessee","47","20-24","12,677","2812.1"
"Chlamydia","2016","Tennessee","47","25-29","5,704","1220.3"
"Gonorrhea","2016","Tennessee","47","15-19","2,060","487.3"
"Gonorrhea","2016","Tennessee","47","20-24","3,402","754.7"
"Gonorrhea","2016","Tennessee","47","25-29","2,112","451.8"
"Primary and Secondary Syphilis","2016","Tennessee","47","15-19","20","4.7"
"Primary and Secondary Syphilis","2016","Tennessee","47","20-24","87","19.3"
"Primary and Secondary Syphilis","2016","Tennessee","47","25-29","114","24.4"
"Chlamydia","2016","Texas","48","15-19","38,482","1940.1"
"Chlamydia","2016","Texas","48","20-24","53,602","2673.6"
"Chlamydia","2016","Texas","48","25-29","26,008","1248.4"
"Gonorrhea","2016","Texas","48","15-19","8,742","440.7"
"Gonorrhea","2016","Texas","48","20-24","13,625","679.6"
"Gonorrhea","2016","Texas","48","25-29","8,786","421.7"
"Primary and Secondary Syphilis","2016","Texas","48","15-19","106","5.3"
"Primary and Secondary Syphilis","2016","Texas","48","20-24","485","24.2"
"Primary and Secondary Syphilis","2016","Texas","48","25-29","469","22.5"
"Chlamydia","2016","Utah","49","15-19","2,380","1004.4"
"Chlamydia","2016","Utah","49","20-24","3,305","1315.4"
"Chlamydia","2016","Utah","49","25-29","1,675","728.5"
"Gonorrhea","2016","Utah","49","15-19","215","90.7"
"Gonorrhea","2016","Utah","49","20-24","465","185.1"
"Gonorrhea","2016","Utah","49","25-29","470","204.4"
"Primary and Secondary Syphilis","2016","Utah","49","15-19","7","3.0"
"Primary and Secondary Syphilis","2016","Utah","49","20-24","16","6.4"
"Primary and Secondary Syphilis","2016","Utah","49","25-29","12","5.2"
"Chlamydia","2016","Vermont","50","15-19","373","869.1"
"Chlamydia","2016","Vermont","50","20-24","730","1560.8"
"Chlamydia","2016","Vermont","50","25-29","330","909.6"
"Gonorrhea","2016","Vermont","50","15-19","9","21.0"
"Gonorrhea","2016","Vermont","50","20-24","31","66.3"
"Gonorrhea","2016","Vermont","50","25-29","34","93.7"
"Primary and Secondary Syphilis","2016","Vermont","50","15-19","0","0.0"
"Primary and Secondary Syphilis","2016","Vermont","50","20-24","3","6.4"
"Primary and Secondary Syphilis","2016","Vermont","50","25-29","3","8.3"
"Chlamydia","2016","Virginia","51","15-19","6,977","1293.6"
"Chlamydia","2016","Virginia","51","20-24","17,151","2919.7"
"Chlamydia","2016","Virginia","51","25-29","8,728","1469.6"
"Gonorrhea","2016","Virginia","51","15-19","1,439","266.8"
"Gonorrhea","2016","Virginia","51","20-24","3,630","618.0"
"Gonorrhea","2016","Virginia","51","25-29","2,747","462.5"
"Primary and Secondary Syphilis","2016","Virginia","51","15-19","12","2.2"
"Primary and Secondary Syphilis","2016","Virginia","51","20-24","80","13.6"
"Primary and Secondary Syphilis","2016","Virginia","51","25-29","115","19.4"
"Chlamydia","2016","Washington","53","15-19","7,040","1582.6"
"Chlamydia","2016","Washington","53","20-24","11,069","2277.6"
"Chlamydia","2016","Washington","53","25-29","6,105","1101.6"
"Gonorrhea","2016","Washington","53","15-19","883","198.5"
"Gonorrhea","2016","Washington","53","20-24","1,884","387.7"
"Gonorrhea","2016","Washington","53","25-29","1,783","321.7"
"Primary and Secondary Syphilis","2016","Washington","53","15-19","17","3.8"
"Primary and Secondary Syphilis","2016","Washington","53","20-24","78","16.0"
"Primary and Secondary Syphilis","2016","Washington","53","25-29","108","19.5"
"Chlamydia","2016","West Virginia","54","15-19","1,386","1268.2"
"Chlamydia","2016","West Virginia","54","20-24","2,032","1717.0"
"Chlamydia","2016","West Virginia","54","25-29","793","703.3"
"Gonorrhea","2016","West Virginia","54","15-19","139","127.2"
"Gonorrhea","2016","West Virginia","54","20-24","289","244.2"
"Gonorrhea","2016","West Virginia","54","25-29","190","168.5"
"Primary and Secondary Syphilis","2016","West Virginia","54","15-19","7","6.4"
"Primary and Secondary Syphilis","2016","West Virginia","54","20-24","14","11.8"
"Primary and Secondary Syphilis","2016","West Virginia","54","25-29","6","5.3"
"Chlamydia","2016","Wisconsin","55","15-19","7,450","1953.4"
"Chlamydia","2016","Wisconsin","55","20-24","10,480","2578.4"
"Chlamydia","2016","Wisconsin","55","25-29","4,887","1365.9"
"Gonorrhea","2016","Wisconsin","55","15-19","1,642","430.5"
"Gonorrhea","2016","Wisconsin","55","20-24","1,989","489.4"
"Gonorrhea","2016","Wisconsin","55","25-29","1,258","351.6"
"Primary and Secondary Syphilis","2016","Wisconsin","55","15-19","3","0.8"
"Primary and Secondary Syphilis","2016","Wisconsin","55","20-24","30","7.4"
"Primary and Secondary Syphilis","2016","Wisconsin","55","25-29","25","7.0"
"Chlamydia","2016","Wyoming","56","15-19","586","1608.5"
"Chlamydia","2016","Wyoming","56","20-24","782","1937.5"
"Chlamydia","2016","Wyoming","56","25-29","358","890.3"
"Gonorrhea","2016","Wyoming","56","15-19","41","112.5"
"Gonorrhea","2016","Wyoming","56","20-24","86","213.1"
"Gonorrhea","2016","Wyoming","56","25-29","74","184.0"
"Primary and Secondary Syphilis","2016","Wyoming","56","15-19","0","0.0"
"Primary and Secondary Syphilis","2016","Wyoming","56","20-24","2","5.0"
"Primary and Secondary Syphilis","2016","Wyoming","56","25-29","0","0.0"
"Chlamydia","2015","Alabama","01","15-19","7,832","2451.5"
"Chlamydia","2015","Alabama","01","20-24","10,780","3114.8"
"Chlamydia","2015","Alabama","01","25-29","4,363","1345.6"
"Gonorrhea","2015","Alabama","01","15-19","1,613","504.9"
"Gonorrhea","2015","Alabama","01","20-24","2,744","792.9"
"Gonorrhea","2015","Alabama","01","25-29","1,438","443.5"
"Primary and Secondary Syphilis","2015","Alabama","01","15-19","17","5.3"
"Primary and Secondary Syphilis","2015","Alabama","01","20-24","82","23.7"
"Primary and Secondary Syphilis","2015","Alabama","01","25-29","89","27.4"
"Chlamydia","2015","Alaska","02","15-19","1,249","2637.0"
"Chlamydia","2015","Alaska","02","20-24","2,036","3433.6"
"Chlamydia","2015","Alaska","02","25-29","1,235","2008.0"
"Gonorrhea","2015","Alaska","02","15-19","125","263.9"
"Gonorrhea","2015","Alaska","02","20-24","297","500.9"
"Gonorrhea","2015","Alaska","02","25-29","261","424.4"
"Primary and Secondary Syphilis","2015","Alaska","02","15-19","0","0.0"
"Primary and Secondary Syphilis","2015","Alaska","02","20-24","1","1.7"
"Primary and Secondary Syphilis","2015","Alaska","02","25-29","2","3.3"
"Chlamydia","2015","Arizona","04","15-19","7,680","1663.8"
"Chlamydia","2015","Arizona","04","20-24","12,540","2550.3"
"Chlamydia","2015","Arizona","04","25-29","6,100","1294.3"
"Gonorrhea","2015","Arizona","04","15-19","1,266","274.3"
"Gonorrhea","2015","Arizona","04","20-24","2,509","510.3"
"Gonorrhea","2015","Arizona","04","25-29","1,801","382.1"
"Primary and Secondary Syphilis","2015","Arizona","04","15-19","27","5.8"
"Primary and Secondary Syphilis","2015","Arizona","04","20-24","112","22.8"
"Primary and Secondary Syphilis","2015","Arizona","04","25-29","113","24.0"
"Chlamydia","2015","Arkansas","05","15-19","4,990","2519.2"
"Chlamydia","2015","Arkansas","05","20-24","6,297","3012.6"
"Chlamydia","2015","Arkansas","05","25-29","2,713","1377.2"
"Gonorrhea","2015","Arkansas","05","15-19","1,098","554.3"
"Gonorrhea","2015","Arkansas","05","20-24","1,670","799.0"
"Gonorrhea","2015","Arkansas","05","25-29","911","462.5"
"Primary and Secondary Syphilis","2015","Arkansas","05","15-19","13","6.6"
"Primary and Secondary Syphilis","2015","Arkansas","05","20-24","23","11.0"
"Primary and Secondary Syphilis","2015","Arkansas","05","25-29","25","12.7"
"Chlamydia","2015","California","06","15-19","35,825","1378.6"
"Chlamydia","2015","California","06","20-24","69,458","2418.9"
"Chlamydia","2015","California","06","25-29","38,868","1299.9"
"Gonorrhea","2015","California","06","15-19","6,106","235.0"
"Gonorrhea","2015","California","06","20-24","13,818","481.2"
"Gonorrhea","2015","California","06","25-29","11,998","401.3"
"Primary and Secondary Syphilis","2015","California","06","15-19","198","7.6"
"Primary and Secondary Syphilis","2015","California","06","20-24","825","28.7"
"Primary and Secondary Syphilis","2015","California","06","25-29","920","30.8"
"Chlamydia","2015","Colorado","08","15-19","5,696","1639.7"
"Chlamydia","2015","Colorado","08","20-24","9,067","2385.4"
"Chlamydia","2015","Colorado","08","25-29","4,616","1113.2"
"Gonorrhea","2015","Colorado","08","15-19","684","196.9"
"Gonorrhea","2015","Colorado","08","20-24","1,286","338.3"
"Gonorrhea","2015","Colorado","08","25-29","953","229.8"
"Primary and Secondary Syphilis","2015","Colorado","08","15-19","7","2.0"
"Primary and Secondary Syphilis","2015","Colorado","08","20-24","36","9.5"
"Primary and Secondary Syphilis","2015","Colorado","08","25-29","46","11.1"
"Chlamydia","2015","Connecticut","09","15-19","3,220","1290.2"
"Chlamydia","2015","Connecticut","09","20-24","5,109","2073.3"
"Chlamydia","2015","Connecticut","09","25-29","2,488","1133.7"
"Gonorrhea","2015","Connecticut","09","15-19","284","113.8"
"Gonorrhea","2015","Connecticut","09","20-24","566","229.7"
"Gonorrhea","2015","Connecticut","09","25-29","443","201.9"
"Primary and Secondary Syphilis","2015","Connecticut","09","15-19","4","1.6"
"Primary and Secondary Syphilis","2015","Connecticut","09","20-24","30","12.2"
"Primary and Secondary Syphilis","2015","Connecticut","09","25-29","18","8.2"
"Chlamydia","2015","Delaware","10","15-19","1,271","2124.5"
"Chlamydia","2015","Delaware","10","20-24","1,825","2933.0"
"Chlamydia","2015","Delaware","10","25-29","788","1197.7"
"Gonorrhea","2015","Delaware","10","15-19","194","324.3"
"Gonorrhea","2015","Delaware","10","20-24","405","650.9"
"Gonorrhea","2015","Delaware","10","25-29","301","457.5"
"Primary and Secondary Syphilis","2015","Delaware","10","15-19","2","3.3"
"Primary and Secondary Syphilis","2015","Delaware","10","20-24","7","11.3"
"Primary and Secondary Syphilis","2015","Delaware","10","25-29","7","10.6"
"Chlamydia","2015","District of Columbia","11","15-19","1,962","5306.4"
"Chlamydia","2015","District of Columbia","11","20-24","2,638","4759.9"
"Chlamydia","2015","District of Columbia","11","25-29","1,583","1931.1"
"Gonorrhea","2015","District of Columbia","11","15-19","450","1217.1"
"Gonorrhea","2015","District of Columbia","11","20-24","728","1313.6"
"Gonorrhea","2015","District of Columbia","11","25-29","643","784.4"
"Primary and Secondary Syphilis","2015","District of Columbia","11","15-19","5","13.5"
"Primary and Secondary Syphilis","2015","District of Columbia","11","20-24","19","34.3"
"Primary and Secondary Syphilis","2015","District of Columbia","11","25-29","22","26.8"
"Chlamydia","2015","Florida","12","15-19","22,574","1908.0"
"Chlamydia","2015","Florida","12","20-24","35,426","2723.4"
"Chlamydia","2015","Florida","12","25-29","17,084","1271.0"
"Gonorrhea","2015","Florida","12","15-19","3,998","337.9"
"Gonorrhea","2015","Florida","12","20-24","7,550","580.4"
"Gonorrhea","2015","Florida","12","25-29","5,163","384.1"
"Primary and Secondary Syphilis","2015","Florida","12","15-19","82","6.9"
"Primary and Secondary Syphilis","2015","Florida","12","20-24","381","29.3"
"Primary and Secondary Syphilis","2015","Florida","12","25-29","433","32.2"
"Chlamydia","2015","Georgia","13","15-19","16,166","2290.2"
"Chlamydia","2015","Georgia","13","20-24","22,770","3124.3"
"Chlamydia","2015","Georgia","13","25-29","10,069","1416.8"
"Gonorrhea","2015","Georgia","13","15-19","3,133","443.8"
"Gonorrhea","2015","Georgia","13","20-24","5,429","744.9"
"Gonorrhea","2015","Georgia","13","25-29","3,535","497.4"
"Primary and Secondary Syphilis","2015","Georgia","13","15-19","62","8.8"
"Primary and Secondary Syphilis","2015","Georgia","13","20-24","283","38.8"
"Primary and Secondary Syphilis","2015","Georgia","13","25-29","341","48.0"
"Chlamydia","2015","Hawaii","15","15-19","1,359","1736.6"
"Chlamydia","2015","Hawaii","15","20-24","2,743","2736.9"
"Chlamydia","2015","Hawaii","15","25-29","1,419","1354.8"
"Gonorrhea","2015","Hawaii","15","15-19","163","208.3"
"Gonorrhea","2015","Hawaii","15","20-24","361","360.2"
"Gonorrhea","2015","Hawaii","15","25-29","242","231.0"
"Primary and Secondary Syphilis","2015","Hawaii","15","15-19","4","5.1"
"Primary and Secondary Syphilis","2015","Hawaii","15","20-24","19","19.0"
"Primary and Secondary Syphilis","2015","Hawaii","15","25-29","13","12.4"
"Chlamydia","2015","Idaho","16","15-19","1,666","1416.5"
"Chlamydia","2015","Idaho","16","20-24","2,086","1868.0"
"Chlamydia","2015","Idaho","16","25-29","980","903.1"
"Gonorrhea","2015","Idaho","16","15-19","54","45.9"
"Gonorrhea","2015","Idaho","16","20-24","124","111.0"
"Gonorrhea","2015","Idaho","16","25-29","115","106.0"
"Primary and Secondary Syphilis","2015","Idaho","16","15-19","1","0.9"
"Primary and Secondary Syphilis","2015","Idaho","16","20-24","10","9.0"
"Primary and Secondary Syphilis","2015","Idaho","16","25-29","14","12.9"
"Chlamydia","2015","Illinois","17","15-19","19,260","2261.8"
"Chlamydia","2015","Illinois","17","20-24","27,210","3030.1"
"Chlamydia","2015","Illinois","17","25-29","12,358","1380.4"
"Gonorrhea","2015","Illinois","17","15-19","4,013","471.3"
"Gonorrhea","2015","Illinois","17","20-24","5,897","656.7"
"Gonorrhea","2015","Illinois","17","25-29","3,380","377.5"
"Primary and Secondary Syphilis","2015","Illinois","17","15-19","48","5.6"
"Primary and Secondary Syphilis","2015","Illinois","17","20-24","216","24.1"
"Primary and Secondary Syphilis","2015","Illinois","17","25-29","232","25.9"
"Chlamydia","2015","Indiana","18","15-19","8,027","1760.9"
"Chlamydia","2015","Indiana","18","20-24","11,618","2387.9"
"Chlamydia","2015","Indiana","18","25-29","5,004","1170.9"
"Gonorrhea","2015","Indiana","18","15-19","1,630","357.6"
"Gonorrhea","2015","Indiana","18","20-24","2,783","572.0"
"Gonorrhea","2015","Indiana","18","25-29","1,596","373.4"
"Primary and Secondary Syphilis","2015","Indiana","18","15-19","11","2.4"
"Primary and Secondary Syphilis","2015","Indiana","18","20-24","56","11.5"
"Primary and Secondary Syphilis","2015","Indiana","18","25-29","66","15.4"
"Chlamydia","2015","Iowa","19","15-19","3,292","1535.2"
"Chlamydia","2015","Iowa","19","20-24","4,943","2116.5"
"Chlamydia","2015","Iowa","19","25-29","2,120","1104.4"
"Gonorrhea","2015","Iowa","19","15-19","413","192.6"
"Gonorrhea","2015","Iowa","19","20-24","709","303.6"
"Gonorrhea","2015","Iowa","19","25-29","519","270.4"
"Primary and Secondary Syphilis","2015","Iowa","19","15-19","6","2.8"
"Primary and Secondary Syphilis","2015","Iowa","19","20-24","11","4.7"
"Primary and Secondary Syphilis","2015","Iowa","19","25-29","16","8.3"
"Chlamydia","2015","Kansas","20","15-19","3,278","1635.2"
"Chlamydia","2015","Kansas","20","20-24","4,700","2120.9"
"Chlamydia","2015","Kansas","20","25-29","1,932","1009.3"
"Gonorrhea","2015","Kansas","20","15-19","432","215.5"
"Gonorrhea","2015","Kansas","20","20-24","831","375.0"
"Gonorrhea","2015","Kansas","20","25-29","516","269.6"
"Primary and Secondary Syphilis","2015","Kansas","20","15-19","6","3.0"
"Primary and Secondary Syphilis","2015","Kansas","20","20-24","28","12.6"
"Primary and Secondary Syphilis","2015","Kansas","20","25-29","10","5.2"
"Chlamydia","2015","Kentucky","21","15-19","4,835","1688.9"
"Chlamydia","2015","Kentucky","21","20-24","7,066","2254.5"
"Chlamydia","2015","Kentucky","21","25-29","3,061","1060.3"
"Gonorrhea","2015","Kentucky","21","15-19","890","310.9"
"Gonorrhea","2015","Kentucky","21","20-24","1,531","488.5"
"Gonorrhea","2015","Kentucky","21","25-29","919","318.3"
"Primary and Secondary Syphilis","2015","Kentucky","21","15-19","6","2.1"
"Primary and Secondary Syphilis","2015","Kentucky","21","20-24","25","8.0"
"Primary and Secondary Syphilis","2015","Kentucky","21","25-29","26","9.0"
"Chlamydia","2015","Louisiana","22","15-19","10,378","3455.2"
"Chlamydia","2015","Louisiana","22","20-24","12,255","3599.8"
"Chlamydia","2015","Louisiana","22","25-29","5,262","1526.8"
"Gonorrhea","2015","Louisiana","22","15-19","2,833","943.2"
"Gonorrhea","2015","Louisiana","22","20-24","3,651","1072.4"
"Gonorrhea","2015","Louisiana","22","25-29","1,815","526.6"
"Primary and Secondary Syphilis","2015","Louisiana","22","15-19","79","26.3"
"Primary and Secondary Syphilis","2015","Louisiana","22","20-24","213","62.6"
"Primary and Secondary Syphilis","2015","Louisiana","22","25-29","168","48.7"
"Chlamydia","2015","Maine","23","15-19","954","1178.1"
"Chlamydia","2015","Maine","23","20-24","1,636","2080.8"
"Chlamydia","2015","Maine","23","25-29","733","943.3"
"Gonorrhea","2015","Maine","23","15-19","49","60.5"
"Gonorrhea","2015","Maine","23","20-24","127","161.5"
"Gonorrhea","2015","Maine","23","25-29","100","128.7"
"Primary and Secondary Syphilis","2015","Maine","23","15-19","1","1.2"
"Primary and Secondary Syphilis","2015","Maine","23","20-24","0","0.0"
"Primary and Secondary Syphilis","2015","Maine","23","25-29","4","5.1"
"Chlamydia","2015","Maryland","24","15-19","7,615","1976.9"
"Chlamydia","2015","Maryland","24","20-24","10,605","2674.7"
"Chlamydia","2015","Maryland","24","25-29","4,863","1165.5"
"Gonorrhea","2015","Maryland","24","15-19","1,450","376.4"
"Gonorrhea","2015","Maryland","24","20-24","2,173","548.1"
"Gonorrhea","2015","Maryland","24","25-29","1,378","330.3"
"Primary and Secondary Syphilis","2015","Maryland","24","15-19","22","5.7"
"Primary and Secondary Syphilis","2015","Maryland","24","20-24","88","22.2"
"Primary and Secondary Syphilis","2015","Maryland","24","25-29","125","30.0"
"Chlamydia","2015","Massachusetts","25","15-19","5,276","1150.6"
"Chlamydia","2015","Massachusetts","25","20-24","9,647","1955.2"
"Chlamydia","2015","Massachusetts","25","25-29","4,677","947.3"
"Gonorrhea","2015","Massachusetts","25","15-19","392","85.5"
"Gonorrhea","2015","Massachusetts","25","20-24","1,084","219.7"
"Gonorrhea","2015","Massachusetts","25","25-29","890","180.3"
"Primary and Secondary Syphilis","2015","Massachusetts","25","15-19","10","2.2"
"Primary and Secondary Syphilis","2015","Massachusetts","25","20-24","73","14.8"
"Primary and Secondary Syphilis","2015","Massachusetts","25","25-29","71","14.4"
"Chlamydia","2015","Michigan","26","15-19","13,610","2021.9"
"Chlamydia","2015","Michigan","26","20-24","18,525","2527.6"
"Chlamydia","2015","Michigan","26","25-29","7,914","1260.7"
"Gonorrhea","2015","Michigan","26","15-19","2,204","327.4"
"Gonorrhea","2015","Michigan","26","20-24","3,665","500.1"
"Gonorrhea","2015","Michigan","26","25-29","2,061","328.3"
"Primary and Secondary Syphilis","2015","Michigan","26","15-19","26","3.9"
"Primary and Secondary Syphilis","2015","Michigan","26","20-24","82","11.2"
"Primary and Secondary Syphilis","2015","Michigan","26","25-29","115","18.3"
"Chlamydia","2015","Minnesota","27","15-19","5,156","1450.1"
"Chlamydia","2015","Minnesota","27","20-24","8,308","2272.3"
"Chlamydia","2015","Minnesota","27","25-29","3,953","1087.6"
"Gonorrhea","2015","Minnesota","27","15-19","640","180.0"
"Gonorrhea","2015","Minnesota","27","20-24","1,250","341.9"
"Gonorrhea","2015","Minnesota","27","25-29","886","243.8"
"Primary and Secondary Syphilis","2015","Minnesota","27","15-19","10","2.8"
"Primary and Secondary Syphilis","2015","Minnesota","27","20-24","21","5.7"
"Primary and Secondary Syphilis","2015","Minnesota","27","25-29","50","13.8"
"Chlamydia","2015","Mississippi","28","15-19","5,781","2778.4"
"Chlamydia","2015","Mississippi","28","20-24","6,912","3114.5"
"Chlamydia","2015","Mississippi","28","25-29","2,655","1333.0"
"Gonorrhea","2015","Mississippi","28","15-19","1,526","733.4"
"Gonorrhea","2015","Mississippi","28","20-24","2,331","1050.3"
"Gonorrhea","2015","Mississippi","28","25-29","958","481.0"
"Primary and Secondary Syphilis","2015","Mississippi","28","15-19","18","8.7"
"Primary and Secondary Syphilis","2015","Mississippi","28","20-24","70","31.5"
"Primary and Secondary Syphilis","2015","Mississippi","28","25-29","45","22.6"
"Chlamydia","2015","Missouri","29","15-19","8,280","2095.3"
"Chlamydia","2015","Missouri","29","20-24","11,576","2690.7"
"Chlamydia","2015","Missouri","29","25-29","4,856","1197.9"
"Gonorrhea","2015","Missouri","29","15-19","1,952","494.0"
"Gonorrhea","2015","Missouri","29","20-24","3,028","703.8"
"Gonorrhea","2015","Missouri","29","25-29","1,673","412.7"
"Primary and Secondary Syphilis","2015","Missouri","29","15-19","12","3.0"
"Primary and Secondary Syphilis","2015","Missouri","29","20-24","61","14.2"
"Primary and Secondary Syphilis","2015","Missouri","29","25-29","63","15.5"
"Chlamydia","2015","Montana","30","15-19","1,139","1796.0"
"Chlamydia","2015","Montana","30","20-24","1,706","2300.6"
"Chlamydia","2015","Montana","30","25-29","731","1120.4"
"Gonorrhea","2015","Montana","30","15-19","155","244.4"
"Gonorrhea","2015","Montana","30","20-24","235","316.9"
"Gonorrhea","2015","Montana","30","25-29","197","301.9"
"Primary and Secondary Syphilis","2015","Montana","30","15-19","3","4.7"
"Primary and Secondary Syphilis","2015","Montana","30","20-24","4","5.4"
"Primary and Secondary Syphilis","2015","Montana","30","25-29","0","0.0"
"Chlamydia","2015","Nebraska","31","15-19","1,967","1535.3"
"Chlamydia","2015","Nebraska","31","20-24","3,170","2289.3"
"Chlamydia","2015","Nebraska","31","25-29","1,499","1220.9"
"Gonorrhea","2015","Nebraska","31","15-19","295","230.3"
"Gonorrhea","2015","Nebraska","31","20-24","544","392.9"
"Gonorrhea","2015","Nebraska","31","25-29","373","303.8"
"Primary and Secondary Syphilis","2015","Nebraska","31","15-19","1","0.8"
"Primary and Secondary Syphilis","2015","Nebraska","31","20-24","11","7.9"
"Primary and Secondary Syphilis","2015","Nebraska","31","25-29","10","8.1"
"Chlamydia","2015","Nevada","32","15-19","2,833","1614.5"
"Chlamydia","2015","Nevada","32","20-24","4,852","2642.6"
"Chlamydia","2015","Nevada","32","25-29","2,547","1213.2"
"Gonorrhea","2015","Nevada","32","15-19","481","274.1"
"Gonorrhea","2015","Nevada","32","20-24","951","517.9"
"Gonorrhea","2015","Nevada","32","25-29","840","400.1"
"Primary and Secondary Syphilis","2015","Nevada","32","15-19","14","8.0"
"Primary and Secondary Syphilis","2015","Nevada","32","20-24","78","42.5"
"Primary and Secondary Syphilis","2015","Nevada","32","25-29","81","38.6"
"Chlamydia","2015","New Hampshire","33","15-19","742","841.4"
"Chlamydia","2015","New Hampshire","33","20-24","1,349","1463.6"
"Chlamydia","2015","New Hampshire","33","25-29","541","676.2"
"Gonorrhea","2015","New Hampshire","33","15-19","29","32.9"
"Gonorrhea","2015","New Hampshire","33","20-24","74","80.3"
"Gonorrhea","2015","New Hampshire","33","25-29","41","51.2"
"Primary and Secondary Syphilis","2015","New Hampshire","33","15-19","1","1.1"
"Primary and Secondary Syphilis","2015","New Hampshire","33","20-24","6","6.5"
"Primary and Secondary Syphilis","2015","New Hampshire","33","25-29","7","8.7"
"Chlamydia","2015","New Jersey","34","15-19","6,569","1156.4"
"Chlamydia","2015","New Jersey","34","20-24","12,818","2255.6"
"Chlamydia","2015","New Jersey","34","25-29","6,214","1112.7"
"Gonorrhea","2015","New Jersey","34","15-19","1,364","240.1"
"Gonorrhea","2015","New Jersey","34","20-24","2,222","391.0"
"Gonorrhea","2015","New Jersey","34","25-29","1,415","253.4"
"Primary and Secondary Syphilis","2015","New Jersey","34","15-19","19","3.3"
"Primary and Secondary Syphilis","2015","New Jersey","34","20-24","84","14.8"
"Primary and Secondary Syphilis","2015","New Jersey","34","25-29","75","13.4"
"Chlamydia","2015","New Mexico","35","15-19","3,065","2198.0"
"Chlamydia","2015","New Mexico","35","20-24","4,596","3040.8"
"Chlamydia","2015","New Mexico","35","25-29","2,501","1764.8"
"Gonorrhea","2015","New Mexico","35","15-19","341","244.5"
"Gonorrhea","2015","New Mexico","35","20-24","713","471.7"
"Gonorrhea","2015","New Mexico","35","25-29","583","411.4"
"Primary and Secondary Syphilis","2015","New Mexico","35","15-19","11","7.9"
"Primary and Secondary Syphilis","2015","New Mexico","35","20-24","24","15.9"
"Primary and Secondary Syphilis","2015","New Mexico","35","25-29","23","16.2"
"Chlamydia","2015","New York","36","15-19","25,102","2034.6"
"Chlamydia","2015","New York","36","20-24","35,890","2581.0"
"Chlamydia","2015","New York","36","25-29","19,805","1334.5"
"Gonorrhea","2015","New York","36","15-19","3,906","316.6"
"Gonorrhea","2015","New York","36","20-24","6,892","495.6"
"Gonorrhea","2015","New York","36","25-29","5,669","382.0"
"Primary and Secondary Syphilis","2015","New York","36","15-19","73","5.9"
"Primary and Secondary Syphilis","2015","New York","36","20-24","343","24.7"
"Primary and Secondary Syphilis","2015","New York","36","25-29","469","31.6"
"Chlamydia","2015","North Carolina","37","15-19","17,516","2650.3"
"Chlamydia","2015","North Carolina","37","20-24","26,117","3687.4"
"Chlamydia","2015","North Carolina","37","25-29","11,385","1689.6"
"Gonorrhea","2015","North Carolina","37","15-19","3,796","574.4"
"Gonorrhea","2015","North Carolina","37","20-24","7,050","995.4"
"Gonorrhea","2015","North Carolina","37","25-29","4,255","631.5"
"Primary and Secondary Syphilis","2015","North Carolina","37","15-19","68","10.3"
"Primary and Secondary Syphilis","2015","North Carolina","37","20-24","282","39.8"
"Primary and Secondary Syphilis","2015","North Carolina","37","25-29","266","39.5"
"Chlamydia","2015","North Dakota","38","15-19","691","1434.3"
"Chlamydia","2015","North Dakota","38","20-24","1,350","1952.6"
"Chlamydia","2015","North Dakota","38","25-29","639","1062.5"
"Gonorrhea","2015","North Dakota","38","15-19","92","191.0"
"Gonorrhea","2015","North Dakota","38","20-24","225","325.4"
"Gonorrhea","2015","North Dakota","38","25-29","179","297.6"
"Primary and Secondary Syphilis","2015","North Dakota","38","15-19","1","2.1"
"Primary and Secondary Syphilis","2015","North Dakota","38","20-24","4","5.8"
"Primary and Secondary Syphilis","2015","North Dakota","38","25-29","1","1.7"
"Chlamydia","2015","Ohio","39","15-19","17,391","2253.9"
"Chlamydia","2015","Ohio","39","20-24","22,063","2791.4"
"Chlamydia","2015","Ohio","39","25-29","9,394","1229.0"
"Gonorrhea","2015","Ohio","39","15-19","3,732","483.7"
"Gonorrhea","2015","Ohio","39","20-24","5,364","678.6"
"Gonorrhea","2015","Ohio","39","25-29","3,196","418.1"
"Primary and Secondary Syphilis","2015","Ohio","39","15-19","19","2.5"
"Primary and Secondary Syphilis","2015","Ohio","39","20-24","126","15.9"
"Primary and Secondary Syphilis","2015","Ohio","39","25-29","113","14.8"
"Chlamydia","2015","Oklahoma","40","15-19","5,887","2255.8"
"Chlamydia","2015","Oklahoma","40","20-24","8,279","2879.7"
"Chlamydia","2015","Oklahoma","40","25-29","3,786","1391.0"
"Gonorrhea","2015","Oklahoma","40","15-19","1,304","499.7"
"Gonorrhea","2015","Oklahoma","40","20-24","2,301","800.4"
"Gonorrhea","2015","Oklahoma","40","25-29","1,379","506.7"
"Primary and Secondary Syphilis","2015","Oklahoma","40","15-19","10","3.8"
"Primary and Secondary Syphilis","2015","Oklahoma","40","20-24","36","12.5"
"Primary and Secondary Syphilis","2015","Oklahoma","40","25-29","39","14.3"
"Chlamydia","2015","Oregon","41","15-19","4,080","1668.3"
"Chlamydia","2015","Oregon","41","20-24","5,902","2219.7"
"Chlamydia","2015","Oregon","41","25-29","2,965","1076.2"
"Gonorrhea","2015","Oregon","41","15-19","273","111.6"
"Gonorrhea","2015","Oregon","41","20-24","705","265.1"
"Gonorrhea","2015","Oregon","41","25-29","698","253.4"
"Primary and Secondary Syphilis","2015","Oregon","41","15-19","7","2.9"
"Primary and Secondary Syphilis","2015","Oregon","41","20-24","46","17.3"
"Primary and Secondary Syphilis","2015","Oregon","41","25-29","72","26.1"
"Chlamydia","2015","Pennsylvania","42","15-19","14,810","1786.2"
"Chlamydia","2015","Pennsylvania","42","20-24","21,001","2436.2"
"Chlamydia","2015","Pennsylvania","42","25-29","9,674","1127.9"
"Gonorrhea","2015","Pennsylvania","42","15-19","2,696","325.2"
"Gonorrhea","2015","Pennsylvania","42","20-24","4,144","480.7"
"Gonorrhea","2015","Pennsylvania","42","25-29","2,665","310.7"
"Primary and Secondary Syphilis","2015","Pennsylvania","42","15-19","47","5.7"
"Primary and Secondary Syphilis","2015","Pennsylvania","42","20-24","143","16.6"
"Primary and Secondary Syphilis","2015","Pennsylvania","42","25-29","163","19.0"
"Chlamydia","2015","Rhode Island","44","15-19","1,024","1391.7"
"Chlamydia","2015","Rhode Island","44","20-24","1,937","2395.8"
"Chlamydia","2015","Rhode Island","44","25-29","860","1155.6"
"Gonorrhea","2015","Rhode Island","44","15-19","66","89.7"
"Gonorrhea","2015","Rhode Island","44","20-24","186","230.1"
"Gonorrhea","2015","Rhode Island","44","25-29","145","194.8"
"Primary and Secondary Syphilis","2015","Rhode Island","44","15-19","5","6.8"
"Primary and Secondary Syphilis","2015","Rhode Island","44","20-24","10","12.4"
"Primary and Secondary Syphilis","2015","Rhode Island","44","25-29","24","32.2"
"Chlamydia","2015","South Carolina","45","15-19","7,661","2428.3"
"Chlamydia","2015","South Carolina","45","20-24","10,949","3157.5"
"Chlamydia","2015","South Carolina","45","25-29","4,981","1500.2"
"Gonorrhea","2015","South Carolina","45","15-19","1,588","503.4"
"Gonorrhea","2015","South Carolina","45","20-24","2,932","845.5"
"Gonorrhea","2015","South Carolina","45","25-29","1,777","535.2"
"Primary and Secondary Syphilis","2015","South Carolina","45","15-19","11","3.5"
"Primary and Secondary Syphilis","2015","South Carolina","45","20-24","86","24.8"
"Primary and Secondary Syphilis","2015","South Carolina","45","25-29","63","19.0"
"Chlamydia","2015","South Dakota","46","15-19","999","1773.4"
"Chlamydia","2015","South Dakota","46","20-24","1,538","2537.2"
"Chlamydia","2015","South Dakota","46","25-29","735","1312.5"
"Gonorrhea","2015","South Dakota","46","15-19","179","317.7"
"Gonorrhea","2015","South Dakota","46","20-24","314","518.0"
"Gonorrhea","2015","South Dakota","46","25-29","244","435.7"
"Primary and Secondary Syphilis","2015","South Dakota","46","15-19","3","5.3"
"Primary and Secondary Syphilis","2015","South Dakota","46","20-24","7","11.5"
"Primary and Secondary Syphilis","2015","South Dakota","46","25-29","7","12.5"
"Chlamydia","2015","Tennessee","47","15-19","8,829","2101.5"
"Chlamydia","2015","Tennessee","47","20-24","12,524","2734.1"
"Chlamydia","2015","Tennessee","47","25-29","5,580","1240.4"
"Gonorrhea","2015","Tennessee","47","15-19","1,698","404.2"
"Gonorrhea","2015","Tennessee","47","20-24","2,936","640.9"
"Gonorrhea","2015","Tennessee","47","25-29","1,742","387.2"
"Primary and Secondary Syphilis","2015","Tennessee","47","15-19","24","5.7"
"Primary and Secondary Syphilis","2015","Tennessee","47","20-24","103","22.5"
"Primary and Secondary Syphilis","2015","Tennessee","47","25-29","79","17.6"
"Chlamydia","2015","Texas","48","15-19","37,326","1912.2"
"Chlamydia","2015","Texas","48","20-24","54,173","2692.4"
"Chlamydia","2015","Texas","48","25-29","25,530","1256.7"
"Gonorrhea","2015","Texas","48","15-19","8,432","432.0"
"Gonorrhea","2015","Texas","48","20-24","13,162","654.2"
"Gonorrhea","2015","Texas","48","25-29","7,914","389.6"
"Primary and Secondary Syphilis","2015","Texas","48","15-19","118","6.0"
"Primary and Secondary Syphilis","2015","Texas","48","20-24","431","21.4"
"Primary and Secondary Syphilis","2015","Texas","48","25-29","413","20.3"
"Chlamydia","2015","Utah","49","15-19","2,262","981.1"
"Chlamydia","2015","Utah","49","20-24","3,064","1225.8"
"Chlamydia","2015","Utah","49","25-29","1,520","693.4"
"Gonorrhea","2015","Utah","49","15-19","138","59.9"
"Gonorrhea","2015","Utah","49","20-24","372","148.8"
"Gonorrhea","2015","Utah","49","25-29","374","170.6"
"Primary and Secondary Syphilis","2015","Utah","49","15-19","4","1.7"
"Primary and Secondary Syphilis","2015","Utah","49","20-24","7","2.8"
"Primary and Secondary Syphilis","2015","Utah","49","25-29","15","6.8"
"Chlamydia","2015","Vermont","50","15-19","418","959.0"
"Chlamydia","2015","Vermont","50","20-24","875","1862.9"
"Chlamydia","2015","Vermont","50","25-29","346","966.3"
"Gonorrhea","2015","Vermont","50","15-19","15","34.4"
"Gonorrhea","2015","Vermont","50","20-24","58","123.5"
"Gonorrhea","2015","Vermont","50","25-29","36","100.5"
"Primary and Secondary Syphilis","2015","Vermont","50","15-19","0","0.0"
"Primary and Secondary Syphilis","2015","Vermont","50","20-24","1","2.1"
"Primary and Secondary Syphilis","2015","Vermont","50","25-29","1","2.8"
"Chlamydia","2015","Virginia","51","15-19","8,724","1625.2"
"Chlamydia","2015","Virginia","51","20-24","14,842","2502.2"
"Chlamydia","2015","Virginia","51","25-29","6,517","1104.6"
"Gonorrhea","2015","Virginia","51","15-19","1,566","291.7"
"Gonorrhea","2015","Virginia","51","20-24","2,928","493.6"
"Gonorrhea","2015","Virginia","51","25-29","1,767","299.5"
"Primary and Secondary Syphilis","2015","Virginia","51","15-19","14","2.6"
"Primary and Secondary Syphilis","2015","Virginia","51","20-24","74","12.5"
"Primary and Secondary Syphilis","2015","Virginia","51","25-29","86","14.6"
"Chlamydia","2015","Washington","53","15-19","6,304","1427.4"
"Chlamydia","2015","Washington","53","20-24","10,550","2152.8"
"Chlamydia","2015","Washington","53","25-29","5,569","1050.3"
"Gonorrhea","2015","Washington","53","15-19","754","170.7"
"Gonorrhea","2015","Washington","53","20-24","1,768","360.8"
"Gonorrhea","2015","Washington","53","25-29","1,678","316.5"
"Primary and Secondary Syphilis","2015","Washington","53","15-19","11","2.5"
"Primary and Secondary Syphilis","2015","Washington","53","20-24","60","12.2"
"Primary and Secondary Syphilis","2015","Washington","53","25-29","100","18.9"
"Chlamydia","2015","West Virginia","54","15-19","1,473","1335.4"
"Chlamydia","2015","West Virginia","54","20-24","2,113","1725.5"
"Chlamydia","2015","West Virginia","54","25-29","800","725.6"
"Gonorrhea","2015","West Virginia","54","15-19","140","126.9"
"Gonorrhea","2015","West Virginia","54","20-24","236","192.7"
"Gonorrhea","2015","West Virginia","54","25-29","161","146.0"
"Primary and Secondary Syphilis","2015","West Virginia","54","15-19","2","1.8"
"Primary and Secondary Syphilis","2015","West Virginia","54","20-24","13","10.6"
"Primary and Secondary Syphilis","2015","West Virginia","54","25-29","9","8.2"
"Chlamydia","2015","Wisconsin","55","15-19","6,760","1766.9"
"Chlamydia","2015","Wisconsin","55","20-24","9,689","2372.3"
"Chlamydia","2015","Wisconsin","55","25-29","4,296","1208.5"
"Gonorrhea","2015","Wisconsin","55","15-19","1,333","348.4"
"Gonorrhea","2015","Wisconsin","55","20-24","1,688","413.3"
"Gonorrhea","2015","Wisconsin","55","25-29","1,001","281.6"
"Primary and Secondary Syphilis","2015","Wisconsin","55","15-19","5","1.3"
"Primary and Secondary Syphilis","2015","Wisconsin","55","20-24","15","3.7"
"Primary and Secondary Syphilis","2015","Wisconsin","55","25-29","16","4.5"
"Chlamydia","2015","Wyoming","56","15-19","592","1609.4"
"Chlamydia","2015","Wyoming","56","20-24","840","2017.1"
"Chlamydia","2015","Wyoming","56","25-29","320","784.2"
"Gonorrhea","2015","Wyoming","56","15-19","36","97.9"
"Gonorrhea","2015","Wyoming","56","20-24","45","108.1"
"Gonorrhea","2015","Wyoming","56","25-29","43","105.4"
"Primary and Secondary Syphilis","2015","Wyoming","56","15-19","0","0.0"
"Primary and Secondary Syphilis","2015","Wyoming","56","20-24","0","0.0"
"Primary and Secondary Syphilis","2015","Wyoming","56","25-29","2","4.9"
"Chlamydia","2014","Alabama","01","15-19","8,892","2793.3"
"Chlamydia","2014","Alabama","01","20-24","11,983","3381.2"
"Chlamydia","2014","Alabama","01","25-29","4,478","1414.2"
"Gonorrhea","2014","Alabama","01","15-19","1,713","538.1"
"Gonorrhea","2014","Alabama","01","20-24","2,955","833.8"
"Gonorrhea","2014","Alabama","01","25-29","1,504","475.0"
"Primary and Secondary Syphilis","2014","Alabama","01","15-19","16","5.0"
"Primary and Secondary Syphilis","2014","Alabama","01","20-24","47","13.3"
"Primary and Secondary Syphilis","2014","Alabama","01","25-29","42","13.3"
"Chlamydia","2014","Alaska","02","15-19","1,319","2748.1"
"Chlamydia","2014","Alaska","02","20-24","2,155","3572.1"
"Chlamydia","2014","Alaska","02","25-29","1,178","1935.0"
"Gonorrhea","2014","Alaska","02","15-19","128","266.7"
"Gonorrhea","2014","Alaska","02","20-24","356","590.1"
"Gonorrhea","2014","Alaska","02","25-29","322","528.9"
"Primary and Secondary Syphilis","2014","Alaska","02","15-19","1","2.1"
"Primary and Secondary Syphilis","2014","Alaska","02","20-24","2","3.3"
"Primary and Secondary Syphilis","2014","Alaska","02","25-29","5","8.2"
"Chlamydia","2014","Arizona","04","15-19","7,726","1696.7"
"Chlamydia","2014","Arizona","04","20-24","12,528","2536.6"
"Chlamydia","2014","Arizona","04","25-29","6,013","1318.3"
"Gonorrhea","2014","Arizona","04","15-19","1,215","266.8"
"Gonorrhea","2014","Arizona","04","20-24","2,400","485.9"
"Gonorrhea","2014","Arizona","04","25-29","1,616","354.3"
"Primary and Secondary Syphilis","2014","Arizona","04","15-19","32","7.0"
"Primary and Secondary Syphilis","2014","Arizona","04","20-24","130","26.3"
"Primary and Secondary Syphilis","2014","Arizona","04","25-29","101","22.1"
"Chlamydia","2014","Arkansas","05","15-19","4,938","2507.8"
"Chlamydia","2014","Arkansas","05","20-24","6,177","2904.3"
"Chlamydia","2014","Arkansas","05","25-29","2,490","1292.4"
"Gonorrhea","2014","Arkansas","05","15-19","1,096","556.6"
"Gonorrhea","2014","Arkansas","05","20-24","1,680","789.9"
"Gonorrhea","2014","Arkansas","05","25-29","837","434.4"
"Primary and Secondary Syphilis","2014","Arkansas","05","15-19","9","4.6"
"Primary and Secondary Syphilis","2014","Arkansas","05","20-24","27","12.7"
"Primary and Secondary Syphilis","2014","Arkansas","05","25-29","26","13.5"
"Chlamydia","2014","California","06","15-19","35,011","1337.5"
"Chlamydia","2014","California","06","20-24","66,081","2266.0"
"Chlamydia","2014","California","06","25-29","34,865","1199.1"
"Gonorrhea","2014","California","06","15-19","5,693","217.5"
"Gonorrhea","2014","California","06","20-24","12,165","417.2"
"Gonorrhea","2014","California","06","25-29","9,707","333.9"
"Primary and Secondary Syphilis","2014","California","06","15-19","156","6.0"
"Primary and Secondary Syphilis","2014","California","06","20-24","572","19.6"
"Primary and Secondary Syphilis","2014","California","06","25-29","686","23.6"
"Chlamydia","2014","Colorado","08","15-19","5,390","1577.1"
"Chlamydia","2014","Colorado","08","20-24","8,514","2263.7"
"Chlamydia","2014","Colorado","08","25-29","4,066","1017.0"
"Gonorrhea","2014","Colorado","08","15-19","430","125.8"
"Gonorrhea","2014","Colorado","08","20-24","1,013","269.3"
"Gonorrhea","2014","Colorado","08","25-29","751","187.8"
"Primary and Secondary Syphilis","2014","Colorado","08","15-19","8","2.3"
"Primary and Secondary Syphilis","2014","Colorado","08","20-24","46","12.2"
"Primary and Secondary Syphilis","2014","Colorado","08","25-29","36","9.0"
"Chlamydia","2014","Connecticut","09","15-19","3,521","1396.8"
"Chlamydia","2014","Connecticut","09","20-24","5,219","2138.7"
"Chlamydia","2014","Connecticut","09","25-29","2,421","1099.5"
"Gonorrhea","2014","Connecticut","09","15-19","335","132.9"
"Gonorrhea","2014","Connecticut","09","20-24","709","290.5"
"Gonorrhea","2014","Connecticut","09","25-29","451","204.8"
"Primary and Secondary Syphilis","2014","Connecticut","09","15-19","8","3.2"
"Primary and Secondary Syphilis","2014","Connecticut","09","20-24","18","7.4"
"Primary and Secondary Syphilis","2014","Connecticut","09","25-29","21","9.5"
"Chlamydia","2014","Delaware","10","15-19","1,198","2009.2"
"Chlamydia","2014","Delaware","10","20-24","1,885","2930.1"
"Chlamydia","2014","Delaware","10","25-29","728","1143.6"
"Gonorrhea","2014","Delaware","10","15-19","229","384.1"
"Gonorrhea","2014","Delaware","10","20-24","430","668.4"
"Gonorrhea","2014","Delaware","10","25-29","273","428.8"
"Primary and Secondary Syphilis","2014","Delaware","10","15-19","1","1.7"
"Primary and Secondary Syphilis","2014","Delaware","10","20-24","12","18.7"
"Primary and Secondary Syphilis","2014","Delaware","10","25-29","10","15.7"
"Chlamydia","2014","District of Columbia","11","15-19","1,514","4085.4"
"Chlamydia","2014","District of Columbia","11","20-24","2,038","3641.6"
"Chlamydia","2014","District of Columbia","11","25-29","836","1032.9"
"Gonorrhea","2014","District of Columbia","11","15-19","442","1192.7"
"Gonorrhea","2014","District of Columbia","11","20-24","573","1023.9"
"Gonorrhea","2014","District of Columbia","11","25-29","346","427.5"
"Primary and Secondary Syphilis","2014","District of Columbia","11","15-19","5","13.5"
"Primary and Secondary Syphilis","2014","District of Columbia","11","20-24","11","19.7"
"Primary and Secondary Syphilis","2014","District of Columbia","11","25-29","22","27.2"
"Chlamydia","2014","Florida","12","15-19","20,923","1784.3"
"Chlamydia","2014","Florida","12","20-24","33,417","2538.2"
"Chlamydia","2014","Florida","12","25-29","15,610","1206.3"
"Gonorrhea","2014","Florida","12","15-19","3,668","312.8"
"Gonorrhea","2014","Florida","12","20-24","6,914","525.2"
"Gonorrhea","2014","Florida","12","25-29","4,145","320.3"
"Primary and Secondary Syphilis","2014","Florida","12","15-19","94","8.0"
"Primary and Secondary Syphilis","2014","Florida","12","20-24","334","25.4"
"Primary and Secondary Syphilis","2014","Florida","12","25-29","338","26.1"
"Chlamydia","2014","Georgia","13","15-19","15,023","2156.4"
"Chlamydia","2014","Georgia","13","20-24","20,747","2834.5"
"Chlamydia","2014","Georgia","13","25-29","8,513","1229.4"
"Gonorrhea","2014","Georgia","13","15-19","2,914","418.3"
"Gonorrhea","2014","Georgia","13","20-24","4,980","680.4"
"Gonorrhea","2014","Georgia","13","25-29","2,708","391.1"
"Primary and Secondary Syphilis","2014","Georgia","13","15-19","62","8.9"
"Primary and Secondary Syphilis","2014","Georgia","13","20-24","285","38.9"
"Primary and Secondary Syphilis","2014","Georgia","13","25-29","305","44.0"
"Chlamydia","2014","Hawaii","15","15-19","1,242","1579.2"
"Chlamydia","2014","Hawaii","15","20-24","2,471","2425.5"
"Chlamydia","2014","Hawaii","15","25-29","1,252","1212.3"
"Gonorrhea","2014","Hawaii","15","15-19","106","134.8"
"Gonorrhea","2014","Hawaii","15","20-24","310","304.3"
"Gonorrhea","2014","Hawaii","15","25-29","200","193.7"
"Primary and Secondary Syphilis","2014","Hawaii","15","15-19","4","5.1"
"Primary and Secondary Syphilis","2014","Hawaii","15","20-24","14","13.7"
"Primary and Secondary Syphilis","2014","Hawaii","15","25-29","18","17.4"
"Chlamydia","2014","Idaho","16","15-19","1,624","1404.3"
"Chlamydia","2014","Idaho","16","20-24","2,170","1922.2"
"Chlamydia","2014","Idaho","16","25-29","911","854.6"
"Gonorrhea","2014","Idaho","16","15-19","77","66.6"
"Gonorrhea","2014","Idaho","16","20-24","154","136.4"
"Gonorrhea","2014","Idaho","16","25-29","98","91.9"
"Primary and Secondary Syphilis","2014","Idaho","16","15-19","0","0.0"
"Primary and Secondary Syphilis","2014","Idaho","16","20-24","2","1.8"
"Primary and Secondary Syphilis","2014","Idaho","16","25-29","3","2.8"
"Chlamydia","2014","Illinois","17","15-19","19,531","2269.4"
"Chlamydia","2014","Illinois","17","20-24","26,232","2892.2"
"Chlamydia","2014","Illinois","17","25-29","10,913","1217.8"
"Gonorrhea","2014","Illinois","17","15-19","4,069","472.8"
"Gonorrhea","2014","Illinois","17","20-24","5,692","627.6"
"Gonorrhea","2014","Illinois","17","25-29","2,805","313.0"
"Primary and Secondary Syphilis","2014","Illinois","17","15-19","31","3.6"
"Primary and Secondary Syphilis","2014","Illinois","17","20-24","169","18.6"
"Primary and Secondary Syphilis","2014","Illinois","17","25-29","192","21.4"
"Chlamydia","2014","Indiana","18","15-19","8,205","1800.9"
"Chlamydia","2014","Indiana","18","20-24","11,698","2391.4"
"Chlamydia","2014","Indiana","18","25-29","4,704","1115.3"
"Gonorrhea","2014","Indiana","18","15-19","1,620","355.6"
"Gonorrhea","2014","Indiana","18","20-24","2,651","541.9"
"Gonorrhea","2014","Indiana","18","25-29","1,359","322.2"
"Primary and Secondary Syphilis","2014","Indiana","18","15-19","4","0.9"
"Primary and Secondary Syphilis","2014","Indiana","18","20-24","52","10.6"
"Primary and Secondary Syphilis","2014","Indiana","18","25-29","35","8.3"
"Chlamydia","2014","Iowa","19","15-19","3,160","1477.7"
"Chlamydia","2014","Iowa","19","20-24","5,018","2147.5"
"Chlamydia","2014","Iowa","19","25-29","1,979","1033.4"
"Gonorrhea","2014","Iowa","19","15-19","346","161.8"
"Gonorrhea","2014","Iowa","19","20-24","557","238.4"
"Gonorrhea","2014","Iowa","19","25-29","330","172.3"
"Primary and Secondary Syphilis","2014","Iowa","19","15-19","6","2.8"
"Primary and Secondary Syphilis","2014","Iowa","19","20-24","19","8.1"
"Primary and Secondary Syphilis","2014","Iowa","19","25-29","7","3.7"
"Chlamydia","2014","Kansas","20","15-19","3,154","1579.1"
"Chlamydia","2014","Kansas","20","20-24","4,514","2050.8"
"Chlamydia","2014","Kansas","20","25-29","1,918","1003.6"
"Gonorrhea","2014","Kansas","20","15-19","489","244.8"
"Gonorrhea","2014","Kansas","20","20-24","872","396.2"
"Gonorrhea","2014","Kansas","20","25-29","582","304.5"
"Primary and Secondary Syphilis","2014","Kansas","20","15-19","5","2.5"
"Primary and Secondary Syphilis","2014","Kansas","20","20-24","11","5.0"
"Primary and Secondary Syphilis","2014","Kansas","20","25-29","10","5.2"
"Chlamydia","2014","Kentucky","21","15-19","4,999","1758.7"
"Chlamydia","2014","Kentucky","21","20-24","7,112","2241.3"
"Chlamydia","2014","Kentucky","21","25-29","2,949","1043.8"
"Gonorrhea","2014","Kentucky","21","15-19","815","286.7"
"Gonorrhea","2014","Kentucky","21","20-24","1,542","486.0"
"Gonorrhea","2014","Kentucky","21","25-29","850","300.9"
"Primary and Secondary Syphilis","2014","Kentucky","21","15-19","6","2.1"
"Primary and Secondary Syphilis","2014","Kentucky","21","20-24","34","10.7"
"Primary and Secondary Syphilis","2014","Kentucky","21","25-29","25","8.8"
"Chlamydia","2014","Louisiana","22","15-19","9,369","3130.4"
"Chlamydia","2014","Louisiana","22","20-24","11,128","3185.7"
"Chlamydia","2014","Louisiana","22","25-29","4,638","1362.3"
"Gonorrhea","2014","Louisiana","22","15-19","2,486","830.6"
"Gonorrhea","2014","Louisiana","22","20-24","3,251","930.7"
"Gonorrhea","2014","Louisiana","22","25-29","1,607","472.0"
"Primary and Secondary Syphilis","2014","Louisiana","22","15-19","66","22.1"
"Primary and Secondary Syphilis","2014","Louisiana","22","20-24","159","45.5"
"Primary and Secondary Syphilis","2014","Louisiana","22","25-29","115","33.8"
"Chlamydia","2014","Maine","23","15-19","928","1130.1"
"Chlamydia","2014","Maine","23","20-24","1,476","1846.3"
"Chlamydia","2014","Maine","23","25-29","639","828.4"
"Gonorrhea","2014","Maine","23","15-19","28","34.1"
"Gonorrhea","2014","Maine","23","20-24","74","92.6"
"Gonorrhea","2014","Maine","23","25-29","54","70.0"
"Primary and Secondary Syphilis","2014","Maine","23","15-19","1","1.2"
"Primary and Secondary Syphilis","2014","Maine","23","20-24","3","3.8"
"Primary and Secondary Syphilis","2014","Maine","23","25-29","2","2.6"
"Chlamydia","2014","Maryland","24","15-19","7,940","2054.5"
"Chlamydia","2014","Maryland","24","20-24","10,701","2665.1"
"Chlamydia","2014","Maryland","24","25-29","4,659","1124.2"
"Gonorrhea","2014","Maryland","24","15-19","1,312","339.5"
"Gonorrhea","2014","Maryland","24","20-24","1,925","479.4"
"Gonorrhea","2014","Maryland","24","25-29","1,161","280.1"
"Primary and Secondary Syphilis","2014","Maryland","24","15-19","25","6.5"
"Primary and Secondary Syphilis","2014","Maryland","24","20-24","89","22.2"
"Primary and Secondary Syphilis","2014","Maryland","24","25-29","105","25.3"
"Chlamydia","2014","Massachusetts","25","15-19","4,563","991.4"
"Chlamydia","2014","Massachusetts","25","20-24","8,528","1730.5"
"Chlamydia","2014","Massachusetts","25","25-29","4,222","863.7"
"Gonorrhea","2014","Massachusetts","25","15-19","434","94.3"
"Gonorrhea","2014","Massachusetts","25","20-24","1,183","240.1"
"Gonorrhea","2014","Massachusetts","25","25-29","886","181.2"
"Primary and Secondary Syphilis","2014","Massachusetts","25","15-19","10","2.2"
"Primary and Secondary Syphilis","2014","Massachusetts","25","20-24","49","9.9"
"Primary and Secondary Syphilis","2014","Massachusetts","25","25-29","58","11.9"
"Chlamydia","2014","Michigan","26","15-19","13,501","1988.2"
"Chlamydia","2014","Michigan","26","20-24","18,239","2454.2"
"Chlamydia","2014","Michigan","26","25-29","6,693","1103.5"
"Gonorrhea","2014","Michigan","26","15-19","2,257","332.4"
"Gonorrhea","2014","Michigan","26","20-24","3,587","482.7"
"Gonorrhea","2014","Michigan","26","25-29","1,689","278.5"
"Primary and Secondary Syphilis","2014","Michigan","26","15-19","25","3.7"
"Primary and Secondary Syphilis","2014","Michigan","26","20-24","126","17.0"
"Primary and Secondary Syphilis","2014","Michigan","26","25-29","86","14.2"
"Chlamydia","2014","Minnesota","27","15-19","5,156","1448.2"
"Chlamydia","2014","Minnesota","27","20-24","7,983","2186.1"
"Chlamydia","2014","Minnesota","27","25-29","3,475","952.2"
"Gonorrhea","2014","Minnesota","27","15-19","801","225.0"
"Gonorrhea","2014","Minnesota","27","20-24","1,288","352.7"
"Gonorrhea","2014","Minnesota","27","25-29","812","222.5"
"Primary and Secondary Syphilis","2014","Minnesota","27","15-19","10","2.8"
"Primary and Secondary Syphilis","2014","Minnesota","27","20-24","53","14.5"
"Primary and Secondary Syphilis","2014","Minnesota","27","25-29","50","13.7"
"Chlamydia","2014","Mississippi","28","15-19","6,691","3220.8"
"Chlamydia","2014","Mississippi","28","20-24","7,826","3450.8"
"Chlamydia","2014","Mississippi","28","25-29","2,865","1458.7"
"Gonorrhea","2014","Mississippi","28","15-19","1,571","756.2"
"Gonorrhea","2014","Mississippi","28","20-24","2,231","983.7"
"Gonorrhea","2014","Mississippi","28","25-29","888","452.1"
"Primary and Secondary Syphilis","2014","Mississippi","28","15-19","24","11.6"
"Primary and Secondary Syphilis","2014","Mississippi","28","20-24","72","31.7"
"Primary and Secondary Syphilis","2014","Mississippi","28","25-29","42","21.4"
"Chlamydia","2014","Missouri","29","15-19","8,183","2072.9"
"Chlamydia","2014","Missouri","29","20-24","11,394","2621.1"
"Chlamydia","2014","Missouri","29","25-29","4,537","1131.3"
"Gonorrhea","2014","Missouri","29","15-19","1,620","410.4"
"Gonorrhea","2014","Missouri","29","20-24","2,650","609.6"
"Gonorrhea","2014","Missouri","29","25-29","1,442","359.6"
"Primary and Secondary Syphilis","2014","Missouri","29","15-19","9","2.3"
"Primary and Secondary Syphilis","2014","Missouri","29","20-24","59","13.6"
"Primary and Secondary Syphilis","2014","Missouri","29","25-29","58","14.5"
"Chlamydia","2014","Montana","30","15-19","1,175","1843.9"
"Chlamydia","2014","Montana","30","20-24","1,659","2237.8"
"Chlamydia","2014","Montana","30","25-29","749","1171.3"
"Gonorrhea","2014","Montana","30","15-19","63","98.9"
"Gonorrhea","2014","Montana","30","20-24","130","175.4"
"Gonorrhea","2014","Montana","30","25-29","96","150.1"
"Primary and Secondary Syphilis","2014","Montana","30","15-19","2","3.1"
"Primary and Secondary Syphilis","2014","Montana","30","20-24","0","0.0"
"Primary and Secondary Syphilis","2014","Montana","30","25-29","3","4.7"
"Chlamydia","2014","Nebraska","31","15-19","1,925","1508.9"
"Chlamydia","2014","Nebraska","31","20-24","3,090","2257.5"
"Chlamydia","2014","Nebraska","31","25-29","1,391","1120.0"
"Gonorrhea","2014","Nebraska","31","15-19","252","197.5"
"Gonorrhea","2014","Nebraska","31","20-24","494","360.9"
"Gonorrhea","2014","Nebraska","31","25-29","321","258.5"
"Primary and Secondary Syphilis","2014","Nebraska","31","15-19","0","0.0"
"Primary and Secondary Syphilis","2014","Nebraska","31","20-24","13","9.5"
"Primary and Secondary Syphilis","2014","Nebraska","31","25-29","11","8.9"
"Chlamydia","2014","Nevada","32","15-19","2,876","1647.7"
"Chlamydia","2014","Nevada","32","20-24","4,519","2432.4"
"Chlamydia","2014","Nevada","32","25-29","2,230","1099.8"
"Gonorrhea","2014","Nevada","32","15-19","522","299.1"
"Gonorrhea","2014","Nevada","32","20-24","830","446.8"
"Gonorrhea","2014","Nevada","32","25-29","672","331.4"
"Primary and Secondary Syphilis","2014","Nevada","32","15-19","13","7.4"
"Primary and Secondary Syphilis","2014","Nevada","32","20-24","79","42.5"
"Primary and Secondary Syphilis","2014","Nevada","32","25-29","73","36.0"
"Chlamydia","2014","New Hampshire","33","15-19","790","878.5"
"Chlamydia","2014","New Hampshire","33","20-24","1,587","1730.3"
"Chlamydia","2014","New Hampshire","33","25-29","675","858.5"
"Gonorrhea","2014","New Hampshire","33","15-19","28","31.1"
"Gonorrhea","2014","New Hampshire","33","20-24","63","68.7"
"Gonorrhea","2014","New Hampshire","33","25-29","60","76.3"
"Primary and Secondary Syphilis","2014","New Hampshire","33","15-19","2","2.2"
"Primary and Secondary Syphilis","2014","New Hampshire","33","20-24","7","7.6"
"Primary and Secondary Syphilis","2014","New Hampshire","33","25-29","3","3.8"
"Chlamydia","2014","New Jersey","34","15-19","6,546","1143.9"
"Chlamydia","2014","New Jersey","34","20-24","12,311","2163.2"
"Chlamydia","2014","New Jersey","34","25-29","5,731","1032.1"
"Gonorrhea","2014","New Jersey","34","15-19","1,348","235.6"
"Gonorrhea","2014","New Jersey","34","20-24","2,239","393.4"
"Gonorrhea","2014","New Jersey","34","25-29","1,258","226.6"
"Primary and Secondary Syphilis","2014","New Jersey","34","15-19","1","0.2"
"Primary and Secondary Syphilis","2014","New Jersey","34","20-24","64","11.2"
"Primary and Secondary Syphilis","2014","New Jersey","34","25-29","55","9.9"
"Chlamydia","2014","New Mexico","35","15-19","2,932","2096.4"
"Chlamydia","2014","New Mexico","35","20-24","4,253","2767.0"
"Chlamydia","2014","New Mexico","35","25-29","2,205","1563.3"
"Gonorrhea","2014","New Mexico","35","15-19","303","216.7"
"Gonorrhea","2014","New Mexico","35","20-24","708","460.6"
"Gonorrhea","2014","New Mexico","35","25-29","521","369.4"
"Primary and Secondary Syphilis","2014","New Mexico","35","15-19","10","7.2"
"Primary and Secondary Syphilis","2014","New Mexico","35","20-24","27","17.6"
"Primary and Secondary Syphilis","2014","New Mexico","35","25-29","25","17.7"
"Chlamydia","2014","New York","36","15-19","24,937","1992.9"
"Chlamydia","2014","New York","36","20-24","34,914","2454.4"
"Chlamydia","2014","New York","36","25-29","18,471","1259.4"
"Gonorrhea","2014","New York","36","15-19","3,412","272.7"
"Gonorrhea","2014","New York","36","20-24","5,864","412.2"
"Gonorrhea","2014","New York","36","25-29","4,602","313.8"
"Primary and Secondary Syphilis","2014","New York","36","15-19","67","5.4"
"Primary and Secondary Syphilis","2014","New York","36","20-24","281","19.8"
"Primary and Secondary Syphilis","2014","New York","36","25-29","344","23.5"
"Chlamydia","2014","North Carolina","37","15-19","13,153","2018.0"
"Chlamydia","2014","North Carolina","37","20-24","19,625","2763.0"
"Chlamydia","2014","North Carolina","37","25-29","7,837","1194.5"
"Gonorrhea","2014","North Carolina","37","15-19","2,916","447.4"
"Gonorrhea","2014","North Carolina","37","20-24","5,612","790.1"
"Gonorrhea","2014","North Carolina","37","25-29","2,790","425.2"
"Primary and Secondary Syphilis","2014","North Carolina","37","15-19","43","6.6"
"Primary and Secondary Syphilis","2014","North Carolina","37","20-24","184","25.9"
"Primary and Secondary Syphilis","2014","North Carolina","37","25-29","162","24.7"
"Chlamydia","2014","North Dakota","38","15-19","772","1611.1"
"Chlamydia","2014","North Dakota","38","20-24","1,508","2193.0"
"Chlamydia","2014","North Dakota","38","25-29","673","1181.7"
"Gonorrhea","2014","North Dakota","38","15-19","131","273.4"
"Gonorrhea","2014","North Dakota","38","20-24","267","388.3"
"Gonorrhea","2014","North Dakota","38","25-29","155","272.2"
"Primary and Secondary Syphilis","2014","North Dakota","38","15-19","1","2.1"
"Primary and Secondary Syphilis","2014","North Dakota","38","20-24","3","4.4"
"Primary and Secondary Syphilis","2014","North Dakota","38","25-29","4","7.0"
"Chlamydia","2014","Ohio","39","15-19","17,112","2213.3"
"Chlamydia","2014","Ohio","39","20-24","21,721","2713.1"
"Chlamydia","2014","Ohio","39","25-29","8,603","1150.8"
"Gonorrhea","2014","Ohio","39","15-19","3,923","507.4"
"Gonorrhea","2014","Ohio","39","20-24","5,442","679.7"
"Gonorrhea","2014","Ohio","39","25-29","2,922","390.9"
"Primary and Secondary Syphilis","2014","Ohio","39","15-19","25","3.2"
"Primary and Secondary Syphilis","2014","Ohio","39","20-24","127","15.9"
"Primary and Secondary Syphilis","2014","Ohio","39","25-29","142","19.0"
"Chlamydia","2014","Oklahoma","40","15-19","5,887","2287.5"
"Chlamydia","2014","Oklahoma","40","20-24","8,498","2932.9"
"Chlamydia","2014","Oklahoma","40","25-29","3,556","1331.0"
"Gonorrhea","2014","Oklahoma","40","15-19","1,266","491.9"
"Gonorrhea","2014","Oklahoma","40","20-24","2,166","747.5"
"Gonorrhea","2014","Oklahoma","40","25-29","1,305","488.4"
"Primary and Secondary Syphilis","2014","Oklahoma","40","15-19","5","1.9"
"Primary and Secondary Syphilis","2014","Oklahoma","40","20-24","29","10.0"
"Primary and Secondary Syphilis","2014","Oklahoma","40","25-29","38","14.2"
"Chlamydia","2014","Oregon","41","15-19","3,871","1588.1"
"Chlamydia","2014","Oregon","41","20-24","5,788","2159.6"
"Chlamydia","2014","Oregon","41","25-29","2,762","1032.8"
"Gonorrhea","2014","Oregon","41","15-19","212","87.0"
"Gonorrhea","2014","Oregon","41","20-24","559","208.6"
"Gonorrhea","2014","Oregon","41","25-29","539","201.6"
"Primary and Secondary Syphilis","2014","Oregon","41","15-19","10","4.1"
"Primary and Secondary Syphilis","2014","Oregon","41","20-24","39","14.6"
"Primary and Secondary Syphilis","2014","Oregon","41","25-29","39","14.6"
"Chlamydia","2014","Pennsylvania","42","15-19","15,175","1812.6"
"Chlamydia","2014","Pennsylvania","42","20-24","19,923","2261.9"
"Chlamydia","2014","Pennsylvania","42","25-29","8,383","993.0"
"Gonorrhea","2014","Pennsylvania","42","15-19","2,929","349.9"
"Gonorrhea","2014","Pennsylvania","42","20-24","4,335","492.2"
"Gonorrhea","2014","Pennsylvania","42","25-29","2,360","279.6"
"Primary and Secondary Syphilis","2014","Pennsylvania","42","15-19","43","5.1"
"Primary and Secondary Syphilis","2014","Pennsylvania","42","20-24","128","14.5"
"Primary and Secondary Syphilis","2014","Pennsylvania","42","25-29","132","15.6"
"Chlamydia","2014","Rhode Island","44","15-19","1,144","1537.4"
"Chlamydia","2014","Rhode Island","44","20-24","1,794","2179.7"
"Chlamydia","2014","Rhode Island","44","25-29","755","1041.0"
"Gonorrhea","2014","Rhode Island","44","15-19","65","87.4"
"Gonorrhea","2014","Rhode Island","44","20-24","182","221.1"
"Gonorrhea","2014","Rhode Island","44","25-29","105","144.8"
"Primary and Secondary Syphilis","2014","Rhode Island","44","15-19","2","2.7"
"Primary and Secondary Syphilis","2014","Rhode Island","44","20-24","15","18.2"
"Primary and Secondary Syphilis","2014","Rhode Island","44","25-29","16","22.1"
"Chlamydia","2014","South Carolina","45","15-19","7,922","2550.7"
"Chlamydia","2014","South Carolina","45","20-24","11,507","3263.9"
"Chlamydia","2014","South Carolina","45","25-29","4,822","1510.4"
"Gonorrhea","2014","South Carolina","45","15-19","1,797","578.6"
"Gonorrhea","2014","South Carolina","45","20-24","3,111","882.4"
"Gonorrhea","2014","South Carolina","45","25-29","1,606","503.1"
"Primary and Secondary Syphilis","2014","South Carolina","45","15-19","14","4.5"
"Primary and Secondary Syphilis","2014","South Carolina","45","20-24","71","20.1"
"Primary and Secondary Syphilis","2014","South Carolina","45","25-29","63","19.7"
"Chlamydia","2014","South Dakota","46","15-19","1,136","2007.6"
"Chlamydia","2014","South Dakota","46","20-24","1,605","2641.2"
"Chlamydia","2014","South Dakota","46","25-29","771","1370.7"
"Gonorrhea","2014","South Dakota","46","15-19","159","281.0"
"Gonorrhea","2014","South Dakota","46","20-24","294","483.8"
"Gonorrhea","2014","South Dakota","46","25-29","205","364.5"
"Primary and Secondary Syphilis","2014","South Dakota","46","15-19","12","21.2"
"Primary and Secondary Syphilis","2014","South Dakota","46","20-24","14","23.0"
"Primary and Secondary Syphilis","2014","South Dakota","46","25-29","9","16.0"
"Chlamydia","2014","Tennessee","47","15-19","9,036","2163.8"
"Chlamydia","2014","Tennessee","47","20-24","12,359","2671.1"
"Chlamydia","2014","Tennessee","47","25-29","5,244","1205.3"
"Gonorrhea","2014","Tennessee","47","15-19","1,563","374.3"
"Gonorrhea","2014","Tennessee","47","20-24","2,699","583.3"
"Gonorrhea","2014","Tennessee","47","25-29","1,446","332.3"
"Primary and Secondary Syphilis","2014","Tennessee","47","15-19","23","5.5"
"Primary and Secondary Syphilis","2014","Tennessee","47","20-24","68","14.7"
"Primary and Secondary Syphilis","2014","Tennessee","47","25-29","47","10.8"
"Chlamydia","2014","Texas","48","15-19","35,270","1838.7"
"Chlamydia","2014","Texas","48","20-24","51,221","2561.5"
"Chlamydia","2014","Texas","48","25-29","22,973","1163.1"
"Gonorrhea","2014","Texas","48","15-19","7,861","409.8"
"Gonorrhea","2014","Texas","48","20-24","12,113","605.8"
"Gonorrhea","2014","Texas","48","25-29","6,872","347.9"
"Primary and Secondary Syphilis","2014","Texas","48","15-19","96","5.0"
"Primary and Secondary Syphilis","2014","Texas","48","20-24","430","21.5"
"Primary and Secondary Syphilis","2014","Texas","48","25-29","377","19.1"
"Chlamydia","2014","Utah","49","15-19","2,145","952.7"
"Chlamydia","2014","Utah","49","20-24","3,022","1216.4"
"Chlamydia","2014","Utah","49","25-29","1,449","672.9"
"Gonorrhea","2014","Utah","49","15-19","150","66.6"
"Gonorrhea","2014","Utah","49","20-24","396","159.4"
"Gonorrhea","2014","Utah","49","25-29","320","148.6"
"Primary and Secondary Syphilis","2014","Utah","49","15-19","1","0.4"
"Primary and Secondary Syphilis","2014","Utah","49","20-24","6","2.4"
"Primary and Secondary Syphilis","2014","Utah","49","25-29","6","2.8"
"Chlamydia","2014","Vermont","50","15-19","628","1429.2"
"Chlamydia","2014","Vermont","50","20-24","964","2085.0"
"Chlamydia","2014","Vermont","50","25-29","325","915.0"
"Gonorrhea","2014","Vermont","50","15-19","9","20.5"
"Gonorrhea","2014","Vermont","50","20-24","29","62.7"
"Gonorrhea","2014","Vermont","50","25-29","29","81.6"
"Primary and Secondary Syphilis","2014","Vermont","50","15-19","0","0.0"
"Primary and Secondary Syphilis","2014","Vermont","50","20-24","1","2.2"
"Primary and Secondary Syphilis","2014","Vermont","50","25-29","2","5.6"
"Chlamydia","2014","Virginia","51","15-19","9,148","1708.2"
"Chlamydia","2014","Virginia","51","20-24","15,019","2517.5"
"Chlamydia","2014","Virginia","51","25-29","6,504","1111.2"
"Gonorrhea","2014","Virginia","51","15-19","1,728","322.7"
"Gonorrhea","2014","Virginia","51","20-24","3,119","522.8"
"Gonorrhea","2014","Virginia","51","25-29","1,603","273.9"
"Primary and Secondary Syphilis","2014","Virginia","51","15-19","11","2.1"
"Primary and Secondary Syphilis","2014","Virginia","51","20-24","57","9.6"
"Primary and Secondary Syphilis","2014","Virginia","51","25-29","63","10.8"
"Chlamydia","2014","Washington","53","15-19","6,001","1365.7"
"Chlamydia","2014","Washington","53","20-24","10,038","2027.8"
"Chlamydia","2014","Washington","53","25-29","5,089","996.6"
"Gonorrhea","2014","Washington","53","15-19","694","157.9"
"Gonorrhea","2014","Washington","53","20-24","1,652","333.7"
"Gonorrhea","2014","Washington","53","25-29","1,432","280.4"
"Primary and Secondary Syphilis","2014","Washington","53","15-19","16","3.6"
"Primary and Secondary Syphilis","2014","Washington","53","20-24","68","13.7"
"Primary and Secondary Syphilis","2014","Washington","53","25-29","47","9.2"
"Chlamydia","2014","West Virginia","54","15-19","1,321","1188.6"
"Chlamydia","2014","West Virginia","54","20-24","2,106","1674.7"
"Chlamydia","2014","West Virginia","54","25-29","741","688.4"
"Gonorrhea","2014","West Virginia","54","15-19","157","141.3"
"Gonorrhea","2014","West Virginia","54","20-24","295","234.6"
"Gonorrhea","2014","West Virginia","54","25-29","166","154.2"
"Primary and Secondary Syphilis","2014","West Virginia","54","15-19","2","1.8"
"Primary and Secondary Syphilis","2014","West Virginia","54","20-24","7","5.6"
"Primary and Secondary Syphilis","2014","West Virginia","54","25-29","6","5.6"
"Chlamydia","2014","Wisconsin","55","15-19","6,554","1709.7"
"Chlamydia","2014","Wisconsin","55","20-24","9,330","2290.0"
"Chlamydia","2014","Wisconsin","55","25-29","3,950","1104.9"
"Gonorrhea","2014","Wisconsin","55","15-19","1,061","276.8"
"Gonorrhea","2014","Wisconsin","55","20-24","1,424","349.5"
"Gonorrhea","2014","Wisconsin","55","25-29","749","209.5"
"Primary and Secondary Syphilis","2014","Wisconsin","55","15-19","6","1.6"
"Primary and Secondary Syphilis","2014","Wisconsin","55","20-24","23","5.6"
"Primary and Secondary Syphilis","2014","Wisconsin","55","25-29","25","7.0"
"Chlamydia","2014","Wyoming","56","15-19","560","1532.5"
"Chlamydia","2014","Wyoming","56","20-24","790","1851.0"
"Chlamydia","2014","Wyoming","56","25-29","384","941.8"
"Gonorrhea","2014","Wyoming","56","15-19","25","68.4"
"Gonorrhea","2014","Wyoming","56","20-24","35","82.0"
"Gonorrhea","2014","Wyoming","56","25-29","30","73.6"
"Primary and Secondary Syphilis","2014","Wyoming","56","15-19","0","0.0"
"Primary and Secondary Syphilis","2014","Wyoming","56","20-24","1","2.3"
"Primary and Secondary Syphilis","2014","Wyoming","56","25-29","2","4.9"
"Chlamydia","2013","Alabama","01","15-19","9,677","3014.5"
"Chlamydia","2013","Alabama","01","20-24","12,115","3393.1"
"Chlamydia","2013","Alabama","01","25-29","4,252","1364.2"
"Gonorrhea","2013","Alabama","01","15-19","2,246","699.7"
"Gonorrhea","2013","Alabama","01","20-24","3,220","901.8"
"Gonorrhea","2013","Alabama","01","25-29","1,375","441.1"
"Primary and Secondary Syphilis","2013","Alabama","01","15-19","15","4.7"
"Primary and Secondary Syphilis","2013","Alabama","01","20-24","54","15.1"
"Primary and Secondary Syphilis","2013","Alabama","01","25-29","41","13.2"
"Chlamydia","2013","Alaska","02","15-19","1,336","2739.4"
"Chlamydia","2013","Alaska","02","20-24","2,214","3630.8"
"Chlamydia","2013","Alaska","02","25-29","1,086","1797.4"
"Gonorrhea","2013","Alaska","02","15-19","91","186.6"
"Gonorrhea","2013","Alaska","02","20-24","332","544.5"
"Gonorrhea","2013","Alaska","02","25-29","254","420.4"
"Primary and Secondary Syphilis","2013","Alaska","02","15-19","2","4.1"
"Primary and Secondary Syphilis","2013","Alaska","02","20-24","4","6.6"
"Primary and Secondary Syphilis","2013","Alaska","02","25-29","6","9.9"
"Chlamydia","2013","Arizona","04","15-19","8,033","1777.1"
"Chlamydia","2013","Arizona","04","20-24","11,922","2446.4"
"Chlamydia","2013","Arizona","04","25-29","5,274","1185.2"
"Gonorrhea","2013","Arizona","04","15-19","1,151","254.6"
"Gonorrhea","2013","Arizona","04","20-24","2,119","434.8"
"Gonorrhea","2013","Arizona","04","25-29","1,211","272.1"
"Primary and Secondary Syphilis","2013","Arizona","04","15-19","11","2.4"
"Primary and Secondary Syphilis","2013","Arizona","04","20-24","73","15.0"
"Primary and Secondary Syphilis","2013","Arizona","04","25-29","51","11.5"
"Chlamydia","2013","Arkansas","05","15-19","5,069","2572.4"
"Chlamydia","2013","Arkansas","05","20-24","6,183","2902.5"
"Chlamydia","2013","Arkansas","05","25-29","2,348","1228.3"
"Gonorrhea","2013","Arkansas","05","15-19","1,059","537.4"
"Gonorrhea","2013","Arkansas","05","20-24","1,566","735.1"
"Gonorrhea","2013","Arkansas","05","25-29","683","357.3"
"Primary and Secondary Syphilis","2013","Arkansas","05","15-19","7","3.6"
"Primary and Secondary Syphilis","2013","Arkansas","05","20-24","43","20.2"
"Primary and Secondary Syphilis","2013","Arkansas","05","25-29","39","20.4"
"Chlamydia","2013","California","06","15-19","36,969","1391.7"
"Chlamydia","2013","California","06","20-24","63,396","2171.1"
"Chlamydia","2013","California","06","25-29","31,758","1119.7"
"Gonorrhea","2013","California","06","15-19","5,103","192.1"
"Gonorrhea","2013","California","06","20-24","10,304","352.9"
"Gonorrhea","2013","California","06","25-29","8,067","284.4"
"Primary and Secondary Syphilis","2013","California","06","15-19","141","5.3"
"Primary and Secondary Syphilis","2013","California","06","20-24","602","20.6"
"Primary and Secondary Syphilis","2013","California","06","25-29","631","22.2"
"Chlamydia","2013","Colorado","08","15-19","5,317","1567.9"
"Chlamydia","2013","Colorado","08","20-24","8,057","2178.1"
"Chlamydia","2013","Colorado","08","25-29","3,679","940.0"
"Gonorrhea","2013","Colorado","08","15-19","459","135.4"
"Gonorrhea","2013","Colorado","08","20-24","978","264.4"
"Gonorrhea","2013","Colorado","08","25-29","591","151.0"
"Primary and Secondary Syphilis","2013","Colorado","08","15-19","1","0.3"
"Primary and Secondary Syphilis","2013","Colorado","08","20-24","33","8.9"
"Primary and Secondary Syphilis","2013","Colorado","08","25-29","26","6.6"
"Chlamydia","2013","Connecticut","09","15-19","3,711","1462.0"
"Chlamydia","2013","Connecticut","09","20-24","4,900","2059.0"
"Chlamydia","2013","Connecticut","09","25-29","2,190","996.0"
"Gonorrhea","2013","Connecticut","09","15-19","493","194.2"
"Gonorrhea","2013","Connecticut","09","20-24","891","374.4"
"Gonorrhea","2013","Connecticut","09","25-29","593","269.7"
"Primary and Secondary Syphilis","2013","Connecticut","09","15-19","1","0.4"
"Primary and Secondary Syphilis","2013","Connecticut","09","20-24","17","7.1"
"Primary and Secondary Syphilis","2013","Connecticut","09","25-29","14","6.4"
"Chlamydia","2013","Delaware","10","15-19","1,535","2543.7"
"Chlamydia","2013","Delaware","10","20-24","2,085","3179.8"
"Chlamydia","2013","Delaware","10","25-29","860","1406.7"
"Gonorrhea","2013","Delaware","10","15-19","292","483.9"
"Gonorrhea","2013","Delaware","10","20-24","513","782.4"
"Gonorrhea","2013","Delaware","10","25-29","257","420.4"
"Primary and Secondary Syphilis","2013","Delaware","10","15-19","1","1.7"
"Primary and Secondary Syphilis","2013","Delaware","10","20-24","15","22.9"
"Primary and Secondary Syphilis","2013","Delaware","10","25-29","11","18.0"
"Chlamydia","2013","District of Columbia","11","15-19","1,941","5143.1"
"Chlamydia","2013","District of Columbia","11","20-24","2,175","3831.0"
"Chlamydia","2013","District of Columbia","11","25-29","988","1229.2"
"Gonorrhea","2013","District of Columbia","11","15-19","540","1430.8"
"Gonorrhea","2013","District of Columbia","11","20-24","784","1380.9"
"Gonorrhea","2013","District of Columbia","11","25-29","435","541.2"
"Primary and Secondary Syphilis","2013","District of Columbia","11","15-19","2","5.3"
"Primary and Secondary Syphilis","2013","District of Columbia","11","20-24","27","47.6"
"Primary and Secondary Syphilis","2013","District of Columbia","11","25-29","24","29.9"
"Chlamydia","2013","Florida","12","15-19","20,960","1784.4"
"Chlamydia","2013","Florida","12","20-24","32,293","2448.9"
"Chlamydia","2013","Florida","12","25-29","13,993","1115.7"
"Gonorrhea","2013","Florida","12","15-19","3,996","340.2"
"Gonorrhea","2013","Florida","12","20-24","7,045","534.3"
"Gonorrhea","2013","Florida","12","25-29","3,930","313.3"
"Primary and Secondary Syphilis","2013","Florida","12","15-19","98","8.3"
"Primary and Secondary Syphilis","2013","Florida","12","20-24","330","25.0"
"Primary and Secondary Syphilis","2013","Florida","12","25-29","248","19.8"
"Chlamydia","2013","Georgia","13","15-19","15,525","2233.9"
"Chlamydia","2013","Georgia","13","20-24","20,324","2793.9"
"Chlamydia","2013","Georgia","13","25-29","7,955","1173.1"
"Gonorrhea","2013","Georgia","13","15-19","3,363","483.9"
"Gonorrhea","2013","Georgia","13","20-24","5,303","729.0"
"Gonorrhea","2013","Georgia","13","25-29","2,504","369.3"
"Primary and Secondary Syphilis","2013","Georgia","13","15-19","42","6.0"
"Primary and Secondary Syphilis","2013","Georgia","13","20-24","202","27.8"
"Primary and Secondary Syphilis","2013","Georgia","13","25-29","216","31.9"
"Chlamydia","2013","Hawaii","15","15-19","1,410","1758.9"
"Chlamydia","2013","Hawaii","15","20-24","2,517","2467.7"
"Chlamydia","2013","Hawaii","15","25-29","1,333","1295.3"
"Gonorrhea","2013","Hawaii","15","15-19","77","96.1"
"Gonorrhea","2013","Hawaii","15","20-24","241","236.3"
"Gonorrhea","2013","Hawaii","15","25-29","161","156.4"
"Primary and Secondary Syphilis","2013","Hawaii","15","15-19","7","8.7"
"Primary and Secondary Syphilis","2013","Hawaii","15","20-24","10","9.8"
"Primary and Secondary Syphilis","2013","Hawaii","15","25-29","10","9.7"
"Chlamydia","2013","Idaho","16","15-19","1,557","1364.3"
"Chlamydia","2013","Idaho","16","20-24","2,223","1972.2"
"Chlamydia","2013","Idaho","16","25-29","854","812.8"
"Gonorrhea","2013","Idaho","16","15-19","24","21.0"
"Gonorrhea","2013","Idaho","16","20-24","58","51.5"
"Gonorrhea","2013","Idaho","16","25-29","58","55.2"
"Primary and Secondary Syphilis","2013","Idaho","16","15-19","2","1.8"
"Primary and Secondary Syphilis","2013","Idaho","16","20-24","5","4.4"
"Primary and Secondary Syphilis","2013","Idaho","16","25-29","4","3.8"
"Chlamydia","2013","Illinois","17","15-19","20,434","2333.6"
"Chlamydia","2013","Illinois","17","20-24","24,839","2741.6"
"Chlamydia","2013","Illinois","17","25-29","9,661","1076.5"
"Gonorrhea","2013","Illinois","17","15-19","4,753","542.8"
"Gonorrhea","2013","Illinois","17","20-24","5,815","641.8"
"Gonorrhea","2013","Illinois","17","25-29","2,677","298.3"
"Primary and Secondary Syphilis","2013","Illinois","17","15-19","35","4.0"
"Primary and Secondary Syphilis","2013","Illinois","17","20-24","173","19.1"
"Primary and Secondary Syphilis","2013","Illinois","17","25-29","149","16.6"
"Chlamydia","2013","Indiana","18","15-19","8,590","1878.4"
"Chlamydia","2013","Indiana","18","20-24","11,365","2339.7"
"Chlamydia","2013","Indiana","18","25-29","4,382","1052.5"
"Gonorrhea","2013","Indiana","18","15-19","1,716","375.2"
"Gonorrhea","2013","Indiana","18","20-24","2,561","527.2"
"Gonorrhea","2013","Indiana","18","25-29","1,345","323.0"
"Primary and Secondary Syphilis","2013","Indiana","18","15-19","14","3.1"
"Primary and Secondary Syphilis","2013","Indiana","18","20-24","64","13.2"
"Primary and Secondary Syphilis","2013","Indiana","18","25-29","41","9.8"
"Chlamydia","2013","Iowa","19","15-19","3,146","1471.8"
"Chlamydia","2013","Iowa","19","20-24","4,619","2005.1"
"Chlamydia","2013","Iowa","19","25-29","1,785","933.4"
"Gonorrhea","2013","Iowa","19","15-19","321","150.2"
"Gonorrhea","2013","Iowa","19","20-24","522","226.6"
"Gonorrhea","2013","Iowa","19","25-29","288","150.6"
"Primary and Secondary Syphilis","2013","Iowa","19","15-19","7","3.3"
"Primary and Secondary Syphilis","2013","Iowa","19","20-24","12","5.2"
"Primary and Secondary Syphilis","2013","Iowa","19","25-29","20","10.5"
"Chlamydia","2013","Kansas","20","15-19","3,194","1597.8"
"Chlamydia","2013","Kansas","20","20-24","4,605","2114.5"
"Chlamydia","2013","Kansas","20","25-29","1,793","932.7"
"Gonorrhea","2013","Kansas","20","15-19","421","210.6"
"Gonorrhea","2013","Kansas","20","20-24","749","343.9"
"Gonorrhea","2013","Kansas","20","25-29","454","236.2"
"Primary and Secondary Syphilis","2013","Kansas","20","15-19","3","1.5"
"Primary and Secondary Syphilis","2013","Kansas","20","20-24","13","6.0"
"Primary and Secondary Syphilis","2013","Kansas","20","25-29","10","5.2"
"Chlamydia","2013","Kentucky","21","15-19","5,111","1788.8"
"Chlamydia","2013","Kentucky","21","20-24","6,971","2197.6"
"Chlamydia","2013","Kentucky","21","25-29","2,675","958.8"
"Gonorrhea","2013","Kentucky","21","15-19","916","320.6"
"Gonorrhea","2013","Kentucky","21","20-24","1,447","456.2"
"Gonorrhea","2013","Kentucky","21","25-29","763","273.5"
"Primary and Secondary Syphilis","2013","Kentucky","21","15-19","8","2.8"
"Primary and Secondary Syphilis","2013","Kentucky","21","20-24","27","8.5"
"Primary and Secondary Syphilis","2013","Kentucky","21","25-29","27","9.7"
"Chlamydia","2013","Louisiana","22","15-19","9,399","3114.5"
"Chlamydia","2013","Louisiana","22","20-24","11,325","3203.7"
"Chlamydia","2013","Louisiana","22","25-29","4,466","1325.3"
"Gonorrhea","2013","Louisiana","22","15-19","2,586","856.9"
"Gonorrhea","2013","Louisiana","22","20-24","3,199","905.0"
"Gonorrhea","2013","Louisiana","22","25-29","1,445","428.8"
"Primary and Secondary Syphilis","2013","Louisiana","22","15-19","51","16.9"
"Primary and Secondary Syphilis","2013","Louisiana","22","20-24","112","31.7"
"Primary and Secondary Syphilis","2013","Louisiana","22","25-29","86","25.5"
"Chlamydia","2013","Maine","23","15-19","941","1133.0"
"Chlamydia","2013","Maine","23","20-24","1,413","1759.2"
"Chlamydia","2013","Maine","23","25-29","615","818.1"
"Gonorrhea","2013","Maine","23","15-19","24","28.9"
"Gonorrhea","2013","Maine","23","20-24","77","95.9"
"Gonorrhea","2013","Maine","23","25-29","53","70.5"
"Primary and Secondary Syphilis","2013","Maine","23","15-19","0","0.0"
"Primary and Secondary Syphilis","2013","Maine","23","20-24","0","0.0"
"Primary and Secondary Syphilis","2013","Maine","23","25-29","0","0.0"
"Chlamydia","2013","Maryland","24","15-19","8,186","2094.1"
"Chlamydia","2013","Maryland","24","20-24","10,451","2595.9"
"Chlamydia","2013","Maryland","24","25-29","4,204","1021.4"
"Gonorrhea","2013","Maryland","24","15-19","1,356","346.9"
"Gonorrhea","2013","Maryland","24","20-24","2,064","512.7"
"Gonorrhea","2013","Maryland","24","25-29","1,055","256.3"
"Primary and Secondary Syphilis","2013","Maryland","24","15-19","32","8.2"
"Primary and Secondary Syphilis","2013","Maryland","24","20-24","116","28.8"
"Primary and Secondary Syphilis","2013","Maryland","24","25-29","81","19.7"
"Chlamydia","2013","Massachusetts","25","15-19","4,966","1075.4"
"Chlamydia","2013","Massachusetts","25","20-24","9,861","2021.3"
"Chlamydia","2013","Massachusetts","25","25-29","4,306","897.9"
"Gonorrhea","2013","Massachusetts","25","15-19","372","80.6"
"Gonorrhea","2013","Massachusetts","25","20-24","975","199.9"
"Gonorrhea","2013","Massachusetts","25","25-29","649","135.3"
"Primary and Secondary Syphilis","2013","Massachusetts","25","15-19","12","2.6"
"Primary and Secondary Syphilis","2013","Massachusetts","25","20-24","48","9.8"
"Primary and Secondary Syphilis","2013","Massachusetts","25","25-29","57","11.9"
"Chlamydia","2013","Michigan","26","15-19","14,840","2153.0"
"Chlamydia","2013","Michigan","26","20-24","18,261","2476.5"
"Chlamydia","2013","Michigan","26","25-29","6,197","1046.8"
"Gonorrhea","2013","Michigan","26","15-19","2,728","395.8"
"Gonorrhea","2013","Michigan","26","20-24","3,941","534.5"
"Gonorrhea","2013","Michigan","26","25-29","1,749","295.4"
"Primary and Secondary Syphilis","2013","Michigan","26","15-19","41","5.9"
"Primary and Secondary Syphilis","2013","Michigan","26","20-24","150","20.3"
"Primary and Secondary Syphilis","2013","Michigan","26","25-29","100","16.9"
"Chlamydia","2013","Minnesota","27","15-19","5,126","1431.9"
"Chlamydia","2013","Minnesota","27","20-24","7,620","2105.5"
"Chlamydia","2013","Minnesota","27","25-29","3,149","861.1"
"Gonorrhea","2013","Minnesota","27","15-19","983","274.6"
"Gonorrhea","2013","Minnesota","27","20-24","1,279","353.4"
"Gonorrhea","2013","Minnesota","27","25-29","660","180.5"
"Primary and Secondary Syphilis","2013","Minnesota","27","15-19","2","0.6"
"Primary and Secondary Syphilis","2013","Minnesota","27","20-24","33","9.1"
"Primary and Secondary Syphilis","2013","Minnesota","27","25-29","42","11.5"
"Chlamydia","2013","Mississippi","28","15-19","5,642","2687.6"
"Chlamydia","2013","Mississippi","28","20-24","7,288","3189.8"
"Chlamydia","2013","Mississippi","28","25-29","2,538","1312.4"
"Gonorrhea","2013","Mississippi","28","15-19","1,308","623.1"
"Gonorrhea","2013","Mississippi","28","20-24","2,029","888.0"
"Gonorrhea","2013","Mississippi","28","25-29","875","452.5"
"Primary and Secondary Syphilis","2013","Mississippi","28","15-19","5","2.4"
"Primary and Secondary Syphilis","2013","Mississippi","28","20-24","24","10.5"
"Primary and Secondary Syphilis","2013","Mississippi","28","25-29","14","7.2"
"Chlamydia","2013","Missouri","29","15-19","8,488","2131.1"
"Chlamydia","2013","Missouri","29","20-24","11,050","2540.9"
"Chlamydia","2013","Missouri","29","25-29","4,216","1058.7"
"Gonorrhea","2013","Missouri","29","15-19","1,737","436.1"
"Gonorrhea","2013","Missouri","29","20-24","2,740","630.0"
"Gonorrhea","2013","Missouri","29","25-29","1,356","340.5"
"Primary and Secondary Syphilis","2013","Missouri","29","15-19","16","4.0"
"Primary and Secondary Syphilis","2013","Missouri","29","20-24","56","12.9"
"Primary and Secondary Syphilis","2013","Missouri","29","25-29","55","13.8"
"Chlamydia","2013","Montana","30","15-19","1,133","1761.0"
"Chlamydia","2013","Montana","30","20-24","1,511","2063.8"
"Chlamydia","2013","Montana","30","25-29","652","1028.0"
"Gonorrhea","2013","Montana","30","15-19","30","46.6"
"Gonorrhea","2013","Montana","30","20-24","82","112.0"
"Gonorrhea","2013","Montana","30","25-29","59","93.0"
"Primary and Secondary Syphilis","2013","Montana","30","15-19","0","0.0"
"Primary and Secondary Syphilis","2013","Montana","30","20-24","2","2.7"
"Primary and Secondary Syphilis","2013","Montana","30","25-29","1","1.6"
"Chlamydia","2013","Nebraska","31","15-19","1,915","1502.7"
"Chlamydia","2013","Nebraska","31","20-24","3,018","2255.9"
"Chlamydia","2013","Nebraska","31","25-29","1,341","1071.7"
"Gonorrhea","2013","Nebraska","31","15-19","268","210.3"
"Gonorrhea","2013","Nebraska","31","20-24","463","346.1"
"Gonorrhea","2013","Nebraska","31","25-29","296","236.6"
"Primary and Secondary Syphilis","2013","Nebraska","31","15-19","1","0.8"
"Primary and Secondary Syphilis","2013","Nebraska","31","20-24","10","7.5"
"Primary and Secondary Syphilis","2013","Nebraska","31","25-29","16","12.8"
"Chlamydia","2013","Nevada","32","15-19","3,103","1778.5"
"Chlamydia","2013","Nevada","32","20-24","4,293","2310.7"
"Chlamydia","2013","Nevada","32","25-29","2,141","1081.9"
"Gonorrhea","2013","Nevada","32","15-19","582","333.6"
"Gonorrhea","2013","Nevada","32","20-24","727","391.3"
"Gonorrhea","2013","Nevada","32","25-29","501","253.2"
"Primary and Secondary Syphilis","2013","Nevada","32","15-19","8","4.6"
"Primary and Secondary Syphilis","2013","Nevada","32","20-24","47","25.3"
"Primary and Secondary Syphilis","2013","Nevada","32","25-29","45","22.7"
"Chlamydia","2013","New Hampshire","33","15-19","810","887.8"
"Chlamydia","2013","New Hampshire","33","20-24","1,448","1615.5"
"Chlamydia","2013","New Hampshire","33","25-29","472","618.0"
"Gonorrhea","2013","New Hampshire","33","15-19","10","11.0"
"Gonorrhea","2013","New Hampshire","33","20-24","40","44.6"
"Gonorrhea","2013","New Hampshire","33","25-29","21","27.5"
"Primary and Secondary Syphilis","2013","New Hampshire","33","15-19","1","1.1"
"Primary and Secondary Syphilis","2013","New Hampshire","33","20-24","3","3.3"
"Primary and Secondary Syphilis","2013","New Hampshire","33","25-29","5","6.5"
"Chlamydia","2013","New Jersey","34","15-19","6,944","1198.7"
"Chlamydia","2013","New Jersey","34","20-24","11,677","2068.1"
"Chlamydia","2013","New Jersey","34","25-29","4,992","900.5"
"Gonorrhea","2013","New Jersey","34","15-19","1,513","261.2"
"Gonorrhea","2013","New Jersey","34","20-24","2,362","418.3"
"Gonorrhea","2013","New Jersey","34","25-29","1,210","218.3"
"Primary and Secondary Syphilis","2013","New Jersey","34","15-19","6","1.0"
"Primary and Secondary Syphilis","2013","New Jersey","34","20-24","36","6.4"
"Primary and Secondary Syphilis","2013","New Jersey","34","25-29","45","8.1"
"Chlamydia","2013","New Mexico","35","15-19","3,141","2219.1"
"Chlamydia","2013","New Mexico","35","20-24","4,583","2975.0"
"Chlamydia","2013","New Mexico","35","25-29","2,254","1593.9"
"Gonorrhea","2013","New Mexico","35","15-19","305","215.5"
"Gonorrhea","2013","New Mexico","35","20-24","620","402.5"
"Gonorrhea","2013","New Mexico","35","25-29","363","256.7"
"Primary and Secondary Syphilis","2013","New Mexico","35","15-19","12","8.5"
"Primary and Secondary Syphilis","2013","New Mexico","35","20-24","18","11.7"
"Primary and Secondary Syphilis","2013","New Mexico","35","25-29","13","9.2"
"Chlamydia","2013","New York","36","15-19","26,178","2048.9"
"Chlamydia","2013","New York","36","20-24","34,470","2404.9"
"Chlamydia","2013","New York","36","25-29","16,447","1136.8"
"Gonorrhea","2013","New York","36","15-19","3,744","293.0"
"Gonorrhea","2013","New York","36","20-24","5,914","412.6"
"Gonorrhea","2013","New York","36","25-29","4,141","286.2"
"Primary and Secondary Syphilis","2013","New York","36","15-19","51","4.0"
"Primary and Secondary Syphilis","2013","New York","36","20-24","238","16.6"
"Primary and Secondary Syphilis","2013","New York","36","25-29","300","20.7"
"Chlamydia","2013","North Carolina","37","15-19","14,423","2217.6"
"Chlamydia","2013","North Carolina","37","20-24","20,261","2858.1"
"Chlamydia","2013","North Carolina","37","25-29","7,408","1154.4"
"Gonorrhea","2013","North Carolina","37","15-19","3,062","470.8"
"Gonorrhea","2013","North Carolina","37","20-24","5,212","735.2"
"Gonorrhea","2013","North Carolina","37","25-29","2,465","384.1"
"Primary and Secondary Syphilis","2013","North Carolina","37","15-19","16","2.5"
"Primary and Secondary Syphilis","2013","North Carolina","37","20-24","110","15.5"
"Primary and Secondary Syphilis","2013","North Carolina","37","25-29","89","13.9"
"Chlamydia","2013","North Dakota","38","15-19","743","1554.4"
"Chlamydia","2013","North Dakota","38","20-24","1,293","1914.5"
"Chlamydia","2013","North Dakota","38","25-29","534","979.3"
"Gonorrhea","2013","North Dakota","38","15-19","109","228.0"
"Gonorrhea","2013","North Dakota","38","20-24","163","241.3"
"Gonorrhea","2013","North Dakota","38","25-29","116","212.7"
"Primary and Secondary Syphilis","2013","North Dakota","38","15-19","1","2.1"
"Primary and Secondary Syphilis","2013","North Dakota","38","20-24","3","4.4"
"Primary and Secondary Syphilis","2013","North Dakota","38","25-29","3","5.5"
"Chlamydia","2013","Ohio","39","15-19","17,387","2228.5"
"Chlamydia","2013","Ohio","39","20-24","20,811","2589.0"
"Chlamydia","2013","Ohio","39","25-29","7,859","1077.6"
"Gonorrhea","2013","Ohio","39","15-19","4,237","543.1"
"Gonorrhea","2013","Ohio","39","20-24","5,601","696.8"
"Gonorrhea","2013","Ohio","39","25-29","2,800","383.9"
"Primary and Secondary Syphilis","2013","Ohio","39","15-19","30","3.8"
"Primary and Secondary Syphilis","2013","Ohio","39","20-24","112","13.9"
"Primary and Secondary Syphilis","2013","Ohio","39","25-29","90","12.3"
"Chlamydia","2013","Oklahoma","40","15-19","5,401","2109.8"
"Chlamydia","2013","Oklahoma","40","20-24","7,560","2607.9"
"Chlamydia","2013","Oklahoma","40","25-29","2,987","1127.0"
"Gonorrhea","2013","Oklahoma","40","15-19","1,120","437.5"
"Gonorrhea","2013","Oklahoma","40","20-24","1,914","660.3"
"Gonorrhea","2013","Oklahoma","40","25-29","1,109","418.4"
"Primary and Secondary Syphilis","2013","Oklahoma","40","15-19","6","2.3"
"Primary and Secondary Syphilis","2013","Oklahoma","40","20-24","33","11.4"
"Primary and Secondary Syphilis","2013","Oklahoma","40","25-29","10","3.8"
"Chlamydia","2013","Oregon","41","15-19","3,785","1553.1"
"Chlamydia","2013","Oregon","41","20-24","5,452","2039.0"
"Chlamydia","2013","Oregon","41","25-29","2,485","945.1"
"Gonorrhea","2013","Oregon","41","15-19","180","73.9"
"Gonorrhea","2013","Oregon","41","20-24","439","164.2"
"Gonorrhea","2013","Oregon","41","25-29","397","151.0"
"Primary and Secondary Syphilis","2013","Oregon","41","15-19","11","4.5"
"Primary and Secondary Syphilis","2013","Oregon","41","20-24","28","10.5"
"Primary and Secondary Syphilis","2013","Oregon","41","25-29","43","16.4"
"Chlamydia","2013","Pennsylvania","42","15-19","17,120","2012.9"
"Chlamydia","2013","Pennsylvania","42","20-24","20,209","2267.3"
"Chlamydia","2013","Pennsylvania","42","25-29","7,894","956.1"
"Gonorrhea","2013","Pennsylvania","42","15-19","3,520","413.9"
"Gonorrhea","2013","Pennsylvania","42","20-24","4,745","532.4"
"Gonorrhea","2013","Pennsylvania","42","25-29","2,448","296.5"
"Primary and Secondary Syphilis","2013","Pennsylvania","42","15-19","20","2.4"
"Primary and Secondary Syphilis","2013","Pennsylvania","42","20-24","97","10.9"
"Primary and Secondary Syphilis","2013","Pennsylvania","42","25-29","96","11.6"
"Chlamydia","2013","Rhode Island","44","15-19","1,191","1583.0"
"Chlamydia","2013","Rhode Island","44","20-24","1,784","2140.9"
"Chlamydia","2013","Rhode Island","44","25-29","725","1032.8"
"Gonorrhea","2013","Rhode Island","44","15-19","76","101.0"
"Gonorrhea","2013","Rhode Island","44","20-24","151","181.2"
"Gonorrhea","2013","Rhode Island","44","25-29","78","111.1"
"Primary and Secondary Syphilis","2013","Rhode Island","44","15-19","1","1.3"
"Primary and Secondary Syphilis","2013","Rhode Island","44","20-24","4","4.8"
"Primary and Secondary Syphilis","2013","Rhode Island","44","25-29","6","8.5"
"Chlamydia","2013","South Carolina","45","15-19","7,459","2403.8"
"Chlamydia","2013","South Carolina","45","20-24","10,720","3026.7"
"Chlamydia","2013","South Carolina","45","25-29","4,138","1339.8"
"Gonorrhea","2013","South Carolina","45","15-19","1,563","503.7"
"Gonorrhea","2013","South Carolina","45","20-24","2,793","788.6"
"Gonorrhea","2013","South Carolina","45","25-29","1,326","429.3"
"Primary and Secondary Syphilis","2013","South Carolina","45","15-19","17","5.5"
"Primary and Secondary Syphilis","2013","South Carolina","45","20-24","93","26.3"
"Primary and Secondary Syphilis","2013","South Carolina","45","25-29","56","18.1"
"Chlamydia","2013","South Dakota","46","15-19","1,098","1941.4"
"Chlamydia","2013","South Dakota","46","20-24","1,570","2586.1"
"Chlamydia","2013","South Dakota","46","25-29","720","1281.5"
"Gonorrhea","2013","South Dakota","46","15-19","160","282.9"
"Gonorrhea","2013","South Dakota","46","20-24","248","408.5"
"Gonorrhea","2013","South Dakota","46","25-29","180","320.4"
"Primary and Secondary Syphilis","2013","South Dakota","46","15-19","3","5.3"
"Primary and Secondary Syphilis","2013","South Dakota","46","20-24","9","14.8"
"Primary and Secondary Syphilis","2013","South Dakota","46","25-29","5","8.9"
"Chlamydia","2013","Tennessee","47","15-19","9,337","2232.2"
"Chlamydia","2013","Tennessee","47","20-24","12,279","2659.0"
"Chlamydia","2013","Tennessee","47","25-29","4,787","1129.2"
"Gonorrhea","2013","Tennessee","47","15-19","1,870","447.1"
"Gonorrhea","2013","Tennessee","47","20-24","2,738","592.9"
"Gonorrhea","2013","Tennessee","47","25-29","1,312","309.5"
"Primary and Secondary Syphilis","2013","Tennessee","47","15-19","15","3.6"
"Primary and Secondary Syphilis","2013","Tennessee","47","20-24","71","15.4"
"Primary and Secondary Syphilis","2013","Tennessee","47","25-29","40","9.4"
"Chlamydia","2013","Texas","48","15-19","36,825","1941.6"
"Chlamydia","2013","Texas","48","20-24","50,797","2584.0"
"Chlamydia","2013","Texas","48","25-29","22,106","1146.9"
"Gonorrhea","2013","Texas","48","15-19","8,243","434.6"
"Gonorrhea","2013","Texas","48","20-24","12,024","611.7"
"Gonorrhea","2013","Texas","48","25-29","6,157","319.4"
"Primary and Secondary Syphilis","2013","Texas","48","15-19","98","5.2"
"Primary and Secondary Syphilis","2013","Texas","48","20-24","344","17.5"
"Primary and Secondary Syphilis","2013","Texas","48","25-29","316","16.4"
"Chlamydia","2013","Utah","49","15-19","2,026","912.5"
"Chlamydia","2013","Utah","49","20-24","2,768","1120.5"
"Chlamydia","2013","Utah","49","25-29","1,392","651.6"
"Gonorrhea","2013","Utah","49","15-19","88","39.6"
"Gonorrhea","2013","Utah","49","20-24","246","99.6"
"Gonorrhea","2013","Utah","49","25-29","214","100.2"
"Primary and Secondary Syphilis","2013","Utah","49","15-19","1","0.5"
"Primary and Secondary Syphilis","2013","Utah","49","20-24","10","4.0"
"Primary and Secondary Syphilis","2013","Utah","49","25-29","12","5.6"
"Chlamydia","2013","Vermont","50","15-19","528","1180.3"
"Chlamydia","2013","Vermont","50","20-24","825","1815.7"
"Chlamydia","2013","Vermont","50","25-29","263","738.0"
"Gonorrhea","2013","Vermont","50","15-19","16","35.8"
"Gonorrhea","2013","Vermont","50","20-24","29","63.8"
"Gonorrhea","2013","Vermont","50","25-29","21","58.9"
"Primary and Secondary Syphilis","2013","Vermont","50","15-19","0","0.0"
"Primary and Secondary Syphilis","2013","Vermont","50","20-24","0","0.0"
"Primary and Secondary Syphilis","2013","Vermont","50","25-29","0","0.0"
"Chlamydia","2013","Virginia","51","15-19","8,997","1672.9"
"Chlamydia","2013","Virginia","51","20-24","13,969","2355.4"
"Chlamydia","2013","Virginia","51","25-29","5,741","989.5"
"Gonorrhea","2013","Virginia","51","15-19","1,499","278.7"
"Gonorrhea","2013","Virginia","51","20-24","2,625","442.6"
"Gonorrhea","2013","Virginia","51","25-29","1,356","233.7"
"Primary and Secondary Syphilis","2013","Virginia","51","15-19","21","3.9"
"Primary and Secondary Syphilis","2013","Virginia","51","20-24","67","11.3"
"Primary and Secondary Syphilis","2013","Virginia","51","25-29","66","11.4"
"Chlamydia","2013","Washington","53","15-19","5,947","1352.8"
"Chlamydia","2013","Washington","53","20-24","9,725","1973.9"
"Chlamydia","2013","Washington","53","25-29","4,527","913.6"
"Gonorrhea","2013","Washington","53","15-19","442","100.5"
"Gonorrhea","2013","Washington","53","20-24","1,205","244.6"
"Gonorrhea","2013","Washington","53","25-29","995","200.8"
"Primary and Secondary Syphilis","2013","Washington","53","15-19","16","3.6"
"Primary and Secondary Syphilis","2013","Washington","53","20-24","41","8.3"
"Primary and Secondary Syphilis","2013","Washington","53","25-29","45","9.1"
"Chlamydia","2013","West Virginia","54","15-19","1,519","1352.4"
"Chlamydia","2013","West Virginia","54","20-24","2,260","1787.7"
"Chlamydia","2013","West Virginia","54","25-29","744","701.7"
"Gonorrhea","2013","West Virginia","54","15-19","180","160.3"
"Gonorrhea","2013","West Virginia","54","20-24","387","306.1"
"Gonorrhea","2013","West Virginia","54","25-29","201","189.6"
"Primary and Secondary Syphilis","2013","West Virginia","54","15-19","0","0.0"
"Primary and Secondary Syphilis","2013","West Virginia","54","20-24","5","4.0"
"Primary and Secondary Syphilis","2013","West Virginia","54","25-29","4","3.8"
"Chlamydia","2013","Wisconsin","55","15-19","6,859","1774.4"
"Chlamydia","2013","Wisconsin","55","20-24","9,495","2362.0"
"Chlamydia","2013","Wisconsin","55","25-29","3,952","1099.0"
"Gonorrhea","2013","Wisconsin","55","15-19","1,154","298.5"
"Gonorrhea","2013","Wisconsin","55","20-24","1,525","379.4"
"Gonorrhea","2013","Wisconsin","55","25-29","832","231.4"
"Primary and Secondary Syphilis","2013","Wisconsin","55","15-19","9","2.3"
"Primary and Secondary Syphilis","2013","Wisconsin","55","20-24","17","4.2"
"Primary and Secondary Syphilis","2013","Wisconsin","55","25-29","20","5.6"
"Chlamydia","2013","Wyoming","56","15-19","640","1715.2"
"Chlamydia","2013","Wyoming","56","20-24","808","1873.4"
"Chlamydia","2013","Wyoming","56","25-29","311","762.5"
"Gonorrhea","2013","Wyoming","56","15-19","6","16.1"
"Gonorrhea","2013","Wyoming","56","20-24","30","69.6"
"Gonorrhea","2013","Wyoming","56","25-29","16","39.2"
"Primary and Secondary Syphilis","2013","Wyoming","56","15-19","0","0.0"
"Primary and Secondary Syphilis","2013","Wyoming","56","20-24","1","2.3"
"Primary and Secondary Syphilis","2013","Wyoming","56","25-29","0","0.0"
