{
"type": "FeatureCollection",
"name": "states",
"crs": { "type": "name", "properties": { "name": "urn:ogc:def:crs:OGC:1.3:CRS84" } },
"features": [
{ "type": "Feature", "properties": { "fips": "01" }, "geometry": { "type": "MultiPolygon", "coordinates": [ [ [ [ -88.074854, 30.249119 ], [ -88.166569, 30.249255 ], [ -88.280571, 30.230274 ], [ -88.313323, 30.230024 ], [ -88.141143, 30.255024 ], [ -88.124658, 30.28364 ], [ -88.074854, 30.249119 ] ] ], [ [ [ -88.061998, 30.644891 ], [ -88.053998, 30.612491 ], [ -88.103768, 30.500903 ], [ -88.107274, 30.377246 ], [ -88.136173, 30.320729 ], [ -88.191542, 30.317002 ], [ -88.200065, 30.362378 ], [ -88.260695, 30.382381 ], [ -88.311608, 30.368908 ], [ -88.332277, 30.38844 ], [ -88.364022, 30.388006 ], [ -88.395023, 30.369425 ], [ -88.468879, 31.930262 ], [ -88.097888, 34.892202 ], [ -88.125038, 34.902227 ], [ -88.200064, 34.995634 ], [ -88.18245, 35.007712 ], [ -85.605165, 34.984678 ], [ -85.184131, 32.870525 ], [ -85.123421, 32.772248 ], [ -85.137136, 32.745168 ], [ -85.10479, 32.642542 ], [ -85.001324, 32.512973 ], [ -84.979431, 32.412244 ], [ -85.007103, 32.328362 ], [ -84.93868, 32.300708 ], [ -84.909052, 32.26354 ], [ -84.964828, 32.194952 ], [ -85.047865, 32.142033 ], [ -85.050212, 32.024196 ], [ -85.08213, 31.944658 ], [ -85.132931, 31.88826 ], [ -85.141831, 31.839861 ], [ -85.141331, 31.783163 ], [ -85.11893, 31.732664 ], [ -85.12553, 31.694965 ], [ -85.057473, 31.618624 ], [ -85.041305, 31.540987 ], [ -85.087651, 31.308677 ], [ -85.111871, 31.258388 ], [ -85.107516, 31.186451 ], [ -85.035615, 31.108192 ], [ -85.002368, 31.000682 ], [ -87.598928, 30.997457 ], [ -87.601355, 30.936294 ], [ -87.634938, 30.865886 ], [ -87.624137, 30.845713 ], [ -87.532607, 30.743489 ], [ -87.396997, 30.65364 ], [ -87.394479, 30.625192 ], [ -87.449921, 30.51469 ], [ -87.430578, 30.491096 ], [ -87.419177, 30.410198 ], [ -87.451378, 30.367199 ], [ -87.452378, 30.300201 ], [ -87.80056, 30.229365 ], [ -88.028401, 30.221132 ], [ -87.966847, 30.235618 ], [ -87.936041, 30.261469 ], [ -87.893201, 30.239237 ], [ -87.78775, 30.254244 ], [ -87.766626, 30.262353 ], [ -87.755516, 30.291217 ], [ -87.845132, 30.377446 ], [ -87.908908, 30.41424 ], [ -87.933355, 30.487357 ], [ -87.901711, 30.550879 ], [ -87.93107, 30.652694 ], [ -88.008396, 30.684956 ], [ -88.061998, 30.644891 ] ] ] ] } },
{ "type": "Feature", "properties": { "fips": "02" }, "geometry": { "type": "MultiPolygon", "coordinates": [ [ [ [ -179.14734, 51.276781 ], [ -179.094665, 51.301229 ], [ -179.075466, 51.284619 ], [ -179.07232, 51.250963 ], [ -179.126856, 51.219862 ], [ -179.14734, 51.276781 ] ] ], [ [ [ -178.977782, 51.398929 ], [ -178.926874, 51.38364 ], [ -178.908883, 51.340582 ], [ -178.954338, 51.339247 ], [ -178.990684, 51.311648 ], [ -178.992094, 51.381311 ], [ -178.977782, 51.398929 ] ] ], [ [ [ -177.826997, 51.705972 ], [ -177.856332, 51.681015 ], [ -177.899416, 51.692557 ], [ -177.918806, 51.67439 ], [ -177.929023, 51.65052 ], [ -177.909185, 51.596671 ], [ -177.944957, 51.611539 ], [ -177.963852, 51.650231 ], [ -178.109378, 51.670461 ], [ -178.104285, 51.701539 ], [ -177.956443, 51.722862 ], [ -177.950283, 51.765682 ], [ -177.965031, 51.778162 ], [ -178.039344, 51.778925 ], [ -178.227822, 51.873526 ], [ -178.19709, 51.905464 ], [ -178.145326, 51.917216 ], [ -177.963723, 51.917919 ], [ -177.913269, 51.879748 ], [ -177.921569, 51.853883 ], [ -177.859763, 51.826944 ], [ -177.615311, 51.85508 ], [ -177.649208, 51.820727 ], [ -177.797719, 51.793297 ], [ -177.796308, 51.770831 ], [ -177.842267, 51.73248 ], [ -177.826997, 51.705972 ] ] ], [ [ [ -178.828645, 51.83615 ], [ -178.748283, 51.809942 ], [ -178.733355, 51.783947 ], [ -178.750414, 51.757752 ], [ -178.808157, 51.747078 ], [ -178.873024, 51.782623 ], [ -178.858248, 51.820966 ], [ -178.828645, 51.83615 ] ] ], [ [ [ -176.774023, 51.965895 ], [ -176.63051, 51.970352 ], [ -176.589955, 52.002741 ], [ -176.560565, 51.996732 ], [ -176.544867, 51.927245 ], [ -176.558376, 51.908725 ], [ -176.578931, 51.951328 ], [ -176.620015, 51.89563 ], [ -176.625463, 51.859824 ], [ -176.517599, 51.839557 ], [ -176.398062, 51.867842 ], [ -176.290728, 51.872136 ], [ -176.26649, 51.817716 ], [ -176.273792, 51.772019 ], [ -176.289921, 51.741678 ], [ -176.343756, 51.73152 ], [ -176.509655, 51.763326 ], [ -176.582933, 51.691822 ], [ -176.713062, 51.68333 ], [ -176.751817, 51.635017 ], [ -176.801675, 51.613488 ], [ -176.826252, 51.640932 ], [ -176.814437, 51.66025 ], [ -176.863062, 51.684921 ], [ -176.930952, 51.59247 ], [ -176.984331, 51.602135 ], [ -176.984489, 51.657411 ], [ -176.930872, 51.697195 ], [ -176.896966, 51.700424 ], [ -176.870997, 51.72941 ], [ -176.882018, 51.766628 ], [ -176.918065, 51.788003 ], [ -176.911016, 51.807597 ], [ -176.790163, 51.817217 ], [ -176.762478, 51.867878 ], [ -176.810433, 51.927089 ], [ -176.774023, 51.965895 ] ] ], [ [ [ -177.39076, 51.733525 ], [ -177.631523, 51.696844 ], [ -177.635883, 51.659541 ], [ -177.651386, 51.653604 ], [ -177.707802, 51.703268 ], [ -177.639983, 51.736061 ], [ -177.536977, 51.72147 ], [ -177.238175, 51.79852 ], [ -177.205675, 51.820639 ], [ -177.199764, 51.924816 ], [ -177.181271, 51.943167 ], [ -177.099266, 51.936119 ], [ -177.04509, 51.898605 ], [ -177.08101, 51.855497 ], [ -177.128617, 51.833835 ], [ -177.120581, 51.739815 ], [ -177.145675, 51.707294 ], [ -177.275121, 51.68051 ], [ -177.39076, 51.733525 ] ] ], [ [ [ -176.047892, 51.846309 ], [ -176.123965, 51.802745 ], [ -176.236246, 51.825965 ], [ -176.206069, 51.883089 ], [ -176.099137, 51.855533 ], [ -176.072225, 51.867938 ], [ -176.115489, 51.887015 ], [ -176.065288, 51.902986 ], [ -175.99265, 51.912655 ], [ -175.971562, 51.888631 ], [ -175.957546, 51.893455 ], [ -175.963041, 51.846253 ], [ -176.047892, 51.846309 ] ] ], [ [ [ -175.730011, 51.933817 ], [ -175.747438, 51.9462 ], [ -175.735477, 51.973331 ], [ -175.652493, 51.964813 ], [ -175.730011, 51.933817 ] ] ], [ [ [ -176.057085, 51.967825 ], [ -176.180356, 52.000426 ], [ -176.205324, 52.076246 ], [ -176.143914, 52.116097 ], [ -176.058103, 52.106467 ], [ -175.988653, 52.035509 ], [ -176.044001, 52.009331 ], [ -176.022663, 51.980621 ], [ -176.057085, 51.967825 ] ] ], [ [ [ -173.372574, 52.10275 ], [ -173.124504, 52.10942 ], [ -172.958523, 52.093648 ], [ -173.033166, 52.074611 ], [ -173.107933, 52.078828 ], [ -173.548385, 52.029308 ], [ -173.718, 52.063069 ], [ -173.831555, 52.040763 ], [ -173.901075, 52.049435 ], [ -173.937239, 52.057513 ], [ -173.97133, 52.099428 ], [ -174.011338, 52.098862 ], [ -174.052296, 52.1304 ], [ -173.890733, 52.12547 ], [ -173.818277, 52.105363 ], [ -173.602446, 52.153773 ], [ -173.49702, 52.103641 ], [ -173.467877, 52.116423 ], [ -173.372574, 52.10275 ] ] ], [ [ [ -174.455979, 52.31369 ], [ -174.432846, 52.328004 ], [ -174.358624, 52.31419 ], [ -174.3177, 52.344869 ], [ -174.324935, 52.378095 ], [ -174.185347, 52.417788 ], [ -174.068248, 52.390331 ], [ -173.985203, 52.3176 ], [ -173.987917, 52.295345 ], [ -174.060451, 52.225326 ], [ -174.177679, 52.233638 ], [ -174.198624, 52.219244 ], [ -174.1901, 52.19032 ], [ -174.082814, 52.132069 ], [ -174.09447, 52.104274 ], [ -174.142262, 52.125452 ], [ -174.218469, 52.10488 ], [ -174.334424, 52.115198 ], [ -174.411255, 52.048757 ], [ -174.45276, 52.061047 ], [ -174.556278, 52.036733 ], [ -174.593635, 52.045247 ], [ -174.736592, 52.007308 ], [ -174.783189, 52.032293 ], [ -174.885554, 52.043001 ], [ -174.967907, 52.037203 ], [ -175.014748, 52.020584 ], [ -175.014807, 52.007 ], [ -175.09551, 52.000797 ], [ -175.27485, 52.018619 ], [ -175.323322, 52.007488 ], [ -175.341624, 52.021588 ], [ -175.132635, 52.059223 ], [ -175.092867, 52.034794 ], [ -174.937497, 52.078334 ], [ -174.905409, 52.116509 ], [ -174.839715, 52.091338 ], [ -174.656294, 52.107962 ], [ -174.568402, 52.138426 ], [ -174.527081, 52.17472 ], [ -174.41529, 52.169376 ], [ -174.405464, 52.18356 ], [ -174.457804, 52.202831 ], [ -174.453746, 52.218823 ], [ -174.299044, 52.21467 ], [ -174.249848, 52.243694 ], [ -174.255832, 52.274152 ], [ -174.368754, 52.280405 ], [ -174.455979, 52.31369 ] ] ], [ [ [ -172.326444, 52.366472 ], [ -172.301445, 52.329951 ], [ -172.414419, 52.27674 ], [ -172.528095, 52.254336 ], [ -172.608935, 52.253014 ], [ -172.633153, 52.266215 ], [ -172.574154, 52.345323 ], [ -172.47461, 52.383763 ], [ -172.405243, 52.389442 ], [ -172.326444, 52.366472 ] ] ], [ [ [ -171.312658, 52.493502 ], [ -171.252053, 52.529954 ], [ -171.196013, 52.500106 ], [ -171.208919, 52.469023 ], [ -171.236843, 52.450527 ], [ -171.30417, 52.449952 ], [ -171.312658, 52.493502 ] ] ], [ [ [ -170.633753, 52.697469 ], [ -170.559523, 52.667907 ], [ -170.56361, 52.640706 ], [ -170.603862, 52.601732 ], [ -170.696488, 52.598364 ], [ -170.788495, 52.54024 ], [ -170.841936, 52.558171 ], [ -170.817943, 52.636275 ], [ -170.727717, 52.679978 ], [ -170.633753, 52.697469 ] ] ], [ [ [ -170.077734, 52.720416 ], [ -170.184564, 52.721937 ], [ -170.170683, 52.784918 ], [ -170.053443, 52.769076 ], [ -170.077734, 52.720416 ] ] ], [ [ [ -169.666512, 52.864349 ], [ -169.704105, 52.793938 ], [ -169.750136, 52.790576 ], [ -169.838232, 52.81728 ], [ -169.962883, 52.789882 ], [ -170.012487, 52.831161 ], [ -169.990149, 52.856266 ], [ -169.860214, 52.858377 ], [ -169.773504, 52.89445 ], [ -169.704736, 52.886272 ], [ -169.666512, 52.864349 ] ] ], [ [ [ -170.112853, 52.902043 ], [ -170.083985, 52.92364 ], [ -170.04656, 52.923853 ], [ -169.995982, 52.902378 ], [ -170.002368, 52.880239 ], [ -170.050274, 52.857433 ], [ -170.095331, 52.870851 ], [ -170.112853, 52.902043 ] ] ], [ [ [ -169.698128, 53.033779 ], [ -169.66493, 53.023973 ], [ -169.666078, 52.997068 ], [ -169.698274, 52.958267 ], [ -169.741096, 52.951512 ], [ -169.76274, 52.97805 ], [ -169.745743, 53.02147 ], [ -169.698128, 53.033779 ] ] ], [ [ [ -168.344468, 53.155215 ], [ -168.49749, 53.035403 ], [ -168.587808, 53.027175 ], [ -168.688468, 52.9664 ], [ -169.102465, 52.824349 ], [ -169.054243, 52.863266 ], [ -168.958983, 52.886048 ], [ -168.785236, 53.045038 ], [ -168.759691, 53.081461 ], [ -168.804901, 53.120015 ], [ -168.763331, 53.182812 ], [ -168.617143, 53.260985 ], [ -168.539398, 53.25167 ], [ -168.445083, 53.26533 ], [ -168.366519, 53.252024 ], [ -168.343994, 53.26215 ], [ -168.365388, 53.309105 ], [ -168.406531, 53.346393 ], [ -168.386886, 53.431496 ], [ -168.342127, 53.475992 ], [ -168.200443, 53.534079 ], [ -168.004624, 53.566053 ], [ -167.962723, 53.554069 ], [ -167.965038, 53.538913 ], [ -167.938981, 53.526907 ], [ -167.789164, 53.519329 ], [ -167.788066, 53.492411 ], [ -167.858337, 53.43791 ], [ -167.83952, 53.410325 ], [ -167.852217, 53.378294 ], [ -168.03976, 53.304276 ], [ -168.270744, 53.242811 ], [ -168.341678, 53.185911 ], [ -168.344468, 53.155215 ] ] ], [ [ [ -166.587393, 53.959831 ], [ -166.646786, 53.923785 ], [ -166.619003, 53.893514 ], [ -166.57509, 53.879236 ], [ -166.443699, 53.909727 ], [ -166.437083, 53.955644 ], [ -166.373689, 54.01003 ], [ -166.354614, 53.999039 ], [ -166.359925, 53.977136 ], [ -166.319895, 53.960126 ], [ -166.279407, 53.982532 ], [ -166.208767, 53.92911 ], [ -166.236513, 53.881343 ], [ -166.351999, 53.858532 ], [ -166.404896, 53.809345 ], [ -166.547438, 53.749404 ], [ -166.540531, 53.715926 ], [ -166.119922, 53.855048 ], [ -166.094147, 53.8392 ], [ -166.111317, 53.776856 ], [ -166.166703, 53.733402 ], [ -166.262974, 53.70371 ], [ -166.283267, 53.684219 ], [ -166.553983, 53.623448 ], [ -166.581011, 53.530449 ], [ -166.662276, 53.485349 ], [ -166.743054, 53.51482 ], [ -166.772655, 53.496371 ], [ -166.789062, 53.4531 ], [ -166.878087, 53.429884 ], [ -166.959082, 53.455753 ], [ -166.994329, 53.429201 ], [ -167.036104, 53.449289 ], [ -167.075386, 53.424979 ], [ -167.134134, 53.426448 ], [ -167.291831, 53.364102 ], [ -167.308126, 53.33433 ], [ -167.386984, 53.340671 ], [ -167.442804, 53.321015 ], [ -167.488215, 53.269121 ], [ -167.598428, 53.288048 ], [ -167.622173, 53.250362 ], [ -167.644179, 53.250842 ], [ -167.851511, 53.308668 ], [ -167.694484, 53.388034 ], [ -167.622089, 53.385329 ], [ -167.488252, 53.420001 ], [ -167.457366, 53.442793 ], [ -167.355624, 53.424498 ], [ -167.278827, 53.478565 ], [ -167.199966, 53.463039 ], [ -167.15852, 53.503747 ], [ -167.102305, 53.515077 ], [ -167.105816, 53.540507 ], [ -167.135695, 53.551227 ], [ -167.163196, 53.613813 ], [ -167.107836, 53.633056 ], [ -167.070082, 53.619857 ], [ -167.009635, 53.635344 ], [ -167.071823, 53.66556 ], [ -167.057695, 53.698864 ], [ -167.022385, 53.715467 ], [ -166.894976, 53.717746 ], [ -166.861769, 53.659234 ], [ -166.805874, 53.665733 ], [ -166.779991, 53.719126 ], [ -166.787318, 53.734577 ], [ -166.960681, 53.776841 ], [ -167.016863, 53.754936 ], [ -167.141966, 53.826932 ], [ -167.140992, 53.866774 ], [ -167.031252, 53.945204 ], [ -166.746095, 54.016936 ], [ -166.728918, 54.003111 ], [ -166.636936, 54.012 ], [ -166.587393, 53.959831 ] ] ], [ [ [ -169.568984, 56.540935 ], [ -169.650135, 56.54423 ], [ -169.683639, 56.58334 ], [ -169.75575, 56.591922 ], [ -169.789659, 56.618217 ], [ -169.473138, 56.601741 ], [ -169.568984, 56.540935 ] ] ], [ [ [ -170.42041, 57.19176 ], [ -170.33188, 57.217488 ], [ -170.150813, 57.223168 ], [ -170.170848, 57.1811 ], [ -170.286318, 57.128169 ], [ -170.303963, 57.15491 ], [ -170.421867, 57.161202 ], [ -170.42041, 57.19176 ] ] ], [ [ [ -165.667863, 60.114676 ], [ -165.684585, 60.055237 ], [ -165.649318, 59.991837 ], [ -165.588873, 59.966005 ], [ -165.539367, 59.965175 ], [ -165.550405, 59.920007 ], [ -165.575815, 59.904672 ], [ -165.751851, 59.899947 ], [ -166.010201, 59.847061 ], [ -166.072465, 59.805462 ], [ -166.032277, 59.773729 ], [ -166.036947, 59.757859 ], [ -166.157071, 59.748886 ], [ -166.203293, 59.791676 ], [ -166.381986, 59.849087 ], [ -166.616849, 59.850711 ], [ -166.6782, 59.881248 ], [ -166.764183, 59.892061 ], [ -166.86653, 59.949544 ], [ -166.995748, 59.993495 ], [ -167.124867, 59.9917 ], [ -167.247627, 60.058862 ], [ -167.342702, 60.072395 ], [ -167.33386, 60.094065 ], [ -167.347866, 60.13114 ], [ -167.423053, 60.195072 ], [ -167.312616, 60.238454 ], [ -167.105975, 60.232895 ], [ -166.93797, 60.20587 ], [ -166.847438, 60.213592 ], [ -166.803469, 60.242802 ], [ -166.832877, 60.275449 ], [ -166.762522, 60.309837 ], [ -166.578305, 60.32185 ], [ -166.562081, 60.359022 ], [ -166.493543, 60.392389 ], [ -166.366596, 60.358227 ], [ -166.174906, 60.401003 ], [ -166.163203, 60.432641 ], [ -166.124379, 60.414253 ], [ -166.134927, 60.400129 ], [ -166.084791, 60.325288 ], [ -165.927956, 60.321592 ], [ -165.883458, 60.343902 ], [ -165.71451, 60.310496 ], [ -165.686143, 60.267811 ], [ -165.723168, 60.156603 ], [ -165.675374, 60.14936 ], [ -165.667863, 60.114676 ] ] ], [ [ [ -172.915273, 60.514621 ], [ -172.706472, 60.425179 ], [ -172.352622, 60.381435 ], [ -172.254821, 60.326466 ], [ -172.491531, 60.334874 ], [ -172.547585, 60.317088 ], [ -172.612982, 60.319309 ], [ -172.757794, 60.374881 ], [ -172.951477, 60.478649 ], [ -173.119005, 60.500067 ], [ -173.120769, 60.51301 ], [ -173.098092, 60.533367 ], [ -173.098094, 60.573993 ], [ -173.041847, 60.611497 ], [ -172.97153, 60.605249 ], [ -172.915273, 60.514621 ] ] ], [ [ [ -168.932623, 63.32914 ], [ -168.685145, 63.296427 ], [ -168.783239, 63.184131 ], [ -168.85875, 63.146958 ], [ -169.105808, 63.178803 ], [ -169.375667, 63.151269 ], [ -169.561131, 63.055178 ], [ -169.576965, 63.027025 ], [ -169.568016, 62.976879 ], [ -169.638309, 62.937527 ], [ -169.757249, 62.960087 ], [ -169.734938, 62.976617 ], [ -169.788466, 63.043015 ], [ -169.88123, 63.105848 ], [ -170.101301, 63.1793 ], [ -170.263032, 63.179147 ], [ -170.281388, 63.186821 ], [ -170.277721, 63.208819 ], [ -170.30363, 63.238692 ], [ -170.364806, 63.285596 ], [ -170.55895, 63.354989 ], [ -170.865412, 63.414229 ], [ -171.100855, 63.42342 ], [ -171.269249, 63.385386 ], [ -171.290324, 63.355383 ], [ -171.333089, 63.335393 ], [ -171.464455, 63.306915 ], [ -171.739321, 63.366114 ], [ -171.818259, 63.429452 ], [ -171.849984, 63.485039 ], [ -171.833681, 63.580074 ], [ -171.743979, 63.654905 ], [ -171.754336, 63.71896 ], [ -171.725748, 63.734745 ], [ -171.743398, 63.782971 ], [ -171.673296, 63.788067 ], [ -171.638991, 63.759231 ], [ -171.649923, 63.70254 ], [ -171.609439, 63.679832 ], [ -171.381677, 63.630646 ], [ -170.950817, 63.570127 ], [ -170.488192, 63.696723 ], [ -170.315839, 63.691923 ], [ -170.176413, 63.625489 ], [ -170.095833, 63.612701 ], [ -170.040919, 63.523411 ], [ -170.047114, 63.490135 ], [ -170.007943, 63.475428 ], [ -169.857078, 63.441975 ], [ -169.643167, 63.427802 ], [ -169.520524, 63.365941 ], [ -168.932623, 63.32914 ] ] ], [ [ [ -167.972262, 65.030534 ], [ -167.924296, 65.002728 ], [ -167.913829, 64.969943 ], [ -167.976149, 64.922872 ], [ -168.090879, 64.911113 ], [ -168.210114, 64.951372 ], [ -168.207906, 65.003291 ], [ -168.156162, 65.029174 ], [ -168.076108, 65.043289 ], [ -167.972262, 65.030534 ] ] ], [ [ [ -168.903439, 65.738454 ], [ -168.93122, 65.73894 ], [ -168.954515, 65.757144 ], [ -168.902235, 65.769665 ], [ -168.903439, 65.738454 ] ] ], [ [ [ -166.13839, 66.210089 ], [ -166.170909, 66.218437 ], [ -166.177606, 66.234732 ], [ -166.066097, 66.263721 ], [ -166.019921, 66.252754 ], [ -166.096969, 66.237833 ], [ -166.13839, 66.210089 ] ] ], [ [ [ -165.234364, 54.065423 ], [ -165.483373, 54.075036 ], [ -165.271048, 54.095665 ], [ -165.234364, 54.065423 ] ] ], [ [ [ -165.044322, 54.066629 ], [ -165.203413, 54.087752 ], [ -165.220871, 54.101574 ], [ -165.140978, 54.131079 ], [ -164.921307, 54.128569 ], [ -164.953165, 54.078056 ], [ -165.044322, 54.066629 ] ] ], [ [ [ -165.655573, 54.1191 ], [ -165.671477, 54.096235 ], [ -165.767173, 54.065935 ], [ -165.810747, 54.074764 ], [ -165.875129, 54.03642 ], [ -165.897261, 54.060634 ], [ -165.930242, 54.066554 ], [ -166.046438, 54.044186 ], [ -166.112242, 54.122528 ], [ -166.082028, 54.175184 ], [ -165.9832, 54.221175 ], [ -165.873076, 54.216455 ], [ -165.865872, 54.200014 ], [ -165.880456, 54.183648 ], [ -165.863518, 54.166162 ], [ -165.832421, 54.161333 ], [ -165.793781, 54.183433 ], [ -165.742613, 54.158352 ], [ -165.714198, 54.120815 ], [ -165.667323, 54.132123 ], [ -165.655573, 54.1191 ] ] ], [ [ [ -165.558835, 54.250763 ], [ -165.512782, 54.212929 ], [ -165.405377, 54.212837 ], [ -165.383719, 54.196731 ], [ -165.399985, 54.177741 ], [ -165.47619, 54.182701 ], [ -165.549217, 54.112196 ], [ -165.575645, 54.108618 ], [ -165.629725, 54.132558 ], [ -165.637081, 54.199436 ], [ -165.579801, 54.229575 ], [ -165.612082, 54.246537 ], [ -165.640013, 54.229673 ], [ -165.685823, 54.243406 ], [ -165.636383, 54.297567 ], [ -165.586509, 54.284361 ], [ -165.478452, 54.295333 ], [ -165.479981, 54.281838 ], [ -165.558835, 54.250763 ] ] ], [ [ [ -162.562726, 54.38284 ], [ -162.611891, 54.368077 ], [ -162.722797, 54.40034 ], [ -162.759472, 54.371116 ], [ -162.86005, 54.425452 ], [ -162.827621, 54.490859 ], [ -162.79629, 54.492254 ], [ -162.588883, 54.450064 ], [ -162.552718, 54.416113 ], [ -162.562726, 54.38284 ] ] ], [ [ [ -159.236066, 54.87648 ], [ -159.309681, 54.865813 ], [ -159.327873, 54.884749 ], [ -159.31206, 54.909601 ], [ -159.324364, 54.928329 ], [ -159.278696, 54.948514 ], [ -159.20567, 54.927438 ], [ -159.212627, 54.896066 ], [ -159.236066, 54.87648 ] ] ], [ [ [ -162.282944, 54.841216 ], [ -162.321094, 54.827928 ], [ -162.349315, 54.836049 ], [ -162.425244, 54.885021 ], [ -162.437501, 54.927627 ], [ -162.326811, 54.98533 ], [ -162.249682, 54.9759 ], [ -162.235675, 54.962601 ], [ -162.232962, 54.890984 ], [ -162.282944, 54.841216 ] ] ], [ [ [ -159.33177, 54.974598 ], [ -159.426615, 54.942266 ], [ -159.457995, 54.94573 ], [ -159.451251, 54.975285 ], [ -159.416786, 55.000296 ], [ -159.417987, 55.022013 ], [ -159.455434, 55.035809 ], [ -159.455311, 55.061452 ], [ -159.345276, 55.059397 ], [ -159.33177, 54.974598 ] ] ], [ [ [ -159.983499, 55.180379 ], [ -159.95435, 55.189291 ], [ -159.87969, 55.290183 ], [ -159.848619, 55.267548 ], [ -159.844622, 55.243828 ], [ -159.895326, 55.217872 ], [ -159.901569, 55.156858 ], [ -159.860891, 55.149337 ], [ -159.860786, 55.177086 ], [ -159.816419, 55.178051 ], [ -159.83089, 55.126467 ], [ -159.855444, 55.100758 ], [ -159.947575, 55.105215 ], [ -159.951127, 55.066642 ], [ -160.115775, 54.985078 ], [ -160.183466, 54.91568 ], [ -160.200831, 54.875282 ], [ -160.226967, 54.864075 ], [ -160.254765, 54.895974 ], [ -160.250814, 54.929816 ], [ -160.077872, 55.0376 ], [ -160.094288, 55.052996 ], [ -160.174366, 55.052577 ], [ -160.187261, 55.118376 ], [ -160.109864, 55.160777 ], [ -160.059599, 55.133663 ], [ -160.055642, 55.11158 ], [ -160.03033, 55.116109 ], [ -160.004129, 55.134482 ], [ -160.061469, 55.200378 ], [ -160.025257, 55.203914 ], [ -159.983499, 55.180379 ] ] ], [ [ [ -161.570523, 55.100493 ], [ -161.548924, 55.080115 ], [ -161.565036, 55.058874 ], [ -161.606359, 55.070264 ], [ -161.602514, 55.098267 ], [ -161.632391, 55.104896 ], [ -161.674539, 55.095912 ], [ -161.737922, 55.054054 ], [ -161.791606, 55.077307 ], [ -161.819869, 55.113965 ], [ -161.900685, 55.142139 ], [ -161.888936, 55.160724 ], [ -161.82784, 55.178473 ], [ -161.73781, 55.161935 ], [ -161.570523, 55.100493 ] ] ], [ [ [ -159.530302, 55.106194 ], [ -159.53363, 55.083987 ], [ -159.489589, 55.049229 ], [ -159.509674, 55.041408 ], [ -159.572365, 55.060122 ], [ -159.635226, 55.037294 ], [ -159.649062, 55.049532 ], [ -159.63541, 55.116654 ], [ -159.586075, 55.157652 ], [ -159.519196, 55.253693 ], [ -159.50527, 55.222269 ], [ -159.533457, 55.184761 ], [ -159.499502, 55.173991 ], [ -159.494772, 55.13605 ], [ -159.530302, 55.106194 ] ] ], [ [ [ -160.565929, 55.273137 ], [ -160.527617, 55.256374 ], [ -160.486174, 55.193617 ], [ -160.525226, 55.129871 ], [ -160.655577, 55.160261 ], [ -160.690293, 55.210474 ], [ -160.756587, 55.195143 ], [ -160.794198, 55.134399 ], [ -160.824468, 55.120153 ], [ -160.807558, 55.168161 ], [ -160.841917, 55.20444 ], [ -160.841221, 55.293957 ], [ -160.856621, 55.318488 ], [ -160.7778, 55.388639 ], [ -160.665927, 55.399025 ], [ -160.646214, 55.383142 ], [ -160.651011, 55.34365 ], [ -160.614256, 55.348019 ], [ -160.567384, 55.390078 ], [ -160.517513, 55.379378 ], [ -160.518955, 55.361552 ], [ -160.425658, 55.338883 ], [ -160.344369, 55.362962 ], [ -160.30655, 55.303275 ], [ -160.341217, 55.251799 ], [ -160.372603, 55.25991 ], [ -160.390421, 55.286576 ], [ -160.441896, 55.298264 ], [ -160.475493, 55.28923 ], [ -160.518148, 55.309102 ], [ -160.526945, 55.319044 ], [ -160.506927, 55.32773 ], [ -160.534943, 55.343537 ], [ -160.57969, 55.314292 ], [ -160.565929, 55.273137 ] ] ], [ [ [ -160.147993, 55.377576 ], [ -160.321132, 55.393677 ], [ -160.347609, 55.426187 ], [ -160.260565, 55.463674 ], [ -160.137032, 55.450709 ], [ -160.147993, 55.377576 ] ] ], [ [ [ -159.744495, 55.600018 ], [ -159.626772, 55.629412 ], [ -159.644656, 55.652469 ], [ -159.679201, 55.655895 ], [ -159.676761, 55.737357 ], [ -159.627482, 55.803248 ], [ -159.602148, 55.805004 ], [ -159.712816, 55.846392 ], [ -159.838981, 55.852412 ], [ -159.858456, 55.841793 ], [ -159.847359, 55.80253 ], [ -159.862484, 55.787629 ], [ -159.937089, 55.803306 ], [ -160.026282, 55.792295 ], [ -160.052525, 55.76643 ], [ -160.058443, 55.721734 ], [ -160.185712, 55.658644 ], [ -160.279827, 55.641384 ], [ -160.421853, 55.662701 ], [ -160.433022, 55.639979 ], [ -160.392587, 55.602771 ], [ -160.435859, 55.573692 ], [ -160.464301, 55.533243 ], [ -160.462745, 55.506654 ], [ -160.501346, 55.478518 ], [ -160.536654, 55.474938 ], [ -160.580083, 55.564385 ], [ -160.615305, 55.575516 ], [ -160.666966, 55.544417 ], [ -160.737095, 55.555448 ], [ -160.77295, 55.538998 ], [ -160.660117, 55.518475 ], [ -160.646304, 55.492851 ], [ -160.666917, 55.459776 ], [ -160.795988, 55.454946 ], [ -160.836725, 55.473135 ], [ -160.828273, 55.516111 ], [ -160.909625, 55.52414 ], [ -160.944265, 55.507825 ], [ -161.013662, 55.431002 ], [ -161.231535, 55.357452 ], [ -161.280675, 55.354038 ], [ -161.325325, 55.359855 ], [ -161.314949, 55.379231 ], [ -161.34608, 55.385782 ], [ -161.460392, 55.35907 ], [ -161.507657, 55.362786 ], [ -161.514211, 55.385254 ], [ -161.484588, 55.417994 ], [ -161.477114, 55.485195 ], [ -161.367405, 55.579484 ], [ -161.363378, 55.618478 ], [ -161.482064, 55.633979 ], [ -161.587047, 55.62006 ], [ -161.69886, 55.5194 ], [ -161.686495, 55.408041 ], [ -161.853418, 55.277634 ], [ -161.878076, 55.223599 ], [ -161.903407, 55.204941 ], [ -161.978788, 55.236131 ], [ -162.045694, 55.232775 ], [ -161.949882, 55.126686 ], [ -161.960866, 55.106734 ], [ -162.053281, 55.074212 ], [ -162.11874, 55.102911 ], [ -162.131878, 55.122776 ], [ -162.119033, 55.141116 ], [ -162.141084, 55.157339 ], [ -162.177427, 55.154403 ], [ -162.218192, 55.118903 ], [ -162.223528, 55.102211 ], [ -162.189247, 55.06026 ], [ -162.219326, 55.028975 ], [ -162.267754, 55.021553 ], [ -162.300378, 55.042927 ], [ -162.41351, 55.03656 ], [ -162.471364, 55.051932 ], [ -162.512104, 55.086227 ], [ -162.520986, 55.115417 ], [ -162.460958, 55.12584 ], [ -162.4168, 55.104096 ], [ -162.406191, 55.120498 ], [ -162.48098, 55.161271 ], [ -162.510435, 55.250177 ], [ -162.584872, 55.298386 ], [ -162.626101, 55.304085 ], [ -162.682405, 55.27645 ], [ -162.718077, 55.219911 ], [ -162.692309, 55.197313 ], [ -162.638791, 55.19477 ], [ -162.579765, 55.136939 ], [ -162.618918, 55.097096 ], [ -162.569292, 55.015874 ], [ -162.569289, 54.97124 ], [ -162.688131, 54.996126 ], [ -162.720404, 54.980223 ], [ -162.708453, 54.95848 ], [ -162.770983, 54.932736 ], [ -162.845475, 54.926989 ], [ -162.913684, 54.950273 ], [ -162.970632, 55.001039 ], [ -162.957826, 55.031826 ], [ -163.00155, 55.080043 ], [ -163.079006, 55.111652 ], [ -163.188428, 55.090903 ], [ -163.225092, 55.049683 ], [ -163.219018, 55.030281 ], [ -163.067008, 54.979302 ], [ -163.036062, 54.942544 ], [ -163.214398, 54.847487 ], [ -163.299809, 54.829232 ], [ -163.372806, 54.790936 ], [ -163.322849, 54.75028 ], [ -163.228391, 54.753513 ], [ -163.184295, 54.774912 ], [ -163.144089, 54.761499 ], [ -163.057228, 54.688101 ], [ -163.059085, 54.661072 ], [ -163.125738, 54.66818 ], [ -163.140925, 54.694829 ], [ -163.280633, 54.695367 ], [ -163.331516, 54.747518 ], [ -163.364626, 54.749464 ], [ -163.428377, 54.714819 ], [ -163.439361, 54.655928 ], [ -163.488861, 54.65511 ], [ -163.585967, 54.611644 ], [ -163.747316, 54.635011 ], [ -163.966307, 54.631681 ], [ -164.23247, 54.585494 ], [ -164.331404, 54.530431 ], [ -164.33653, 54.480977 ], [ -164.352704, 54.465023 ], [ -164.456554, 54.419856 ], [ -164.640457, 54.391166 ], [ -164.743977, 54.394216 ], [ -164.844931, 54.417583 ], [ -164.876075, 54.443495 ], [ -164.910059, 54.507542 ], [ -164.944636, 54.532903 ], [ -164.948789, 54.579877 ], [ -164.91876, 54.605306 ], [ -164.709465, 54.661518 ], [ -164.576896, 54.824564 ], [ -164.56405, 54.875539 ], [ -164.48678, 54.922441 ], [ -164.427303, 54.932849 ], [ -164.343534, 54.894139 ], [ -164.20707, 54.927578 ], [ -164.119196, 54.969416 ], [ -164.030708, 54.969818 ], [ -163.894695, 55.039115 ], [ -163.774093, 55.05578 ], [ -163.532962, 55.048881 ], [ -163.530087, 55.01666 ], [ -163.442854, 54.969875 ], [ -163.418042, 54.938499 ], [ -163.398294, 54.902371 ], [ -163.414691, 54.85609 ], [ -163.318885, 54.88012 ], [ -163.319956, 54.903085 ], [ -163.34773, 54.925093 ], [ -163.338395, 54.956191 ], [ -163.279586, 54.944849 ], [ -163.237414, 54.959292 ], [ -163.293205, 55.006865 ], [ -163.314652, 55.126312 ], [ -163.105011, 55.183979 ], [ -162.957182, 55.171271 ], [ -162.882292, 55.183251 ], [ -162.84014, 55.224043 ], [ -162.851839, 55.247317 ], [ -162.900454, 55.246416 ], [ -162.888118, 55.270424 ], [ -162.704747, 55.320296 ], [ -162.580524, 55.446514 ], [ -162.483687, 55.495237 ], [ -162.246972, 55.680013 ], [ -161.898956, 55.833464 ], [ -161.807833, 55.891954 ], [ -161.290777, 55.98313 ], [ -161.230444, 55.947467 ], [ -161.096617, 55.954752 ], [ -161.076383, 55.942079 ], [ -160.873229, 56.001448 ], [ -160.814205, 55.953834 ], [ -160.818201, 55.910749 ], [ -160.923856, 55.900574 ], [ -160.95156, 55.852772 ], [ -160.930591, 55.814358 ], [ -160.806014, 55.738241 ], [ -160.765228, 55.757174 ], [ -160.65556, 55.730041 ], [ -160.757705, 55.785841 ], [ -160.769155, 55.858268 ], [ -160.734182, 55.870995 ], [ -160.639088, 55.8583 ], [ -160.508433, 55.869379 ], [ -160.438735, 55.789608 ], [ -160.385878, 55.796445 ], [ -160.277382, 55.765861 ], [ -160.26893, 55.784278 ], [ -160.317826, 55.818983 ], [ -160.272533, 55.831673 ], [ -160.273176, 55.856881 ], [ -160.535759, 55.939617 ], [ -160.529292, 55.986103 ], [ -160.559597, 55.996838 ], [ -160.583491, 55.986468 ], [ -160.482208, 56.085234 ], [ -160.383094, 56.251352 ], [ -160.340249, 56.291271 ], [ -160.146252, 56.400176 ], [ -159.976758, 56.453951 ], [ -159.828049, 56.543935 ], [ -159.324421, 56.670356 ], [ -159.264871, 56.703136 ], [ -159.279894, 56.715667 ], [ -159.038354, 56.806006 ], [ -158.957471, 56.851184 ], [ -158.853294, 56.79262 ], [ -158.78359, 56.78075 ], [ -158.660298, 56.789015 ], [ -158.642845, 56.836608 ], [ -158.699788, 56.927362 ], [ -158.659945, 57.034585 ], [ -158.376249, 57.265542 ], [ -158.034246, 57.39023 ], [ -157.931624, 57.476208 ], [ -157.772496, 57.547055 ], [ -157.678891, 57.563888 ], [ -157.680416, 57.537727 ], [ -157.649389, 57.500331 ], [ -157.58691, 57.487156 ], [ -157.573472, 57.522732 ], [ -157.599644, 57.60795 ], [ -157.691291, 57.611131 ], [ -157.710645, 57.639946 ], [ -157.703782, 57.721768 ], [ -157.671061, 57.772866 ], [ -157.642226, 57.868777 ], [ -157.596601, 58.08867 ], [ -157.556556, 58.148445 ], [ -157.39735, 58.173383 ], [ -157.352316, 58.219097 ], [ -157.374511, 58.232117 ], [ -157.423325, 58.21136 ], [ -157.541564, 58.271883 ], [ -157.556865, 58.330715 ], [ -157.536176, 58.391597 ], [ -157.46088, 58.499693 ], [ -157.358487, 58.533876 ], [ -157.251462, 58.620786 ], [ -157.077914, 58.708103 ], [ -157.008226, 58.817139 ], [ -157.012392, 58.875889 ], [ -156.966649, 58.904074 ], [ -156.975946, 58.940896 ], [ -157.029517, 58.956203 ], [ -157.040625, 58.913391 ], [ -157.116866, 58.867533 ], [ -157.484062, 58.785962 ], [ -157.550603, 58.754514 ], [ -157.696472, 58.729975 ], [ -158.036593, 58.634248 ], [ -158.190283, 58.61371 ], [ -158.327038, 58.659835 ], [ -158.351481, 58.727693 ], [ -158.400475, 58.761182 ], [ -158.564833, 58.802715 ], [ -158.565718, 58.875828 ], [ -158.619684, 58.911048 ], [ -158.767748, 58.864264 ], [ -158.790786, 58.808424 ], [ -158.771246, 58.765109 ], [ -158.800959, 58.732842 ], [ -158.848225, 58.722736 ], [ -158.861207, 58.69558 ], [ -158.827852, 58.626432 ], [ -158.704052, 58.482759 ], [ -158.795316, 58.408032 ], [ -158.880927, 58.39067 ], [ -159.063346, 58.423139 ], [ -159.390664, 58.762362 ], [ -159.501768, 58.824304 ], [ -159.643549, 58.845063 ], [ -159.589811, 58.890359 ], [ -159.61612, 58.931601 ], [ -159.732932, 58.930739 ], [ -159.753754, 58.855724 ], [ -159.808777, 58.861542 ], [ -159.792923, 58.823971 ], [ -159.806305, 58.805595 ], [ -159.908386, 58.779903 ], [ -159.995667, 58.848301 ], [ -159.985352, 58.870464 ], [ -160.054047, 58.887001 ], [ -160.093109, 58.860798 ], [ -160.150528, 58.866062 ], [ -160.15448, 58.916874 ], [ -160.232788, 58.901127 ], [ -160.286346, 58.945007 ], [ -160.322922, 58.953953 ], [ -160.256592, 58.99448 ], [ -160.31778, 59.070477 ], [ -160.641785, 58.964489 ], [ -160.753067, 58.910431 ], [ -160.835358, 58.823494 ], [ -160.855194, 58.882523 ], [ -160.999741, 58.856655 ], [ -161.337982, 58.742912 ], [ -161.372711, 58.707958 ], [ -161.372314, 58.666172 ], [ -161.521347, 58.633141 ], [ -161.550537, 58.61116 ], [ -161.62645, 58.602581 ], [ -161.682907, 58.564671 ], [ -161.751999, 58.551842 ], [ -161.766296, 58.599224 ], [ -161.871216, 58.637478 ], [ -162.066269, 58.6208 ], [ -162.171722, 58.648441 ], [ -161.994644, 58.688828 ], [ -161.939163, 58.655613 ], [ -161.877213, 58.666138 ], [ -161.859055, 58.708637 ], [ -161.769501, 58.774937 ], [ -161.756622, 58.826477 ], [ -161.783981, 58.969421 ], [ -161.828171, 59.062702 ], [ -161.981964, 59.150997 ], [ -162.048584, 59.254177 ], [ -162.018982, 59.292278 ], [ -161.942993, 59.263828 ], [ -161.956528, 59.361771 ], [ -161.828125, 59.428188 ], [ -161.790375, 59.468197 ], [ -161.738312, 59.46701 ], [ -161.70253, 59.490906 ], [ -161.854752, 59.646214 ], [ -161.911163, 59.741741 ], [ -162.092361, 59.881104 ], [ -162.10856, 59.953861 ], [ -162.171759, 59.984163 ], [ -162.207225, 60.021834 ], [ -162.234043, 60.091345 ], [ -162.202141, 60.11645 ], [ -162.188441, 60.156509 ], [ -162.252564, 60.178623 ], [ -162.287089, 60.122173 ], [ -162.321481, 60.10797 ], [ -162.371032, 60.178616 ], [ -162.426344, 60.185331 ], [ -162.492346, 60.121804 ], [ -162.476759, 60.04769 ], [ -162.503647, 59.99923 ], [ -162.622569, 59.971809 ], [ -162.738592, 59.976321 ], [ -162.760007, 59.958013 ], [ -163.172633, 59.845058 ], [ -163.704795, 59.794805 ], [ -163.930798, 59.803853 ], [ -164.115117, 59.836688 ], [ -164.160319, 59.864679 ], [ -164.209843, 59.942874 ], [ -164.178705, 59.96181 ], [ -164.12543, 59.964626 ], [ -164.11508, 59.973166 ], [ -164.13181, 59.991177 ], [ -164.1916, 60.024496 ], [ -164.385471, 60.07719 ], [ -164.498556, 60.170546 ], [ -164.505677, 60.194304 ], [ -164.619501, 60.234938 ], [ -164.698889, 60.296298 ], [ -164.777233, 60.293833 ], [ -164.899296, 60.316787 ], [ -165.057585, 60.386287 ], [ -165.132893, 60.438867 ], [ -164.99787, 60.480459 ], [ -164.961439, 60.508391 ], [ -164.965488, 60.536701 ], [ -165.05744, 60.544631 ], [ -165.190449, 60.498001 ], [ -165.244442, 60.496298 ], [ -165.362975, 60.506866 ], [ -165.420349, 60.550692 ], [ -165.367676, 60.581158 ], [ -165.268717, 60.579488 ], [ -165.063148, 60.688645 ], [ -165.027535, 60.686008 ], [ -164.97125, 60.711434 ], [ -164.96541, 60.724306 ], [ -165.023904, 60.753128 ], [ -165.042584, 60.78443 ], [ -164.92418, 60.809331 ], [ -164.939313, 60.823463 ], [ -165.02143, 60.815086 ], [ -165.030183, 60.83805 ], [ -165.003679, 60.87558 ], [ -164.903903, 60.942213 ], [ -164.940065, 60.945369 ], [ -165.007096, 60.922058 ], [ -165.03204, 60.903986 ], [ -165.016941, 60.891071 ], [ -165.132488, 60.850145 ], [ -165.176774, 60.847149 ], [ -165.22348, 60.89645 ], [ -165.216942, 60.914322 ], [ -165.157111, 60.917363 ], [ -165.190271, 60.983073 ], [ -165.115681, 61.016097 ], [ -164.961527, 61.024166 ], [ -164.927825, 61.084392 ], [ -164.87045, 61.079564 ], [ -164.868009, 61.096394 ], [ -164.991273, 61.107232 ], [ -164.995695, 61.058035 ], [ -165.029551, 61.05401 ], [ -165.119781, 61.07864 ], [ -165.175321, 61.120926 ], [ -165.172994, 61.146919 ], [ -165.307976, 61.181823 ], [ -165.344389, 61.123691 ], [ -165.343442, 61.070564 ], [ -165.549613, 61.088162 ], [ -165.590682, 61.111169 ], [ -165.631996, 61.220708 ], [ -165.623317, 61.278431 ], [ -165.662892, 61.29457 ], [ -165.831365, 61.306719 ], [ -165.879599, 61.335044 ], [ -165.915445, 61.387686 ], [ -165.918612, 61.419087 ], [ -165.767226, 61.45695 ], [ -165.748503, 61.476446 ], [ -165.754317, 61.498704 ], [ -165.807627, 61.529171 ], [ -165.964035, 61.555919 ], [ -166.075524, 61.532672 ], [ -166.08868, 61.522885 ], [ -166.058242, 61.500419 ], [ -166.108269, 61.492475 ], [ -166.182688, 61.588481 ], [ -166.143757, 61.724352 ], [ -166.13302, 61.721918 ], [ -166.139409, 61.632315 ], [ -165.809933, 61.673029 ], [ -165.81, 61.68936 ], [ -165.993851, 61.723105 ], [ -166.094312, 61.813859 ], [ -165.955265, 61.832408 ], [ -165.758413, 61.825444 ], [ -165.730439, 61.842075 ], [ -165.600043, 61.859663 ], [ -165.725818, 61.947184 ], [ -165.756806, 62.006337 ], [ -165.743522, 62.06228 ], [ -165.672037, 62.13989 ], [ -165.337722, 62.359031 ], [ -165.26927, 62.427352 ], [ -165.046045, 62.54042 ], [ -164.770232, 62.592082 ], [ -164.777244, 62.609083 ], [ -164.89374, 62.599671 ], [ -164.940464, 62.618431 ], [ -164.932145, 62.651071 ], [ -164.91291, 62.657496 ], [ -164.81711, 62.636697 ], [ -164.87564, 62.806254 ], [ -164.836318, 62.852168 ], [ -164.768253, 62.871331 ], [ -164.742134, 62.920144 ], [ -164.745514, 62.944865 ], [ -164.766117, 62.958228 ], [ -164.716841, 63.006264 ], [ -164.583735, 63.058457 ], [ -164.580201, 63.070127 ], [ -164.641186, 63.07268 ], [ -164.633943, 63.09782 ], [ -164.423449, 63.211977 ], [ -164.209475, 63.251472 ], [ -164.036565, 63.261204 ], [ -163.885059, 63.222308 ], [ -163.73265, 63.213257 ], [ -163.616272, 63.141213 ], [ -163.529938, 63.1354 ], [ -163.507217, 63.113685 ], [ -163.316203, 63.037763 ], [ -163.130853, 63.049387 ], [ -163.0405, 63.062151 ], [ -162.844559, 63.154191 ], [ -162.839167, 63.193004 ], [ -162.821122, 63.205596 ], [ -162.662614, 63.229906 ], [ -162.437059, 63.377836 ], [ -162.384625, 63.435797 ], [ -162.271089, 63.487711 ], [ -162.296731, 63.540108 ], [ -162.073156, 63.513768 ], [ -162.041687, 63.48965 ], [ -162.050543, 63.470589 ], [ -162.025552, 63.447539 ], [ -161.676526, 63.465003 ], [ -161.553077, 63.449217 ], [ -161.310181, 63.471312 ], [ -161.136758, 63.504525 ], [ -161.102721, 63.5478 ], [ -160.924877, 63.644814 ], [ -160.783304, 63.752893 ], [ -160.76556, 63.773552 ], [ -160.766291, 63.835189 ], [ -160.93374, 64.049729 ], [ -160.951641, 64.090067 ], [ -160.946857, 64.204158 ], [ -160.976038, 64.235761 ], [ -161.263519, 64.398166 ], [ -161.410382, 64.422107 ], [ -161.492926, 64.407851 ], [ -161.504903, 64.423074 ], [ -161.469046, 64.506575 ], [ -161.388621, 64.532783 ], [ -161.198029, 64.496626 ], [ -161.015095, 64.502124 ], [ -161.01714, 64.517124 ], [ -161.05306, 64.528504 ], [ -161.049148, 64.540952 ], [ -160.940493, 64.55 ], [ -160.802048, 64.610352 ], [ -160.783398, 64.71716 ], [ -160.935974, 64.82237 ], [ -161.079718, 64.869549 ], [ -161.176009, 64.927161 ], [ -161.213756, 64.883324 ], [ -161.293049, 64.853243 ], [ -161.357867, 64.805922 ], [ -161.367483, 64.778907 ], [ -161.413493, 64.762723 ], [ -161.518211, 64.75325 ], [ -161.667261, 64.788981 ], [ -161.902429, 64.703851 ], [ -162.168516, 64.68029 ], [ -162.21662, 64.656213 ], [ -162.234477, 64.619336 ], [ -162.539996, 64.530931 ], [ -162.61422, 64.470702 ], [ -162.60302, 64.448666 ], [ -162.632242, 64.385734 ], [ -162.790167, 64.325182 ], [ -162.810004, 64.352647 ], [ -162.802266, 64.395327 ], [ -162.858556, 64.474864 ], [ -162.857562, 64.49978 ], [ -162.96925, 64.54687 ], [ -163.042618, 64.540046 ], [ -163.027158, 64.477945 ], [ -163.091486, 64.437736 ], [ -163.107459, 64.409192 ], [ -163.150789, 64.397249 ], [ -163.229206, 64.430019 ], [ -163.253027, 64.469501 ], [ -163.350926, 64.505859 ], [ -163.651943, 64.567299 ], [ -163.875774, 64.572935 ], [ -163.974352, 64.55137 ], [ -164.307273, 64.561488 ], [ -164.807747, 64.449432 ], [ -165.001961, 64.433917 ], [ -165.413443, 64.497939 ], [ -166.189546, 64.575798 ], [ -166.392403, 64.638161 ], [ -166.474714, 64.719267 ], [ -166.478978, 64.797036 ], [ -166.417028, 64.81874 ], [ -166.415624, 64.871928 ], [ -166.530518, 64.937114 ], [ -166.690814, 64.985372 ], [ -166.705283, 64.999846 ], [ -166.688762, 65.018029 ], [ -166.696453, 65.035857 ], [ -166.860402, 65.090866 ], [ -166.911922, 65.125965 ], [ -166.886677, 65.138763 ], [ -166.755554, 65.110585 ], [ -166.638411, 65.113586 ], [ -166.634449, 65.125873 ], [ -166.509566, 65.152719 ], [ -166.464192, 65.177086 ], [ -166.475297, 65.224335 ], [ -166.347189, 65.276341 ], [ -166.360618, 65.288631 ], [ -166.51864, 65.335824 ], [ -166.679717, 65.326856 ], [ -167.026782, 65.381967 ], [ -167.474024, 65.412744 ], [ -167.851234, 65.538181 ], [ -168.0752, 65.576355 ], [ -168.134663, 65.64084 ], [ -168.103708, 65.685552 ], [ -167.979889, 65.727972 ], [ -167.539643, 65.820836 ], [ -166.827684, 66.051277 ], [ -166.330971, 66.189514 ], [ -166.127228, 66.155204 ], [ -166.148866, 66.137747 ], [ -166.046471, 66.107833 ], [ -165.892999, 66.115767 ], [ -165.758784, 66.092915 ], [ -165.588512, 66.119695 ], [ -165.544886, 66.142901 ], [ -165.551682, 66.161584 ], [ -165.690509, 66.202029 ], [ -165.867148, 66.220871 ], [ -165.877514, 66.240309 ], [ -165.853577, 66.263185 ], [ -165.882496, 66.311603 ], [ -165.187082, 66.465154 ], [ -164.400727, 66.58111 ], [ -163.979581, 66.593953 ], [ -163.985713, 66.576085 ], [ -163.908341, 66.55597 ], [ -163.754171, 66.551284 ], [ -163.727179, 66.516388 ], [ -163.730247, 66.491372 ], [ -163.761967, 66.454874 ], [ -163.844221, 66.418978 ], [ -163.873106, 66.389015 ], [ -163.873096, 66.32855 ], [ -163.839825, 66.304079 ], [ -163.830077, 66.272 ], [ -163.904813, 66.230303 ], [ -164.078765, 66.201764 ], [ -164.092715, 66.184537 ], [ -163.916551, 66.190494 ], [ -163.847401, 66.122106 ], [ -163.772467, 66.081922 ], [ -163.76751, 66.060803 ], [ -163.623921, 66.058281 ], [ -163.495845, 66.085388 ], [ -163.344759, 66.084937 ], [ -163.146726, 66.059487 ], [ -162.750705, 66.09016 ], [ -162.635985, 66.040366 ], [ -162.45767, 66.058579 ], [ -162.372147, 66.027985 ], [ -162.139516, 66.078819 ], [ -161.838018, 66.022582 ], [ -161.775537, 66.073732 ], [ -161.6653, 66.122177 ], [ -161.548429, 66.239912 ], [ -161.484539, 66.262426 ], [ -161.341189, 66.2551 ], [ -161.320778, 66.223591 ], [ -161.263655, 66.214154 ], [ -160.993965, 66.234444 ], [ -160.99854, 66.254935 ], [ -161.129512, 66.336248 ], [ -161.525554, 66.397046 ], [ -161.694404, 66.396174 ], [ -161.912946, 66.344436 ], [ -161.863387, 66.440783 ], [ -161.87488, 66.511446 ], [ -162.091453, 66.605963 ], [ -162.140377, 66.664737 ], [ -162.228635, 66.70977 ], [ -162.501415, 66.742503 ], [ -162.512617, 66.777733 ], [ -162.626696, 66.859572 ], [ -162.601052, 66.898455 ], [ -162.497438, 66.91986 ], [ -162.346352, 66.934792 ], [ -162.281116, 66.915679 ], [ -162.117304, 66.798482 ], [ -162.013623, 66.779406 ], [ -162.029615, 66.73458 ], [ -162.081515, 66.693052 ], [ -162.07362, 66.651217 ], [ -161.968863, 66.602611 ], [ -161.915856, 66.551339 ], [ -161.574129, 66.438566 ], [ -161.326349, 66.478371 ], [ -161.279803, 66.505179 ], [ -161.29321, 66.520591 ], [ -161.483604, 66.525626 ], [ -161.4904, 66.560844 ], [ -161.693125, 66.620562 ], [ -161.881671, 66.716796 ], [ -161.86154, 66.797076 ], [ -161.796307, 66.833126 ], [ -161.688506, 66.959799 ], [ -161.566678, 66.934775 ], [ -161.489169, 66.93695 ], [ -161.485383, 66.960818 ], [ -161.530525, 66.984951 ], [ -161.62216, 67.008146 ], [ -161.711715, 67.001044 ], [ -161.799175, 67.047502 ], [ -161.850188, 67.052186 ], [ -162.123181, 67.02579 ], [ -162.23923, 66.993814 ], [ -162.415866, 66.98471 ], [ -162.462616, 66.994323 ], [ -162.481257, 67.043113 ], [ -162.504523, 67.039629 ], [ -162.519046, 67.016552 ], [ -162.64026, 67.010869 ], [ -162.699069, 67.055476 ], [ -162.83042, 67.036173 ], [ -162.901348, 67.006833 ], [ -163.69887, 67.114443 ], [ -163.741345, 67.129123 ], [ -163.74082, 67.20996 ], [ -163.758588, 67.256439 ], [ -163.853584, 67.388101 ], [ -164.007032, 67.535699 ], [ -164.14438, 67.617228 ], [ -164.533937, 67.725606 ], [ -165.129567, 67.941833 ], [ -165.240848, 67.998714 ], [ -165.49355, 68.059283 ], [ -165.863428, 68.093367 ], [ -165.965534, 68.12192 ], [ -165.994377, 68.147305 ], [ -166.245281, 68.245275 ], [ -166.474608, 68.305273 ], [ -166.680842, 68.340911 ], [ -166.85064, 68.333089 ], [ -166.706139, 68.371783 ], [ -166.377564, 68.422406 ], [ -166.305962, 68.46154 ], [ -166.295343, 68.5109 ], [ -166.226111, 68.576186 ], [ -166.229761, 68.613771 ], [ -166.199826, 68.678556 ], [ -166.187795, 68.778706 ], [ -166.222496, 68.860441 ], [ -166.214433, 68.879524 ], [ -165.572483, 68.852946 ], [ -165.327043, 68.858111 ], [ -164.253157, 68.930938 ], [ -163.973678, 68.985044 ], [ -163.655864, 69.090567 ], [ -163.297956, 69.274725 ], [ -163.230902, 69.284464 ], [ -163.110318, 69.375343 ], [ -163.100569, 69.414222 ], [ -163.036311, 69.489028 ], [ -163.016456, 69.538142 ], [ -163.116622, 69.593416 ], [ -163.02459, 69.608609 ], [ -162.916958, 69.692512 ], [ -162.961086, 69.717165 ], [ -163.03539, 69.727406 ], [ -163.012595, 69.757462 ], [ -162.840602, 69.811763 ], [ -162.616345, 69.916997 ], [ -162.587906, 69.915637 ], [ -162.471549, 69.983132 ], [ -162.462778, 70.042217 ], [ -162.350558, 70.0588 ], [ -162.356469, 70.076391 ], [ -162.312491, 70.109281 ], [ -162.019265, 70.224044 ], [ -161.922949, 70.291599 ], [ -161.849998, 70.30943 ], [ -161.848909, 70.282183 ], [ -161.779794, 70.255411 ], [ -161.759176, 70.272443 ], [ -161.692195, 70.267092 ], [ -161.633888, 70.240693 ], [ -161.396757, 70.240606 ], [ -161.254723, 70.256612 ], [ -161.016416, 70.327744 ], [ -160.992764, 70.316226 ], [ -160.839536, 70.344534 ], [ -160.489778, 70.454463 ], [ -159.648383, 70.794368 ], [ -159.209082, 70.870067 ], [ -159.147634, 70.876653 ], [ -159.156511, 70.859221 ], [ -159.132483, 70.828359 ], [ -159.331021, 70.807394 ], [ -159.343075, 70.783115 ], [ -159.299304, 70.760012 ], [ -159.000676, 70.764336 ], [ -158.954571, 70.772712 ], [ -158.976615, 70.796377 ], [ -158.656101, 70.787955 ], [ -158.3895, 70.799729 ], [ -158.385816, 70.825704 ], [ -158.157725, 70.820806 ], [ -157.840997, 70.861025 ], [ -157.421001, 70.976805 ], [ -157.249083, 71.052537 ], [ -156.809653, 71.286886 ], [ -156.56865, 71.352561 ], [ -156.561512, 71.316809 ], [ -156.524499, 71.294469 ], [ -156.356736, 71.261273 ], [ -156.074411, 71.242489 ], [ -156.029205, 71.203209 ], [ -156.044615, 71.184701 ], [ -156.018574, 71.172041 ], [ -155.920202, 71.207157 ], [ -155.88418, 71.190057 ], [ -155.760802, 71.194662 ], [ -155.587702, 71.17256 ], [ -155.566925, 71.165139 ], [ -155.561772, 71.128458 ], [ -155.513987, 71.096794 ], [ -155.510637, 71.081152 ], [ -155.548283, 71.060685 ], [ -155.705487, 71.020153 ], [ -155.830881, 70.965584 ], [ -155.978405, 70.962197 ], [ -156.014769, 70.903133 ], [ -155.968559, 70.862931 ], [ -155.971935, 70.806828 ], [ -155.906615, 70.809988 ], [ -155.875096, 70.828895 ], [ -155.643516, 70.824209 ], [ -155.504202, 70.860303 ], [ -155.48798, 70.875299 ], [ -155.493044, 70.917371 ], [ -155.47594, 70.943547 ], [ -155.343871, 71.004449 ], [ -155.260042, 71.015227 ], [ -155.211434, 70.978023 ], [ -155.182779, 70.978218 ], [ -155.159922, 71.002775 ], [ -155.177, 71.02745 ], [ -155.275989, 71.070464 ], [ -155.150524, 71.11205 ], [ -155.120317, 71.073416 ], [ -155.075362, 71.072042 ], [ -155.061428, 71.091999 ], [ -155.085782, 71.127572 ], [ -155.03174, 71.146473 ], [ -154.777335, 71.083231 ], [ -154.581129, 71.007321 ], [ -154.567593, 70.989929 ], [ -154.654375, 70.903318 ], [ -154.645793, 70.869167 ], [ -154.577386, 70.835335 ], [ -154.501866, 70.821765 ], [ -154.352604, 70.834828 ], [ -154.260799, 70.815164 ], [ -154.223307, 70.79523 ], [ -154.239166, 70.776866 ], [ -154.181863, 70.768325 ], [ -153.995579, 70.821876 ], [ -153.932921, 70.878677 ], [ -153.89048, 70.885719 ], [ -153.485989, 70.885873 ], [ -153.23848, 70.922467 ], [ -153.137311, 70.925438 ], [ -152.774415, 70.885279 ], [ -152.590148, 70.886933 ], [ -152.259966, 70.84282 ], [ -152.188649, 70.79814 ], [ -152.283763, 70.7856 ], [ -152.377274, 70.714682 ], [ -152.471531, 70.68884 ], [ -152.460505, 70.646107 ], [ -152.433781, 70.616926 ], [ -152.060684, 70.574935 ], [ -152.065748, 70.563074 ], [ -152.02607, 70.559345 ], [ -151.695162, 70.549675 ], [ -151.760248, 70.516711 ], [ -151.728579, 70.495375 ], [ -151.91921, 70.472686 ], [ -151.946384, 70.452523 ], [ -151.876122, 70.430761 ], [ -151.554647, 70.435895 ], [ -151.229919, 70.37984 ], [ -151.187394, 70.384775 ], [ -151.180436, 70.430401 ], [ -151.123105, 70.439374 ], [ -151.116099, 70.422403 ], [ -151.06043, 70.418734 ], [ -151.026337, 70.441455 ], [ -150.834973, 70.460171 ], [ -150.762035, 70.497219 ], [ -150.357384, 70.493738 ], [ -150.338851, 70.471075 ], [ -150.370283, 70.447858 ], [ -150.350541, 70.435998 ], [ -150.112899, 70.431372 ], [ -149.866698, 70.510769 ], [ -149.810924, 70.490477 ], [ -149.661165, 70.509203 ], [ -149.565278, 70.49645 ], [ -149.461755, 70.518271 ], [ -149.418727, 70.492257 ], [ -149.179148, 70.4857 ], [ -148.959443, 70.423944 ], [ -148.858069, 70.422917 ], [ -148.789577, 70.402746 ], [ -148.696768, 70.42916 ], [ -148.610566, 70.422588 ], [ -148.477044, 70.359068 ], [ -148.46615, 70.313609 ], [ -148.411253, 70.302627 ], [ -148.351437, 70.304453 ], [ -148.203477, 70.348188 ], [ -148.107231, 70.342801 ], [ -147.863719, 70.293317 ], [ -147.817637, 70.276938 ], [ -147.765104, 70.219806 ], [ -147.681722, 70.199954 ], [ -147.385271, 70.185256 ], [ -147.244119, 70.218963 ], [ -147.21921, 70.178826 ], [ -147.182123, 70.16035 ], [ -146.991109, 70.14761 ], [ -146.885771, 70.185917 ], [ -146.309558, 70.178907 ], [ -146.006411, 70.140402 ], [ -145.872923, 70.148829 ], [ -145.858297, 70.165996 ], [ -145.623306, 70.084375 ], [ -145.505682, 70.074528 ], [ -145.43483, 70.036994 ], [ -145.247167, 70.017891 ], [ -145.175073, 69.991707 ], [ -144.990131, 69.97768 ], [ -144.953637, 69.959262 ], [ -144.867623, 69.972266 ], [ -144.854539, 69.986364 ], [ -144.618671, 69.969315 ], [ -144.463286, 70.025735 ], [ -144.079634, 70.058961 ], [ -143.911494, 70.129837 ], [ -143.782213, 70.124668 ], [ -143.574986, 70.154598 ], [ -143.498058, 70.1401 ], [ -143.516098, 70.116362 ], [ -143.503487, 70.093458 ], [ -143.357961, 70.09497 ], [ -143.255576, 70.11933 ], [ -143.112951, 70.078271 ], [ -143.051291, 70.078188 ], [ -143.0381, 70.093888 ], [ -142.746807, 70.042531 ], [ -142.452927, 69.958125 ], [ -142.404366, 69.916511 ], [ -142.272156, 69.907044 ], [ -142.081696, 69.855498 ], [ -142.009321, 69.800726 ], [ -141.842843, 69.811927 ], [ -141.606229, 69.761695 ], [ -141.43084, 69.695144 ], [ -141.428856, 69.662658 ], [ -141.377718, 69.634631 ], [ -141.258558, 69.632247 ], [ -141.210456, 69.68419 ], [ -141.002672, 69.645609 ], [ -141.00184, 60.306105 ], [ -140.53509, 60.224224 ], [ -140.472292, 60.31059 ], [ -139.989142, 60.18524 ], [ -139.698361, 60.340421 ], [ -139.086669, 60.357654 ], [ -139.082246, 60.323825 ], [ -139.200346, 60.090701 ], [ -139.046426, 59.998235 ], [ -138.702053, 59.910245 ], [ -138.662972, 59.810225 ], [ -138.620931, 59.770559 ], [ -137.604277, 59.243057 ], [ -137.498558, 58.986694 ], [ -137.526424, 58.906834 ], [ -137.447383, 58.909513 ], [ -137.264752, 59.002352 ], [ -136.826633, 59.158389 ], [ -136.581521, 59.164909 ], [ -136.466815, 59.284252 ], [ -136.472941, 59.421683 ], [ -136.301846, 59.464128 ], [ -136.234229, 59.524731 ], [ -136.225748, 59.604573 ], [ -136.190352, 59.639854 ], [ -136.005158, 59.65816 ], [ -135.854166, 59.691846 ], [ -135.477436, 59.799626 ], [ -135.284921, 59.714893 ], [ -135.166736, 59.63224 ], [ -135.114588, 59.623415 ], [ -135.027456, 59.563692 ], [ -135.040037, 59.444792 ], [ -134.961972, 59.280376 ], [ -134.766204, 59.23143 ], [ -134.566689, 59.128278 ], [ -134.481241, 59.128071 ], [ -134.389798, 59.032673 ], [ -134.369945, 58.971745 ], [ -134.328964, 58.919593 ], [ -134.250526, 58.858046 ], [ -133.840392, 58.727991 ], [ -133.699835, 58.60729 ], [ -133.443373, 58.442415 ], [ -133.437696, 58.358074 ], [ -133.176444, 58.150151 ], [ -133.076421, 57.999762 ], [ -132.869318, 57.842941 ], [ -132.756813, 57.705093 ], [ -132.658124, 57.619486 ], [ -132.559178, 57.503927 ], [ -132.367984, 57.348685 ], [ -132.252187, 57.215655 ], [ -132.214442, 57.108167 ], [ -132.115075, 57.045602 ], [ -132.080112, 56.924153 ], [ -132.005107, 56.84292 ], [ -131.936582, 56.817425 ], [ -131.8865, 56.776083 ], [ -131.818813, 56.664694 ], [ -131.736007, 56.61317 ], [ -131.581221, 56.613275 ], [ -131.428413, 56.537135 ], [ -131.085704, 56.40654 ], [ -130.782231, 56.367511 ], [ -130.622482, 56.267939 ], [ -130.466874, 56.239789 ], [ -130.425575, 56.140676 ], [ -130.24554, 56.096876 ], [ -130.102761, 56.116696 ], [ -130.00426, 55.993379 ], [ -130.013198, 55.916382 ], [ -130.08451, 55.823997 ], [ -130.128538, 55.802148 ], [ -130.150595, 55.767031 ], [ -130.150061, 55.727099 ], [ -130.111677, 55.682051 ], [ -130.120132, 55.563919 ], [ -130.085413, 55.491517 ], [ -130.044303, 55.45197 ], [ -130.023558, 55.338259 ], [ -129.980058, 55.28423 ], [ -130.118919, 55.176074 ], [ -130.187541, 55.064665 ], [ -130.339504, 54.921376 ], [ -130.569366, 54.790869 ], [ -130.636745, 54.778456 ], [ -130.657754, 54.761828 ], [ -130.62807, 54.739341 ], [ -130.686192, 54.71691 ], [ -130.737423, 54.753545 ], [ -130.747227, 54.7726 ], [ -130.736295, 54.794798 ], [ -130.773606, 54.820845 ], [ -130.787444, 54.822905 ], [ -130.792122, 54.784784 ], [ -130.836853, 54.765437 ], [ -130.901801, 54.780876 ], [ -130.947098, 54.826047 ], [ -130.9604, 54.933685 ], [ -130.949104, 54.967846 ], [ -131.012061, 54.996238 ], [ -130.984157, 55.08441 ], [ -131.052298, 55.11816 ], [ -131.093806, 55.191335 ], [ -130.985304, 55.247286 ], [ -130.952956, 55.273092 ], [ -130.951572, 55.291648 ], [ -130.864918, 55.298367 ], [ -130.922985, 55.435113 ], [ -130.870524, 55.533768 ], [ -130.901872, 55.69738 ], [ -130.984774, 55.799349 ], [ -131.216475, 55.984342 ], [ -131.236936, 55.982293 ], [ -131.241704, 55.955069 ], [ -131.070138, 55.828551 ], [ -131.040966, 55.762837 ], [ -130.965994, 55.688974 ], [ -130.927651, 55.576585 ], [ -130.987103, 55.539872 ], [ -130.994376, 55.472396 ], [ -130.969588, 55.393281 ], [ -130.928172, 55.339426 ], [ -130.968326, 55.316626 ], [ -131.000594, 55.398012 ], [ -131.029045, 55.408395 ], [ -131.019881, 55.347905 ], [ -131.031357, 55.284785 ], [ -131.160492, 55.197481 ], [ -131.235516, 55.197574 ], [ -131.302697, 55.250217 ], [ -131.230432, 55.297802 ], [ -131.191595, 55.360527 ], [ -131.197489, 55.391051 ], [ -131.292102, 55.383946 ], [ -131.287016, 55.35826 ], [ -131.254461, 55.329698 ], [ -131.284986, 55.286437 ], [ -131.424502, 55.238764 ], [ -131.475602, 55.303263 ], [ -131.462968, 55.312648 ], [ -131.471976, 55.323386 ], [ -131.509811, 55.33231 ], [ -131.528201, 55.295349 ], [ -131.550044, 55.293389 ], [ -131.698743, 55.354873 ], [ -131.741834, 55.398074 ], [ -131.844157, 55.456742 ], [ -131.841683, 55.526748 ], [ -131.733052, 55.548559 ], [ -131.654172, 55.592431 ], [ -131.726322, 55.63593 ], [ -131.701147, 55.69696 ], [ -131.733408, 55.730832 ], [ -131.640294, 55.785274 ], [ -131.678213, 55.799837 ], [ -131.705259, 55.789939 ], [ -131.713742, 55.853263 ], [ -131.689509, 55.890232 ], [ -131.836962, 55.875472 ], [ -131.81631, 55.837449 ], [ -131.771248, 55.810028 ], [ -131.82616, 55.71858 ], [ -131.828887, 55.667148 ], [ -131.897413, 55.603914 ], [ -131.939318, 55.623844 ], [ -131.963121, 55.615263 ], [ -131.936689, 55.535151 ], [ -131.971792, 55.498279 ], [ -132.060504, 55.54303 ], [ -132.141118, 55.55901 ], [ -132.183207, 55.588128 ], [ -132.224167, 55.701766 ], [ -132.283594, 55.761774 ], [ -132.190479, 55.742501 ], [ -132.183163, 55.80083 ], [ -132.113361, 55.812718 ], [ -132.08605, 55.832436 ], [ -132.041795, 55.958795 ], [ -132.07034, 56.046733 ], [ -132.033368, 56.095572 ], [ -132.011297, 56.077359 ], [ -131.970294, 56.114042 ], [ -131.935728, 56.177207 ], [ -131.943402, 56.192557 ], [ -132.01813, 56.183155 ], [ -132.034849, 56.133432 ], [ -132.10402, 56.108109 ], [ -132.176955, 56.055706 ], [ -132.129697, 55.957855 ], [ -132.135474, 55.941626 ], [ -132.170198, 55.919231 ], [ -132.279962, 55.924839 ], [ -132.320487, 55.887648 ], [ -132.309306, 55.865059 ], [ -132.323242, 55.851878 ], [ -132.372298, 55.850359 ], [ -132.397304, 55.878867 ], [ -132.401192, 55.950467 ], [ -132.492795, 56.066436 ], [ -132.573677, 56.0707 ], [ -132.621793, 56.05614 ], [ -132.640079, 56.033194 ], [ -132.723396, 56.145814 ], [ -132.718342, 56.217704 ], [ -132.689888, 56.238744 ], [ -132.601495, 56.240065 ], [ -132.575023, 56.296468 ], [ -132.52936, 56.338555 ], [ -132.431631, 56.352163 ], [ -132.35871, 56.2908 ], [ -132.340678, 56.341754 ], [ -132.38938, 56.491367 ], [ -132.253393, 56.449539 ], [ -132.238473, 56.398706 ], [ -132.204367, 56.372086 ], [ -132.181158, 56.387128 ], [ -132.208568, 56.457125 ], [ -132.259611, 56.48763 ], [ -132.290475, 56.487017 ], [ -132.361293, 56.534232 ], [ -132.363836, 56.588613 ], [ -132.284216, 56.636699 ], [ -132.281464, 56.665593 ], [ -132.298664, 56.677977 ], [ -132.348886, 56.664217 ], [ -132.452081, 56.672473 ], [ -132.528446, 56.702056 ], [ -132.517127, 56.728632 ], [ -132.373615, 56.820353 ], [ -132.43833, 56.821117 ], [ -132.532002, 56.757141 ], [ -132.637458, 56.78091 ], [ -132.770404, 56.837486 ], [ -132.81789, 56.896901 ], [ -132.91197, 56.966651 ], [ -132.918967, 56.993673 ], [ -132.853636, 57.005343 ], [ -132.813684, 57.030218 ], [ -132.83222, 57.070408 ], [ -132.853284, 57.080077 ], [ -132.916487, 57.040086 ], [ -132.984307, 57.054845 ], [ -132.993944, 57.032353 ], [ -133.076481, 57.081733 ], [ -133.188074, 57.088973 ], [ -133.224656, 57.136522 ], [ -133.322359, 57.112727 ], [ -133.517197, 57.177776 ], [ -133.544817, 57.24257 ], [ -133.489738, 57.305192 ], [ -133.425948, 57.285995 ], [ -133.307565, 57.290052 ], [ -133.274829, 57.330625 ], [ -133.35472, 57.333253 ], [ -133.468267, 57.364217 ], [ -133.475998, 57.380394 ], [ -133.461179, 57.394577 ], [ -133.52514, 57.490344 ], [ -133.516749, 57.543911 ], [ -133.488197, 57.551387 ], [ -133.481221, 57.57147 ], [ -133.578948, 57.565094 ], [ -133.66439, 57.611707 ], [ -133.680963, 57.648265 ], [ -133.65453, 57.713689 ], [ -133.582212, 57.715095 ], [ -133.522243, 57.683663 ], [ -133.40498, 57.663783 ], [ -133.188864, 57.589071 ], [ -133.162464, 57.599796 ], [ -133.251126, 57.649966 ], [ -133.322532, 57.66583 ], [ -133.545031, 57.76797 ], [ -133.559889, 57.777457 ], [ -133.569787, 57.859365 ], [ -133.631303, 57.846766 ], [ -133.637054, 57.792203 ], [ -133.658113, 57.786368 ], [ -133.814706, 57.832979 ], [ -134.057521, 58.039471 ], [ -134.144813, 58.171242 ], [ -134.587101, 58.205802 ], [ -135.074096, 58.502123 ], [ -135.219128, 58.974972 ], [ -135.175756, 58.973868 ], [ -135.208585, 59.076824 ], [ -135.283964, 59.192532 ], [ -135.430331, 59.3272 ], [ -135.444526, 59.277689 ], [ -135.429601, 59.242722 ], [ -135.36406, 59.211403 ], [ -135.329458, 59.1527 ], [ -135.377826, 59.099262 ], [ -135.382354, 59.060749 ], [ -135.382641, 59.033366 ], [ -135.326711, 59.011469 ], [ -135.297293, 58.95986 ], [ -135.305907, 58.90134 ], [ -135.339948, 58.888955 ], [ -135.2432, 58.783112 ], [ -135.233878, 58.735487 ], [ -135.142322, 58.61637 ], [ -135.137516, 58.577835 ], [ -135.186357, 58.59777 ], [ -135.189368, 58.576244 ], [ -135.088983, 58.423022 ], [ -135.058071, 58.349447 ], [ -135.053488, 58.290498 ], [ -135.095814, 58.297233 ], [ -135.1077, 58.265034 ], [ -135.056227, 58.189884 ], [ -135.220281, 58.235584 ], [ -135.306507, 58.242916 ], [ -135.39826, 58.327689 ], [ -135.433061, 58.399899 ], [ -135.512402, 58.385759 ], [ -135.630425, 58.42858 ], [ -135.728054, 58.397067 ], [ -135.917917, 58.381237 ], [ -135.897169, 58.450001 ], [ -135.916112, 58.463858 ], [ -135.939926, 58.4516 ], [ -135.987564, 58.46442 ], [ -135.99953, 58.480281 ], [ -135.893152, 58.513929 ], [ -135.928572, 58.572925 ], [ -135.912187, 58.6188 ], [ -136.012226, 58.712247 ], [ -136.011669, 58.743276 ], [ -136.089603, 58.815729 ], [ -136.045279, 58.836074 ], [ -136.050351, 58.913433 ], [ -136.120307, 58.968418 ], [ -136.163648, 58.973204 ], [ -136.124491, 58.924542 ], [ -136.106997, 58.864441 ], [ -136.150772, 58.757266 ], [ -136.21366, 58.751153 ], [ -136.493716, 58.838963 ], [ -136.52652, 58.954523 ], [ -136.544899, 58.967314 ], [ -136.572163, 58.957292 ], [ -136.586289, 58.909364 ], [ -136.630497, 58.890256 ], [ -136.782908, 58.936659 ], [ -136.840986, 58.919742 ], [ -136.877826, 58.962392 ], [ -136.91853, 58.947217 ], [ -136.928643, 58.900131 ], [ -136.58343, 58.838826 ], [ -136.463258, 58.781607 ], [ -136.356786, 58.692581 ], [ -136.372775, 58.66741 ], [ -136.482395, 58.616739 ], [ -136.459436, 58.60788 ], [ -136.383327, 58.629987 ], [ -136.317193, 58.671231 ], [ -136.246368, 58.663185 ], [ -136.223308, 58.675028 ], [ -136.181596, 58.535019 ], [ -136.100303, 58.500673 ], [ -136.103925, 58.478001 ], [ -136.062165, 58.435795 ], [ -136.041818, 58.380161 ], [ -136.11193, 58.34253 ], [ -136.276769, 58.313894 ], [ -136.305121, 58.328691 ], [ -136.273929, 58.363409 ], [ -136.336728, 58.37757 ], [ -136.382035, 58.362694 ], [ -136.357115, 58.328838 ], [ -136.389964, 58.29707 ], [ -136.6135, 58.347889 ], [ -136.638634, 58.328458 ], [ -136.576799, 58.277951 ], [ -136.567956, 58.245153 ], [ -136.597198, 58.215006 ], [ -136.658638, 58.207323 ], [ -136.70125, 58.219416 ], [ -136.730885, 58.256496 ], [ -136.717093, 58.273508 ], [ -136.730218, 58.286153 ], [ -136.857605, 58.31636 ], [ -136.848992, 58.328994 ], [ -136.946663, 58.393185 ], [ -137.018409, 58.409141 ], [ -137.111802, 58.392594 ], [ -137.568216, 58.587989 ], [ -137.67169, 58.615523 ], [ -137.687627, 58.664989 ], [ -137.928156, 58.780533 ], [ -137.944957, 58.804652 ], [ -137.927624, 58.827187 ], [ -137.932593, 58.868494 ], [ -138.136246, 58.989026 ], [ -138.118853, 59.021307 ], [ -138.636702, 59.130585 ], [ -138.847498, 59.224835 ], [ -139.420168, 59.37976 ], [ -139.855565, 59.53666 ], [ -139.861306, 59.546678 ], [ -139.837817, 59.561984 ], [ -139.785068, 59.564043 ], [ -139.718958, 59.641156 ], [ -139.655218, 59.633497 ], [ -139.67631, 59.611249 ], [ -139.654579, 59.598015 ], [ -139.587135, 59.605959 ], [ -139.585789, 59.642765 ], [ -139.51818, 59.687814 ], [ -139.524011, 59.71251 ], [ -139.59336, 59.721503 ], [ -139.54611, 59.752667 ], [ -139.624665, 59.884388 ], [ -139.616912, 59.911999 ], [ -139.527455, 59.940047 ], [ -139.488702, 59.995034 ], [ -139.505389, 60.039428 ], [ -139.555157, 60.039243 ], [ -139.60579, 59.9556 ], [ -139.705328, 59.934826 ], [ -139.769537, 59.878108 ], [ -139.768612, 59.85116 ], [ -139.801197, 59.832586 ], [ -140.164657, 59.741878 ], [ -140.256351, 59.703052 ], [ -140.3144, 59.698302 ], [ -140.636639, 59.711409 ], [ -140.92722, 59.745709 ], [ -141.156497, 59.813582 ], [ -141.442023, 59.873324 ], [ -141.467528, 59.971272 ], [ -141.530295, 59.977655 ], [ -141.709054, 59.948938 ], [ -141.966178, 60.019129 ], [ -142.537534, 60.083953 ], [ -142.875248, 60.092428 ], [ -143.135616, 60.062082 ], [ -143.624152, 60.037257 ], [ -143.931211, 59.998343 ], [ -144.043536, 60.025174 ], [ -144.052424, 60.047001 ], [ -144.033324, 60.059533 ], [ -144.229803, 60.142788 ], [ -144.253979, 60.182934 ], [ -144.358774, 60.188132 ], [ -144.379225, 60.16909 ], [ -144.441936, 60.163069 ], [ -144.501059, 60.189815 ], [ -144.596256, 60.181666 ], [ -144.654899, 60.204882 ], [ -144.666134, 60.243885 ], [ -144.75345, 60.283515 ], [ -144.942134, 60.289728 ], [ -144.912707, 60.363178 ], [ -144.834059, 60.443751 ], [ -144.848662, 60.455192 ], [ -144.903296, 60.442581 ], [ -145.012409, 60.44792 ], [ -145.181041, 60.407531 ], [ -145.202891, 60.374915 ], [ -145.169934, 60.329987 ], [ -145.112199, 60.2962 ], [ -145.122441, 60.289876 ], [ -145.222896, 60.297911 ], [ -145.364296, 60.335961 ], [ -145.503315, 60.387954 ], [ -145.502351, 60.420811 ], [ -145.594158, 60.45183 ], [ -145.735938, 60.47466 ], [ -145.853469, 60.44563 ], [ -145.96106, 60.465017 ], [ -145.914403, 60.49235 ], [ -145.802387, 60.520173 ], [ -145.712891, 60.583249 ], [ -145.736494, 60.59521 ], [ -145.820659, 60.550051 ], [ -146.109713, 60.470345 ], [ -146.216786, 60.450228 ], [ -146.351292, 60.454293 ], [ -146.350104, 60.40778 ], [ -146.133957, 60.431523 ], [ -146.094249, 60.410296 ], [ -146.19868, 60.359928 ], [ -146.392859, 60.327476 ], [ -146.607295, 60.241182 ], [ -146.64103, 60.240897 ], [ -146.693149, 60.284593 ], [ -146.524194, 60.350667 ], [ -146.575438, 60.357272 ], [ -146.655894, 60.340462 ], [ -146.725114, 60.359939 ], [ -146.721082, 60.396416 ], [ -146.610443, 60.485613 ], [ -146.528853, 60.492135 ], [ -146.455047, 60.465318 ], [ -146.368003, 60.480671 ], [ -146.289686, 60.515692 ], [ -146.155893, 60.526296 ], [ -145.795287, 60.603151 ], [ -145.897785, 60.613653 ], [ -145.897145, 60.651214 ], [ -145.84454, 60.690169 ], [ -145.899208, 60.671118 ], [ -145.937067, 60.63049 ], [ -146.005755, 60.616854 ], [ -145.999198, 60.640832 ], [ -145.901279, 60.715373 ], [ -146.147236, 60.631407 ], [ -146.263142, 60.631932 ], [ -146.27025, 60.648035 ], [ -146.043736, 60.743636 ], [ -146.064557, 60.776944 ], [ -146.16022, 60.726383 ], [ -146.20874, 60.74439 ], [ -146.239512, 60.716889 ], [ -146.303398, 60.713214 ], [ -146.312283, 60.734401 ], [ -146.346573, 60.735747 ], [ -146.402873, 60.693084 ], [ -146.474142, 60.681539 ], [ -146.667754, 60.692761 ], [ -146.703597, 60.741903 ], [ -146.304445, 60.798038 ], [ -146.255415, 60.809962 ], [ -146.171897, 60.862823 ], [ -146.262572, 60.867787 ], [ -146.313757, 60.827833 ], [ -146.394369, 60.812271 ], [ -146.550577, 60.809402 ], [ -146.620419, 60.869019 ], [ -146.664368, 60.870854 ], [ -146.718132, 60.835667 ], [ -146.71979, 60.814475 ], [ -146.800612, 60.80516 ], [ -146.819018, 60.816346 ], [ -146.816305, 60.855628 ], [ -146.774155, 60.876225 ], [ -146.69769, 60.872534 ], [ -146.736025, 60.910301 ], [ -146.745543, 60.957582 ], [ -146.701356, 60.987009 ], [ -146.65343, 61.047752 ], [ -146.661518, 61.060776 ], [ -146.78373, 61.042936 ], [ -146.868826, 60.971448 ], [ -146.973072, 60.934835 ], [ -147.055754, 60.945468 ], [ -147.070552, 60.963312 ], [ -147.047088, 60.991209 ], [ -147.094863, 61.010189 ], [ -147.136884, 60.980968 ], [ -147.135571, 60.946248 ], [ -147.171624, 60.932877 ], [ -147.220809, 60.953121 ], [ -147.221616, 60.983541 ], [ -147.273646, 60.974595 ], [ -147.280437, 60.916963 ], [ -147.378086, 60.877845 ], [ -147.451569, 60.894219 ], [ -147.453406, 60.941468 ], [ -147.47309, 60.957552 ], [ -147.491546, 60.957998 ], [ -147.507268, 60.927235 ], [ -147.493812, 60.912379 ], [ -147.517424, 60.894819 ], [ -147.549756, 60.908009 ], [ -147.534034, 61.03109 ], [ -147.502323, 61.072056 ], [ -147.525097, 61.101176 ], [ -147.558201, 61.099797 ], [ -147.6188, 60.97004 ], [ -147.587309, 60.874463 ], [ -147.602405, 60.849978 ], [ -147.668593, 60.841563 ], [ -147.677292, 60.86996 ], [ -147.665855, 60.883774 ], [ -147.760843, 60.913227 ], [ -147.787115, 60.873511 ], [ -147.750212, 60.852141 ], [ -147.733252, 60.816975 ], [ -147.913399, 60.825152 ], [ -148.033953, 60.783198 ], [ -148.133987, 60.791268 ], [ -148.151597, 60.818122 ], [ -148.101841, 60.899347 ], [ -147.947785, 61.040625 ], [ -147.991241, 61.069533 ], [ -148.065505, 61.003979 ], [ -148.09009, 61.00511 ], [ -148.125128, 61.070698 ], [ -148.149024, 61.076672 ], [ -148.165969, 61.069277 ], [ -148.177649, 60.999608 ], [ -148.19897, 60.971584 ], [ -148.281248, 60.917792 ], [ -148.30971, 60.837737 ], [ -148.35046, 60.803991 ], [ -148.426555, 60.827113 ], [ -148.450122, 60.796405 ], [ -148.431078, 60.771842 ], [ -148.395962, 60.779701 ], [ -148.366407, 60.765833 ], [ -148.384094, 60.687754 ], [ -148.374018, 60.67264 ], [ -148.347881, 60.680327 ], [ -148.269523, 60.757389 ], [ -148.147662, 60.758536 ], [ -148.106987, 60.73977 ], [ -148.093732, 60.661533 ], [ -148.142596, 60.622632 ], [ -148.254852, 60.595124 ], [ -148.292837, 60.565496 ], [ -148.345627, 60.502973 ], [ -148.328987, 60.476182 ], [ -148.255425, 60.49341 ], [ -148.192033, 60.557371 ], [ -148.102747, 60.598026 ], [ -147.979019, 60.519146 ], [ -147.963617, 60.50275 ], [ -147.97725, 60.480937 ], [ -147.941709, 60.444029 ], [ -148.025597, 60.279029 ], [ -148.115864, 60.279522 ], [ -148.150132, 60.29621 ], [ -148.150231, 60.324182 ], [ -148.192669, 60.339103 ], [ -148.216921, 60.331594 ], [ -148.215152, 60.301014 ], [ -148.325572, 60.261824 ], [ -148.3621, 60.221849 ], [ -148.332652, 60.214 ], [ -148.275752, 60.24927 ], [ -148.208328, 60.259342 ], [ -148.192569, 60.241826 ], [ -148.234227, 60.223689 ], [ -148.165099, 60.206173 ], [ -148.139869, 60.241081 ], [ -148.090238, 60.215863 ], [ -148.133624, 60.18839 ], [ -148.126291, 60.167063 ], [ -148.080188, 60.171568 ], [ -148.085791, 60.190041 ], [ -148.051918, 60.202062 ], [ -148.003433, 60.176167 ], [ -148.09723, 60.12012 ], [ -148.121797, 60.073548 ], [ -148.095719, 60.065935 ], [ -148.040178, 60.112361 ], [ -147.961701, 60.1409 ], [ -147.912824, 60.132576 ], [ -147.89232, 60.119515 ], [ -147.892576, 60.101161 ], [ -147.998659, 60.062305 ], [ -148.023817, 60.007108 ], [ -147.986164, 59.999344 ], [ -147.848072, 60.078962 ], [ -147.815238, 60.058562 ], [ -147.863929, 60.006619 ], [ -148.03177, 59.955862 ], [ -148.056373, 59.990423 ], [ -148.153742, 59.954643 ], [ -148.251099, 59.952416 ], [ -148.213497, 59.994643 ], [ -148.128693, 60.003442 ], [ -148.175808, 60.026337 ], [ -148.273844, 60.013318 ], [ -148.317941, 60.028731 ], [ -148.290367, 60.059995 ], [ -148.292816, 60.151289 ], [ -148.316849, 60.165437 ], [ -148.358188, 60.15651 ], [ -148.401204, 59.9976 ], [ -148.445588, 59.963755 ], [ -148.480171, 59.979653 ], [ -148.480436, 59.999394 ], [ -148.508825, 60.002875 ], [ -148.544134, 60.002809 ], [ -148.555253, 59.980657 ], [ -148.635842, 59.939661 ], [ -148.676172, 59.947216 ], [ -148.662712, 59.971825 ], [ -148.725872, 59.963727 ], [ -148.755366, 59.989237 ], [ -148.838304, 59.9499 ], [ -148.884265, 59.955388 ], [ -148.912676, 59.992894 ], [ -148.938327, 59.999074 ], [ -149.01679, 59.976134 ], [ -149.031273, 59.998492 ], [ -149.100687, 59.985727 ], [ -149.072716, 60.019653 ], [ -149.041599, 60.030726 ], [ -149.0587, 60.061419 ], [ -149.204853, 60.009212 ], [ -149.23539, 59.938792 ], [ -149.287588, 59.906506 ], [ -149.327029, 59.987029 ], [ -149.341584, 60.076762 ], [ -149.360414, 60.101665 ], [ -149.393171, 60.099845 ], [ -149.416829, 60.088926 ], [ -149.416829, 59.997934 ], [ -149.462855, 59.950151 ], [ -149.507429, 59.964519 ], [ -149.584254, 59.866905 ], [ -149.511461, 59.806851 ], [ -149.527839, 59.750436 ], [ -149.598813, 59.755895 ], [ -149.706184, 59.910582 ], [ -149.7535, 59.861446 ], [ -149.738941, 59.732237 ], [ -149.778024, 59.68593 ], [ -149.798304, 59.677545 ], [ -149.842672, 59.7013 ], [ -149.839032, 59.752255 ], [ -149.889988, 59.785013 ], [ -149.97734, 59.801391 ], [ -150.028296, 59.788652 ], [ -150.042854, 59.772274 ], [ -149.948223, 59.717678 ], [ -150.002818, 59.683101 ], [ -150.031935, 59.613947 ], [ -150.09563, 59.648524 ], [ -150.108369, 59.603028 ], [ -150.168424, 59.561172 ], [ -150.310371, 59.508397 ], [ -150.343128, 59.512036 ], [ -150.315831, 59.562992 ], [ -150.317651, 59.599389 ], [ -150.355493, 59.598412 ], [ -150.412448, 59.554628 ], [ -150.478742, 59.458498 ], [ -150.521537, 59.467924 ], [ -150.516286, 59.486778 ], [ -150.550245, 59.527026 ], [ -150.537248, 59.581108 ], [ -150.556114, 59.590331 ], [ -150.60223, 59.545891 ], [ -150.639543, 59.547149 ], [ -150.631577, 59.521575 ], [ -150.579595, 59.47954 ], [ -150.581182, 59.445233 ], [ -150.601162, 59.425657 ], [ -150.650046, 59.420885 ], [ -150.667211, 59.4579 ], [ -150.716564, 59.450849 ], [ -150.769853, 59.372966 ], [ -150.911598, 59.311614 ], [ -150.887821, 59.26792 ], [ -150.942212, 59.233136 ], [ -151.001196, 59.224149 ], [ -150.999063, 59.271082 ], [ -151.023097, 59.269045 ], [ -151.057756, 59.301721 ], [ -151.105635, 59.263143 ], [ -151.102395, 59.228713 ], [ -151.126247, 59.209923 ], [ -151.186254, 59.202813 ], [ -151.206053, 59.219319 ], [ -151.280544, 59.230476 ], [ -151.305724, 59.209544 ], [ -151.379612, 59.242024 ], [ -151.407203, 59.279349 ], [ -151.449207, 59.248457 ], [ -151.525127, 59.224947 ], [ -151.499592, 59.207839 ], [ -151.502657, 59.195071 ], [ -151.574664, 59.195327 ], [ -151.580351, 59.165233 ], [ -151.739068, 59.156005 ], [ -151.764908, 59.17551 ], [ -151.761301, 59.221327 ], [ -151.874356, 59.211931 ], [ -151.915684, 59.227522 ], [ -151.905106, 59.247075 ], [ -151.978748, 59.253779 ], [ -151.991618, 59.313617 ], [ -151.96313, 59.344958 ], [ -151.903021, 59.360454 ], [ -151.887102, 59.382532 ], [ -151.908015, 59.395274 ], [ -151.886513, 59.421033 ], [ -151.770875, 59.447917 ], [ -151.728486, 59.439679 ], [ -151.694726, 59.46837 ], [ -151.634472, 59.482443 ], [ -151.470992, 59.47225 ], [ -151.46963, 59.502811 ], [ -151.420966, 59.537728 ], [ -151.272459, 59.555823 ], [ -151.274795, 59.596986 ], [ -151.201678, 59.591503 ], [ -151.208364, 59.562061 ], [ -151.192803, 59.562432 ], [ -151.158254, 59.594141 ], [ -151.188032, 59.608687 ], [ -151.203186, 59.645989 ], [ -151.126122, 59.668336 ], [ -151.098253, 59.709442 ], [ -150.927312, 59.793431 ], [ -151.063758, 59.793146 ], [ -151.329812, 59.683644 ], [ -151.42484, 59.670521 ], [ -151.448669, 59.648171 ], [ -151.503822, 59.633662 ], [ -151.686486, 59.660864 ], [ -151.829137, 59.720151 ], [ -151.859327, 59.749567 ], [ -151.867713, 59.778411 ], [ -151.803059, 59.878533 ], [ -151.757693, 59.917637 ], [ -151.702898, 60.032253 ], [ -151.421702, 60.212931 ], [ -151.387919, 60.267066 ], [ -151.377281, 60.365522 ], [ -151.299782, 60.385481 ], [ -151.264461, 60.543263 ], [ -151.330409, 60.580539 ], [ -151.40927, 60.720558 ], [ -151.279635, 60.747676 ], [ -151.252902, 60.773993 ], [ -151.037007, 60.793649 ], [ -150.678438, 60.958267 ], [ -150.401859, 61.036227 ], [ -150.353702, 61.031822 ], [ -150.244072, 60.938585 ], [ -150.04557, 60.910004 ], [ -149.912166, 60.937843 ], [ -149.853693, 60.967395 ], [ -149.753082, 60.962059 ], [ -149.735376, 60.987813 ], [ -149.739692, 61.016961 ], [ -149.831922, 61.076197 ], [ -150.075451, 61.156269 ], [ -149.987002, 61.222753 ], [ -149.985874, 61.237515 ], [ -150.204894, 61.259548 ], [ -150.468812, 61.244627 ], [ -150.655804, 61.298173 ], [ -150.711291, 61.251089 ], [ -150.941944, 61.209947 ], [ -151.024905, 61.178391 ], [ -151.166606, 61.046404 ], [ -151.293622, 61.035715 ], [ -151.349004, 61.010004 ], [ -151.4803, 61.010902 ], [ -151.713913, 60.916546 ], [ -151.800264, 60.853672 ], [ -151.703802, 60.732376 ], [ -151.710444, 60.712657 ], [ -151.803814, 60.729004 ], [ -151.851967, 60.754074 ], [ -151.864958, 60.750458 ], [ -151.848614, 60.733976 ], [ -151.870471, 60.727284 ], [ -151.916914, 60.717916 ], [ -151.918758, 60.73227 ], [ -151.944439, 60.73305 ], [ -152.079433, 60.692804 ], [ -152.13616, 60.578475 ], [ -152.261497, 60.538237 ], [ -152.331365, 60.473525 ], [ -152.312226, 60.420397 ], [ -152.234199, 60.393888 ], [ -152.366213, 60.353304 ], [ -152.411281, 60.287864 ], [ -152.481794, 60.274681 ], [ -152.556752, 60.224217 ], [ -152.624648, 60.218687 ], [ -152.670403, 60.24432 ], [ -152.747026, 60.233311 ], [ -152.754884, 60.202901 ], [ -152.734251, 60.174801 ], [ -152.678085, 60.163504 ], [ -152.686373, 60.137717 ], [ -152.596784, 60.101071 ], [ -152.569121, 60.071748 ], [ -152.611651, 60.008521 ], [ -152.679402, 59.968054 ], [ -152.706431, 59.915284 ], [ -152.793584, 59.89672 ], [ -152.810058, 59.878322 ], [ -153.019977, 59.88623 ], [ -153.144747, 59.859829 ], [ -153.212865, 59.862784 ], [ -153.285802, 59.820535 ], [ -153.257736, 59.810807 ], [ -153.197352, 59.824827 ], [ -153.144372, 59.807616 ], [ -153.088515, 59.833376 ], [ -153.009084, 59.830643 ], [ -152.994466, 59.791261 ], [ -153.051559, 59.691562 ], [ -153.12174, 59.678009 ], [ -153.214156, 59.634271 ], [ -153.253408, 59.638415 ], [ -153.286525, 59.670251 ], [ -153.315123, 59.664896 ], [ -153.298205, 59.636345 ], [ -153.308837, 59.625706 ], [ -153.409422, 59.636328 ], [ -153.415507, 59.650918 ], [ -153.384886, 59.667188 ], [ -153.374778, 59.731587 ], [ -153.454972, 59.792099 ], [ -153.441214, 59.701316 ], [ -153.464556, 59.651712 ], [ -153.542466, 59.630236 ], [ -153.586518, 59.651541 ], [ -153.610739, 59.628341 ], [ -153.553163, 59.597046 ], [ -153.577828, 59.555991 ], [ -153.76148, 59.543411 ], [ -153.766242, 59.522342 ], [ -153.699025, 59.463603 ], [ -153.727546, 59.435346 ], [ -153.896576, 59.418486 ], [ -153.945539, 59.386061 ], [ -153.990003, 59.396777 ], [ -154.117672, 59.365508 ], [ -154.103014, 59.342719 ], [ -154.033703, 59.343999 ], [ -154.030807, 59.32704 ], [ -154.113577, 59.299627 ], [ -154.13684, 59.262666 ], [ -154.130585, 59.210503 ], [ -154.172944, 59.172496 ], [ -154.263291, 59.138462 ], [ -154.251233, 59.111239 ], [ -154.227238, 59.125407 ], [ -154.173669, 59.1202 ], [ -154.166406, 59.090582 ], [ -154.197422, 59.061155 ], [ -154.159835, 59.010595 ], [ -154.063489, 59.07214 ], [ -153.850238, 59.052917 ], [ -153.802782, 59.072224 ], [ -153.750936, 59.05284 ], [ -153.704162, 59.07578 ], [ -153.616066, 59.006737 ], [ -153.523522, 58.979221 ], [ -153.479939, 58.995286 ], [ -153.398479, 58.966056 ], [ -153.365371, 58.927753 ], [ -153.33478, 58.920521 ], [ -153.302433, 58.871212 ], [ -153.25225, 58.85585 ], [ -153.350964, 58.843551 ], [ -153.385126, 58.766173 ], [ -153.426641, 58.721127 ], [ -153.55265, 58.687176 ], [ -153.601257, 58.634633 ], [ -153.677597, 58.611603 ], [ -153.897155, 58.606237 ], [ -153.909588, 58.514562 ], [ -153.930473, 58.497482 ], [ -154.065121, 58.48643 ], [ -154.075235, 58.458106 ], [ -154.055759, 58.418782 ], [ -153.985416, 58.390877 ], [ -154.097254, 58.345322 ], [ -154.167997, 58.358378 ], [ -154.177161, 58.32147 ], [ -154.103412, 58.280161 ], [ -154.145277, 58.210931 ], [ -154.219755, 58.184631 ], [ -154.241874, 58.156328 ], [ -154.210078, 58.136062 ], [ -154.291163, 58.13568 ], [ -154.340449, 58.090921 ], [ -154.42657, 58.144901 ], [ -154.460121, 58.146067 ], [ -154.449212, 58.093218 ], [ -154.462929, 58.05835 ], [ -154.539367, 58.055887 ], [ -154.581547, 58.019285 ], [ -154.643965, 58.033147 ], [ -154.646223, 58.060141 ], [ -154.668895, 58.065272 ], [ -154.716162, 58.055256 ], [ -154.730726, 58.021837 ], [ -154.774719, 58.002168 ], [ -154.876559, 58.027722 ], [ -154.990431, 58.013424 ], [ -155.118648, 57.953925 ], [ -155.061806, 57.90433 ], [ -155.082139, 57.872248 ], [ -155.237933, 57.827131 ], [ -155.338153, 57.825384 ], [ -155.334944, 57.780692 ], [ -155.284691, 57.757388 ], [ -155.305814, 57.72405 ], [ -155.37861, 57.710766 ], [ -155.545676, 57.786769 ], [ -155.596857, 57.783539 ], [ -155.617188, 57.769715 ], [ -155.635323, 57.715441 ], [ -155.615203, 57.688074 ], [ -155.629912, 57.656376 ], [ -155.724167, 57.633445 ], [ -155.732779, 57.549732 ], [ -155.915261, 57.535331 ], [ -156.033806, 57.569883 ], [ -156.048584, 57.500808 ], [ -156.014396, 57.455285 ], [ -156.021875, 57.43966 ], [ -156.091668, 57.439829 ], [ -156.13748, 57.471734 ], [ -156.19574, 57.480059 ], [ -156.226886, 57.440667 ], [ -156.339425, 57.417641 ], [ -156.481632, 57.338705 ], [ -156.533544, 57.328527 ], [ -156.551239, 57.2908 ], [ -156.538684, 57.283041 ], [ -156.336427, 57.336081 ], [ -156.32191, 57.293369 ], [ -156.342943, 57.248056 ], [ -156.376507, 57.252284 ], [ -156.401488, 57.233169 ], [ -156.388592, 57.20662 ], [ -156.334404, 57.1823 ], [ -156.368524, 57.149986 ], [ -156.43511, 57.12743 ], [ -156.456497, 57.106041 ], [ -156.441599, 57.085158 ], [ -156.535587, 57.047905 ], [ -156.562827, 57.020314 ], [ -156.55052, 56.98461 ], [ -156.753642, 56.991225 ], [ -156.7869, 56.965035 ], [ -156.79731, 56.911717 ], [ -156.825982, 56.897667 ], [ -156.882893, 56.962582 ], [ -156.918796, 56.963583 ], [ -156.935692, 56.954873 ], [ -156.935629, 56.920087 ], [ -157.015665, 56.898486 ], [ -157.073453, 56.838345 ], [ -157.159494, 56.833477 ], [ -157.140277, 56.790874 ], [ -157.183636, 56.769079 ], [ -157.283764, 56.800766 ], [ -157.378771, 56.861696 ], [ -157.436932, 56.858522 ], [ -157.472407, 56.833356 ], [ -157.457622, 56.804291 ], [ -157.41856, 56.799821 ], [ -157.41344, 56.769185 ], [ -157.517478, 56.760839 ], [ -157.563802, 56.703426 ], [ -157.542295, 56.67532 ], [ -157.479153, 56.67008 ], [ -157.45216, 56.64322 ], [ -157.466497, 56.623266 ], [ -157.674587, 56.609507 ], [ -157.754141, 56.679468 ], [ -157.920045, 56.658636 ], [ -158.042012, 56.596744 ], [ -158.042839, 56.58185 ], [ -158.001041, 56.572097 ], [ -157.906647, 56.590925 ], [ -157.83842, 56.56076 ], [ -157.817826, 56.51421 ], [ -157.859766, 56.483668 ], [ -157.954625, 56.515845 ], [ -158.112276, 56.521322 ], [ -158.131729, 56.501944 ], [ -158.111603, 56.49011 ], [ -158.12744, 56.460805 ], [ -158.328798, 56.484208 ], [ -158.402954, 56.455193 ], [ -158.498837, 56.38011 ], [ -158.489546, 56.341865 ], [ -158.322563, 56.325242 ], [ -158.203083, 56.283833 ], [ -158.253331, 56.253125 ], [ -158.334506, 56.23294 ], [ -158.339765, 56.217807 ], [ -158.264792, 56.209597 ], [ -158.112718, 56.240286 ], [ -158.374324, 56.134522 ], [ -158.395996, 56.109834 ], [ -158.398324, 56.062957 ], [ -158.424451, 56.068899 ], [ -158.432229, 56.102881 ], [ -158.46181, 56.106644 ], [ -158.472706, 56.087583 ], [ -158.417889, 56.036796 ], [ -158.413645, 56.004951 ], [ -158.43933, 55.99362 ], [ -158.467335, 56.027219 ], [ -158.501967, 56.02517 ], [ -158.495114, 55.989207 ], [ -158.50984, 55.979617 ], [ -158.598367, 56.048822 ], [ -158.594188, 56.110445 ], [ -158.574659, 56.11864 ], [ -158.600405, 56.130444 ], [ -158.659738, 56.098553 ], [ -158.660914, 56.034928 ], [ -158.636689, 56.005007 ], [ -158.653214, 55.958615 ], [ -158.673246, 55.951485 ], [ -158.74856, 55.959365 ], [ -158.729567, 56.002854 ], [ -158.747305, 56.009908 ], [ -158.854132, 56.003343 ], [ -158.909396, 55.934887 ], [ -159.374842, 55.871522 ], [ -159.400096, 55.852357 ], [ -159.411505, 55.788911 ], [ -159.470216, 55.828911 ], [ -159.453945, 55.89682 ], [ -159.493883, 55.900109 ], [ -159.534415, 55.881299 ], [ -159.498022, 55.855299 ], [ -159.494404, 55.765798 ], [ -159.551432, 55.711543 ], [ -159.530117, 55.665394 ], [ -159.545115, 55.646517 ], [ -159.61777, 55.595798 ], [ -159.696713, 55.573306 ], [ -159.733899, 55.569985 ], [ -159.744495, 55.600018 ] ] ], [ [ [ -155.589157, 55.761887 ], [ -155.718597, 55.772358 ], [ -155.75, 55.82185 ], [ -155.663374, 55.860488 ], [ -155.62056, 55.907509 ], [ -155.568207, 55.907509 ], [ -155.559895, 55.882898 ], [ -155.584396, 55.848499 ], [ -155.566315, 55.78949 ], [ -155.589157, 55.761887 ] ] ], [ [ [ -154.633586, 56.471817 ], [ -154.742887, 56.401678 ], [ -154.775766, 56.404075 ], [ -154.805481, 56.427488 ], [ -154.70614, 56.521273 ], [ -154.524629, 56.603925 ], [ -154.449965, 56.600361 ], [ -154.402289, 56.580543 ], [ -154.391294, 56.557931 ], [ -154.633586, 56.471817 ] ] ], [ [ [ -156.972896, 56.536505 ], [ -157.113193, 56.552658 ], [ -157.168777, 56.53021 ], [ -157.328898, 56.528155 ], [ -157.250098, 56.582142 ], [ -157.077383, 56.579035 ], [ -156.972896, 56.536505 ] ] ], [ [ [ -153.993909, 56.501796 ], [ -154.163987, 56.507844 ], [ -154.232464, 56.491052 ], [ -154.343096, 56.510171 ], [ -154.362361, 56.542512 ], [ -154.310913, 56.585447 ], [ -154.244234, 56.609194 ], [ -154.103243, 56.617695 ], [ -154.025334, 56.551763 ], [ -153.870804, 56.558015 ], [ -153.887678, 56.533637 ], [ -153.993909, 56.501796 ] ] ], [ [ [ -162.440229, 63.622491 ], [ -162.424205, 63.636215 ], [ -162.374243, 63.626425 ], [ -162.341892, 63.594062 ], [ -162.345179, 63.551785 ], [ -162.614949, 63.540601 ], [ -162.707559, 63.577607 ], [ -162.558234, 63.634308 ], [ -162.440229, 63.622491 ] ] ], [ [ [ -134.125521, 55.902095 ], [ -134.208251, 55.876709 ], [ -134.282453, 55.828667 ], [ -134.344418, 55.843198 ], [ -134.336063, 55.926614 ], [ -134.230613, 55.905629 ], [ -134.122839, 55.918654 ], [ -134.125521, 55.902095 ] ] ], [ [ [ -134.915911, 56.360555 ], [ -135.058238, 56.529453 ], [ -135.045054, 56.583392 ], [ -134.967164, 56.603026 ], [ -134.979386, 56.627676 ], [ -135.029747, 56.628918 ], [ -135.118709, 56.597728 ], [ -135.175826, 56.677876 ], [ -135.27491, 56.701633 ], [ -135.305077, 56.726382 ], [ -135.318082, 56.748688 ], [ -135.280875, 56.768357 ], [ -135.398678, 56.779201 ], [ -135.408542, 56.826014 ], [ -135.368899, 56.892589 ], [ -135.332356, 56.913951 ], [ -135.379725, 56.953039 ], [ -135.383376, 56.981544 ], [ -135.329492, 57.004507 ], [ -135.31278, 57.044984 ], [ -135.3741, 57.045391 ], [ -135.36571, 57.066062 ], [ -135.401721, 57.098654 ], [ -135.422746, 57.167724 ], [ -135.372441, 57.198063 ], [ -135.358715, 57.243776 ], [ -135.477683, 57.256824 ], [ -135.552574, 57.233194 ], [ -135.601782, 57.300772 ], [ -135.695563, 57.35746 ], [ -135.639556, 57.371883 ], [ -135.633654, 57.399102 ], [ -135.554548, 57.426636 ], [ -135.562234, 57.44272 ], [ -135.534221, 57.450252 ], [ -135.548794, 57.508977 ], [ -135.419205, 57.564159 ], [ -135.355749, 57.553568 ], [ -135.294491, 57.510836 ], [ -135.308458, 57.495201 ], [ -135.297784, 57.483721 ], [ -135.209123, 57.488753 ], [ -135.145949, 57.439049 ], [ -135.06505, 57.418972 ], [ -134.849477, 57.40967 ], [ -134.806352, 57.341888 ], [ -134.812769, 57.299765 ], [ -134.829365, 57.294098 ], [ -134.88478, 57.330003 ], [ -134.951267, 57.32866 ], [ -134.955014, 57.309433 ], [ -134.879535, 57.288177 ], [ -134.841774, 57.248588 ], [ -134.73788, 57.009935 ], [ -134.740135, 56.948481 ], [ -134.695735, 56.900791 ], [ -134.699099, 56.850864 ], [ -134.633997, 56.728722 ], [ -134.615955, 56.637289 ], [ -134.626943, 56.553868 ], [ -134.639732, 56.538835 ], [ -134.671047, 56.5412 ], [ -134.636506, 56.405625 ], [ -134.634668, 56.265832 ], [ -134.668151, 56.167026 ], [ -134.806163, 56.235533 ], [ -134.839411, 56.309403 ], [ -134.915911, 56.360555 ] ] ], [ [ [ -135.658859, 57.247964 ], [ -135.621346, 57.223693 ], [ -135.5986, 57.14536 ], [ -135.565707, 57.147312 ], [ -135.574693, 57.094339 ], [ -135.65054, 57.015139 ], [ -135.821915, 56.988215 ], [ -135.857028, 56.997287 ], [ -135.83489, 57.091387 ], [ -135.755997, 57.121225 ], [ -135.735405, 57.155403 ], [ -135.824388, 57.192862 ], [ -135.828831, 57.301981 ], [ -135.860558, 57.330854 ], [ -135.730323, 57.337286 ], [ -135.703464, 57.32204 ], [ -135.688233, 57.276143 ], [ -135.657272, 57.262027 ], [ -135.658859, 57.247964 ] ] ], [ [ [ -152.342674, 57.762306 ], [ -152.443786, 57.776142 ], [ -152.497314, 57.738596 ], [ -152.467679, 57.68139 ], [ -152.44303, 57.668049 ], [ -152.394474, 57.684665 ], [ -152.467756, 57.598221 ], [ -152.439667, 57.590399 ], [ -152.322733, 57.623402 ], [ -152.152393, 57.619485 ], [ -152.163996, 57.584607 ], [ -152.29147, 57.517103 ], [ -152.326134, 57.441514 ], [ -152.361592, 57.427761 ], [ -152.495215, 57.452379 ], [ -152.517004, 57.432184 ], [ -152.600375, 57.468833 ], [ -152.684413, 57.466597 ], [ -152.743084, 57.50571 ], [ -152.809036, 57.494505 ], [ -152.954939, 57.520449 ], [ -152.967222, 57.509993 ], [ -152.94901, 57.498212 ], [ -152.762676, 57.45756 ], [ -152.620377, 57.401601 ], [ -152.601148, 57.382165 ], [ -152.606522, 57.36366 ], [ -152.630441, 57.322668 ], [ -152.695698, 57.281318 ], [ -152.774155, 57.290432 ], [ -152.818187, 57.265368 ], [ -152.886384, 57.291337 ], [ -152.909051, 57.324222 ], [ -153.008525, 57.339733 ], [ -153.079288, 57.32196 ], [ -153.11628, 57.297312 ], [ -153.096133, 57.286866 ], [ -153.015994, 57.300231 ], [ -152.943463, 57.256956 ], [ -153.056971, 57.214756 ], [ -153.201722, 57.221679 ], [ -153.213802, 57.205059 ], [ -153.123865, 57.175445 ], [ -152.949333, 57.187346 ], [ -152.869797, 57.150849 ], [ -152.911371, 57.126813 ], [ -153.118673, 57.091033 ], [ -153.18001, 57.094523 ], [ -153.220953, 57.068239 ], [ -153.200217, 57.042039 ], [ -153.235282, 57.007398 ], [ -153.312583, 56.991486 ], [ -153.348707, 57.008373 ], [ -153.324265, 57.043308 ], [ -153.365239, 57.07208 ], [ -153.402608, 57.070092 ], [ -153.380389, 57.120468 ], [ -153.284012, 57.173867 ], [ -153.310143, 57.194426 ], [ -153.36818, 57.185337 ], [ -153.49885, 57.065363 ], [ -153.577006, 57.093177 ], [ -153.654497, 57.084602 ], [ -153.675736, 57.054778 ], [ -153.580831, 57.049048 ], [ -153.543429, 56.995245 ], [ -153.556762, 56.968862 ], [ -153.600664, 56.942629 ], [ -153.701197, 56.926394 ], [ -153.730713, 56.893996 ], [ -153.695896, 56.881009 ], [ -153.696693, 56.861519 ], [ -153.778199, 56.834386 ], [ -153.807353, 56.848584 ], [ -153.849289, 56.838915 ], [ -153.924041, 56.767216 ], [ -153.97178, 56.744861 ], [ -154.016213, 56.743466 ], [ -154.050518, 56.763523 ], [ -154.148745, 56.745677 ], [ -154.067425, 56.845303 ], [ -153.850464, 56.957278 ], [ -153.902802, 56.968445 ], [ -153.976871, 56.955144 ], [ -153.976869, 56.996831 ], [ -153.932221, 57.06297 ], [ -153.804787, 57.113158 ], [ -153.779087, 57.158821 ], [ -153.982792, 57.066277 ], [ -154.076623, 56.970589 ], [ -154.165409, 56.943244 ], [ -154.21211, 56.909749 ], [ -154.231771, 56.872294 ], [ -154.305713, 56.846871 ], [ -154.300002, 56.892252 ], [ -154.312888, 56.918673 ], [ -154.40749, 56.968334 ], [ -154.524695, 56.991623 ], [ -154.515213, 57.077985 ], [ -154.529844, 57.168882 ], [ -154.574343, 57.239919 ], [ -154.613723, 57.2678 ], [ -154.79384, 57.288862 ], [ -154.74309, 57.31477 ], [ -154.69331, 57.446085 ], [ -154.629678, 57.510197 ], [ -154.540923, 57.539621 ], [ -154.52206, 57.577786 ], [ -154.468328, 57.570339 ], [ -154.344244, 57.630901 ], [ -154.196959, 57.664639 ], [ -153.983015, 57.649835 ], [ -153.982199, 57.553156 ], [ -153.929265, 57.533253 ], [ -153.8958, 57.422108 ], [ -153.795299, 57.349047 ], [ -153.773191, 57.372442 ], [ -153.874177, 57.447817 ], [ -153.888891, 57.504682 ], [ -153.87595, 57.542769 ], [ -153.813136, 57.588581 ], [ -153.877756, 57.629529 ], [ -153.874286, 57.64611 ], [ -153.667261, 57.639008 ], [ -153.648693, 57.654125 ], [ -153.862886, 57.706943 ], [ -153.930279, 57.696791 ], [ -153.93522, 57.813047 ], [ -153.755054, 57.883565 ], [ -153.648798, 57.880103 ], [ -153.571362, 57.832101 ], [ -153.550823, 57.78689 ], [ -153.554226, 57.72245 ], [ -153.515205, 57.716505 ], [ -153.469892, 57.766536 ], [ -153.462463, 57.795292 ], [ -153.480377, 57.814665 ], [ -153.479457, 57.84202 ], [ -153.35358, 57.809731 ], [ -153.322687, 57.83619 ], [ -153.328137, 57.849851 ], [ -153.462011, 57.880588 ], [ -153.528697, 57.921717 ], [ -153.520392, 57.963387 ], [ -153.484603, 57.9765 ], [ -153.273676, 57.890408 ], [ -153.122513, 57.856639 ], [ -153.089419, 57.865233 ], [ -153.270325, 57.958566 ], [ -153.302198, 57.991706 ], [ -153.23473, 57.996972 ], [ -153.069857, 57.934428 ], [ -153.024425, 57.956954 ], [ -152.876197, 57.932446 ], [ -152.856284, 57.947385 ], [ -152.855096, 57.994501 ], [ -152.723425, 57.99172 ], [ -152.751978, 57.933466 ], [ -152.902633, 57.830146 ], [ -152.916334, 57.771216 ], [ -152.874498, 57.737961 ], [ -152.850336, 57.740041 ], [ -152.849997, 57.821462 ], [ -152.822543, 57.843203 ], [ -152.790211, 57.858058 ], [ -152.753437, 57.834452 ], [ -152.725302, 57.8354 ], [ -152.625607, 57.881232 ], [ -152.641805, 57.902499 ], [ -152.635378, 57.91861 ], [ -152.587705, 57.926961 ], [ -152.585985, 57.908101 ], [ -152.549661, 57.900137 ], [ -152.470336, 57.962099 ], [ -152.421408, 57.975683 ], [ -152.411618, 57.969282 ], [ -152.437416, 57.936978 ], [ -152.324103, 57.916604 ], [ -152.364777, 57.883921 ], [ -152.414977, 57.902231 ], [ -152.468511, 57.888621 ], [ -152.429326, 57.820114 ], [ -152.351152, 57.834768 ], [ -152.324284, 57.824444 ], [ -152.310927, 57.783452 ], [ -152.342674, 57.762306 ] ] ], [ [ [ -135.596769, 57.889705 ], [ -135.377758, 57.802212 ], [ -135.328887, 57.74842 ], [ -135.29156, 57.737468 ], [ -135.201461, 57.728171 ], [ -135.098422, 57.754898 ], [ -135.024837, 57.74299 ], [ -134.97812, 57.763125 ], [ -134.929726, 57.759203 ], [ -134.918167, 57.682272 ], [ -134.867433, 57.623439 ], [ -134.824891, 57.500067 ], [ -134.90268, 57.459349 ], [ -135.084338, 57.464671 ], [ -135.242855, 57.546302 ], [ -135.571606, 57.674397 ], [ -135.650701, 57.65252 ], [ -135.684951, 57.677508 ], [ -135.712317, 57.672648 ], [ -135.660902, 57.629196 ], [ -135.592778, 57.602474 ], [ -135.546143, 57.613826 ], [ -135.511012, 57.595906 ], [ -135.587475, 57.568829 ], [ -135.578215, 57.516445 ], [ -135.549627, 57.482016 ], [ -135.553903, 57.45487 ], [ -135.610454, 57.442232 ], [ -135.626558, 57.409961 ], [ -135.664449, 57.407229 ], [ -135.669416, 57.389296 ], [ -135.711401, 57.36776 ], [ -135.84381, 57.390896 ], [ -135.892131, 57.408048 ], [ -135.896979, 57.440719 ], [ -136.014529, 57.506227 ], [ -136.030458, 57.52154 ], [ -136.001717, 57.544499 ], [ -136.061747, 57.592068 ], [ -136.130611, 57.624607 ], [ -136.207876, 57.638107 ], [ -136.314631, 57.758703 ], [ -136.309429, 57.779465 ], [ -136.365052, 57.828561 ], [ -136.458829, 57.853901 ], [ -136.484259, 57.89646 ], [ -136.572045, 57.918469 ], [ -136.559999, 58.063358 ], [ -136.538708, 58.093482 ], [ -136.469272, 58.096868 ], [ -136.420449, 58.131857 ], [ -136.375338, 58.208714 ], [ -136.387114, 58.252414 ], [ -136.377329, 58.268328 ], [ -136.287765, 58.267373 ], [ -136.277477, 58.208856 ], [ -136.235246, 58.154416 ], [ -136.190155, 58.161301 ], [ -136.203642, 58.174416 ], [ -136.162108, 58.218724 ], [ -136.03616, 58.21921 ], [ -136.03303, 58.205462 ], [ -135.976386, 58.202029 ], [ -135.914178, 58.244073 ], [ -135.801133, 58.287716 ], [ -135.7351, 58.240213 ], [ -135.589198, 58.213677 ], [ -135.497911, 58.168882 ], [ -135.540712, 58.10175 ], [ -135.651368, 58.036484 ], [ -135.621582, 57.984623 ], [ -135.581753, 57.997568 ], [ -135.563434, 58.043491 ], [ -135.451444, 58.134348 ], [ -135.411777, 58.145473 ], [ -135.275797, 58.097024 ], [ -135.108896, 58.08827 ], [ -135.0707, 58.061242 ], [ -134.967723, 58.047625 ], [ -134.912854, 57.979287 ], [ -134.926395, 57.921919 ], [ -135.004952, 57.884338 ], [ -135.140674, 57.926114 ], [ -135.173712, 57.919399 ], [ -135.146717, 57.891656 ], [ -135.06572, 57.869451 ], [ -134.949436, 57.805027 ], [ -135.02337, 57.780537 ], [ -135.225158, 57.777783 ], [ -135.552802, 57.902711 ], [ -135.596769, 57.889705 ] ] ], [ [ [ -134.192724, 58.107685 ], [ -134.183983, 58.077295 ], [ -134.091885, 58.010777 ], [ -134.101125, 57.98407 ], [ -133.999948, 57.91481 ], [ -133.963791, 57.854628 ], [ -133.904874, 57.807406 ], [ -133.896846, 57.685524 ], [ -133.808285, 57.609604 ], [ -133.81164, 57.572365 ], [ -133.840838, 57.576865 ], [ -133.863112, 57.623701 ], [ -133.994964, 57.719821 ], [ -134.03082, 57.818646 ], [ -134.098628, 57.85055 ], [ -134.132146, 57.896189 ], [ -134.202353, 57.90633 ], [ -134.206874, 57.895901 ], [ -134.105408, 57.795974 ], [ -134.100899, 57.776779 ], [ -134.146342, 57.760258 ], [ -134.1277, 57.739216 ], [ -134.020169, 57.656734 ], [ -133.935976, 57.614414 ], [ -133.943417, 57.561555 ], [ -133.857368, 57.463964 ], [ -133.927539, 57.46957 ], [ -133.867279, 57.36206 ], [ -133.968495, 57.303937 ], [ -134.034563, 57.327638 ], [ -134.094891, 57.326401 ], [ -134.080495, 57.297678 ], [ -134.110315, 57.249948 ], [ -134.193629, 57.184879 ], [ -134.378359, 57.115016 ], [ -134.370797, 57.099924 ], [ -134.386052, 57.087392 ], [ -134.497718, 57.031194 ], [ -134.601407, 57.033812 ], [ -134.634565, 57.109863 ], [ -134.646773, 57.226327 ], [ -134.605032, 57.273 ], [ -134.517279, 57.314567 ], [ -134.574114, 57.341172 ], [ -134.578511, 57.400291 ], [ -134.527594, 57.405331 ], [ -134.527873, 57.389874 ], [ -134.486023, 57.372492 ], [ -134.464032, 57.392184 ], [ -134.607557, 57.513042 ], [ -134.595981, 57.534107 ], [ -134.611177, 57.563137 ], [ -134.674438, 57.614409 ], [ -134.700518, 57.695966 ], [ -134.731798, 57.721921 ], [ -134.705869, 57.828929 ], [ -134.746108, 57.898529 ], [ -134.758833, 57.980212 ], [ -134.796804, 58.058855 ], [ -134.784927, 58.096793 ], [ -134.857221, 58.176288 ], [ -134.914857, 58.214932 ], [ -134.969189, 58.367542 ], [ -134.960502, 58.403758 ], [ -134.806116, 58.321284 ], [ -134.779354, 58.281279 ], [ -134.729861, 58.273512 ], [ -134.699956, 58.161494 ], [ -134.631434, 58.162198 ], [ -134.559241, 58.195121 ], [ -134.519644, 58.175771 ], [ -134.32736, 58.14388 ], [ -134.177467, 58.15964 ], [ -134.167257, 58.128577 ], [ -134.192724, 58.107685 ] ] ], [ [ [ -152.273605, 58.12563 ], [ -152.482674, 58.129813 ], [ -152.530388, 58.087766 ], [ -152.554461, 58.08462 ], [ -152.569595, 58.1148 ], [ -152.559884, 58.170941 ], [ -152.584222, 58.187477 ], [ -152.631214, 58.081924 ], [ -152.706831, 58.050577 ], [ -152.771303, 58.046883 ], [ -152.792041, 58.072665 ], [ -152.983857, 58.134358 ], [ -153.075746, 58.099571 ], [ -153.020589, 58.045202 ], [ -152.871416, 57.997157 ], [ -152.947547, 57.983519 ], [ -153.097462, 58.004516 ], [ -153.218115, 58.043909 ], [ -153.365574, 58.039052 ], [ -153.419783, 58.059638 ], [ -153.316127, 58.14039 ], [ -153.281874, 58.147555 ], [ -153.156402, 58.090087 ], [ -153.14874, 58.106121 ], [ -153.167605, 58.127818 ], [ -153.223709, 58.16212 ], [ -153.202801, 58.20808 ], [ -153.170101, 58.216704 ], [ -153.060846, 58.194502 ], [ -153.000579, 58.211768 ], [ -153.101841, 58.257938 ], [ -153.044316, 58.306336 ], [ -152.94127, 58.279614 ], [ -152.878858, 58.288533 ], [ -152.869811, 58.304906 ], [ -152.91245, 58.307191 ], [ -152.93644, 58.334923 ], [ -152.895407, 58.345305 ], [ -152.821964, 58.328501 ], [ -152.774048, 58.366826 ], [ -152.839234, 58.372477 ], [ -152.88886, 58.409384 ], [ -152.812207, 58.403464 ], [ -152.733845, 58.460662 ], [ -152.610955, 58.475775 ], [ -152.600534, 58.494946 ], [ -152.653673, 58.506572 ], [ -152.66622, 58.544087 ], [ -152.665999, 58.564493 ], [ -152.61613, 58.601852 ], [ -152.56771, 58.621304 ], [ -152.545009, 58.594253 ], [ -152.50282, 58.593451 ], [ -152.453817, 58.618515 ], [ -152.337964, 58.637404 ], [ -152.337212, 58.589095 ], [ -152.372317, 58.531175 ], [ -152.418267, 58.515244 ], [ -152.505516, 58.441876 ], [ -152.493991, 58.354684 ], [ -152.364682, 58.364613 ], [ -152.34486, 58.39163 ], [ -152.35609, 58.42347 ], [ -152.320554, 58.433829 ], [ -152.227835, 58.376424 ], [ -152.224965, 58.357372 ], [ -152.200953, 58.355332 ], [ -152.129257, 58.396414 ], [ -152.090437, 58.372628 ], [ -152.138294, 58.295712 ], [ -152.146519, 58.24912 ], [ -152.116569, 58.248537 ], [ -152.082342, 58.309945 ], [ -151.986171, 58.350413 ], [ -151.963817, 58.328999 ], [ -151.964103, 58.269049 ], [ -151.986127, 58.213774 ], [ -152.081083, 58.154275 ], [ -152.112205, 58.148559 ], [ -152.194827, 58.174128 ], [ -152.223175, 58.194794 ], [ -152.203699, 58.212055 ], [ -152.23383, 58.243329 ], [ -152.280629, 58.242344 ], [ -152.311415, 58.221115 ], [ -152.265111, 58.135732 ], [ -152.273605, 58.12563 ] ] ], [ [ [ -147.218799, 60.334726 ], [ -147.112667, 60.380982 ], [ -147.091897, 60.374969 ], [ -147.10401, 60.356727 ], [ -147.095483, 60.341964 ], [ -147.003839, 60.34031 ], [ -147.103118, 60.28019 ], [ -147.080463, 60.265355 ], [ -146.944024, 60.31602 ], [ -146.916164, 60.314898 ], [ -146.911377, 60.297593 ], [ -147.002067, 60.232453 ], [ -147.202416, 60.151128 ], [ -147.365424, 60.042867 ], [ -147.388686, 60.004301 ], [ -147.499783, 59.951069 ], [ -147.499625, 59.926296 ], [ -147.443678, 59.913543 ], [ -147.46692, 59.8701 ], [ -147.533041, 59.852401 ], [ -147.571278, 59.868709 ], [ -147.62198, 59.866484 ], [ -147.677139, 59.821368 ], [ -147.745417, 59.821844 ], [ -147.874097, 59.78326 ], [ -147.928064, 59.803496 ], [ -147.895411, 59.869145 ], [ -147.808272, 59.888148 ], [ -147.804252, 59.936497 ], [ -147.739635, 59.968008 ], [ -147.68628, 59.964476 ], [ -147.647042, 60.005649 ], [ -147.433254, 60.096159 ], [ -147.319715, 60.190581 ], [ -147.312081, 60.222871 ], [ -147.24431, 60.231298 ], [ -147.20615, 60.269508 ], [ -147.217704, 60.293504 ], [ -147.183277, 60.32068 ], [ -147.218799, 60.334726 ] ] ], [ [ [ -147.619972, 60.436821 ], [ -147.690773, 60.405054 ], [ -147.681888, 60.388167 ], [ -147.630081, 60.38955 ], [ -147.618906, 60.368848 ], [ -147.703599, 60.285589 ], [ -147.704731, 60.227874 ], [ -147.760681, 60.156396 ], [ -147.845681, 60.195434 ], [ -147.828962, 60.207442 ], [ -147.956228, 60.228667 ], [ -147.792822, 60.476193 ], [ -147.765825, 60.476505 ], [ -147.779329, 60.457078 ], [ -147.750864, 60.440981 ], [ -147.715312, 60.447915 ], [ -147.721824, 60.508635 ], [ -147.562801, 60.579821 ], [ -147.551709, 60.559612 ], [ -147.607756, 60.50692 ], [ -147.619972, 60.436821 ] ] ], [ [ [ -147.486045, 60.619348 ], [ -147.501603, 60.654772 ], [ -147.479814, 60.693593 ], [ -147.384779, 60.710017 ], [ -147.302915, 60.660673 ], [ -147.344494, 60.628544 ], [ -147.486045, 60.619348 ] ] ], [ [ [ -147.932931, 60.655714 ], [ -148.020259, 60.72495 ], [ -147.965419, 60.751996 ], [ -147.906021, 60.735515 ], [ -147.846103, 60.694509 ], [ -147.868067, 60.670825 ], [ -147.932931, 60.655714 ] ] ], [ [ [ -147.141802, 60.853991 ], [ -147.217749, 60.869741 ], [ -147.32564, 60.877153 ], [ -147.226303, 60.910421 ], [ -147.115336, 60.911938 ], [ -147.071788, 60.893833 ], [ -147.141802, 60.853991 ] ] ], [ [ [ 178.920826, 51.586137 ], [ 179.002896, 51.552486 ], [ 179.101442, 51.485497 ], [ 179.191082, 51.462935 ], [ 179.236253, 51.409606 ], [ 179.386221, 51.404401 ], [ 179.467581, 51.371629 ], [ 179.261618, 51.357688 ], [ 179.060354, 51.454875 ], [ 178.951626, 51.541963 ], [ 178.843631, 51.578642 ], [ 178.785061, 51.571866 ], [ 178.706047, 51.593182 ], [ 178.625536, 51.637303 ], [ 178.664013, 51.661935 ], [ 178.738019, 51.632734 ], [ 178.90391, 51.614914 ], [ 178.920826, 51.586137 ] ] ], [ [ [ 178.304892, 51.777434 ], [ 178.246209, 51.817078 ], [ 178.236931, 51.828209 ], [ 178.310298, 51.819993 ], [ 178.380741, 51.763907 ], [ 178.304892, 51.777434 ] ] ], [ [ [ 178.591597, 51.952652 ], [ 178.539395, 51.903246 ], [ 178.502493, 51.899644 ], [ 178.446964, 51.978222 ], [ 178.478586, 51.987549 ], [ 178.570619, 51.968064 ], [ 178.591597, 51.952652 ] ] ], [ [ [ 179.521868, 51.896765 ], [ 179.475569, 51.937456 ], [ 179.482464, 51.982834 ], [ 179.539223, 51.985178 ], [ 179.582857, 52.016841 ], [ 179.663327, 52.022941 ], [ 179.77847, 51.962217 ], [ 179.743012, 51.911749 ], [ 179.649484, 51.87367 ], [ 179.521868, 51.896765 ] ] ], [ [ [ 177.543534, 51.956175 ], [ 177.607535, 51.95472 ], [ 177.606529, 51.925069 ], [ 177.560513, 51.916364 ], [ 177.409536, 51.930821 ], [ 177.373934, 51.91976 ], [ 177.326781, 51.873636 ], [ 177.334017, 51.844444 ], [ 177.311768, 51.825971 ], [ 177.27337, 51.857123 ], [ 177.203996, 51.880531 ], [ 177.200423, 51.894746 ], [ 177.291312, 51.91943 ], [ 177.345577, 51.963005 ], [ 177.483712, 51.984877 ], [ 177.545604, 52.101091 ], [ 177.602673, 52.13732 ], [ 177.675952, 52.092167 ], [ 177.659451, 52.069439 ], [ 177.632555, 52.064844 ], [ 177.601645, 52.016377 ], [ 177.538223, 51.978897 ], [ 177.543534, 51.956175 ] ] ], [ [ [ 178.132547, 51.986982 ], [ 178.10273, 52.003927 ], [ 178.09461, 52.033294 ], [ 178.107266, 52.045744 ], [ 178.141695, 52.051034 ], [ 178.179962, 52.033247 ], [ 178.190963, 52.003546 ], [ 178.132547, 51.986982 ] ] ], [ [ [ 177.28016, 52.127579 ], [ 177.329296, 52.166669 ], [ 177.383655, 52.174276 ], [ 177.437924, 52.146873 ], [ 177.446563, 52.114453 ], [ 177.428801, 52.091738 ], [ 177.355215, 52.071396 ], [ 177.30519, 52.090324 ], [ 177.28016, 52.127579 ] ] ], [ [ [ 175.966521, 52.359728 ], [ 175.94418, 52.336437 ], [ 175.911286, 52.334831 ], [ 175.873317, 52.361138 ], [ 175.906734, 52.375651 ], [ 175.966521, 52.359728 ] ] ], [ [ [ 173.772799, 52.509905 ], [ 173.707741, 52.477377 ], [ 173.691601, 52.445935 ], [ 173.712323, 52.421033 ], [ 173.725696, 52.356579 ], [ 173.644793, 52.357598 ], [ 173.588794, 52.400973 ], [ 173.483843, 52.383485 ], [ 173.356103, 52.405563 ], [ 173.380058, 52.431843 ], [ 173.440111, 52.453664 ], [ 173.476243, 52.441909 ], [ 173.530105, 52.449968 ], [ 173.545302, 52.476 ], [ 173.587554, 52.476785 ], [ 173.623883, 52.506948 ], [ 173.772799, 52.509905 ] ] ], [ [ [ 174.158146, 52.706059 ], [ 174.071842, 52.718295 ], [ 174.066195, 52.731042 ], [ 174.09665, 52.743485 ], [ 174.13315, 52.733786 ], [ 174.158146, 52.706059 ] ] ], [ [ [ 174.021702, 52.730286 ], [ 174.004827, 52.719857 ], [ 173.952793, 52.747885 ], [ 174.003651, 52.744283 ], [ 174.021702, 52.730286 ] ] ], [ [ [ 173.861653, 52.773579 ], [ 173.931553, 52.758574 ], [ 173.940037, 52.75186 ], [ 173.894753, 52.75078 ], [ 173.861653, 52.773579 ] ] ], [ [ [ 172.640372, 52.925441 ], [ 172.469022, 52.911337 ], [ 172.461667, 52.92716 ], [ 172.643266, 53.004979 ], [ 173.107249, 52.993228 ], [ 173.211752, 52.939489 ], [ 173.251326, 52.944362 ], [ 173.295399, 52.926987 ], [ 173.42767, 52.830763 ], [ 173.302331, 52.823286 ], [ 173.224051, 52.856403 ], [ 173.142678, 52.786254 ], [ 172.998472, 52.796979 ], [ 172.903628, 52.761667 ], [ 172.809387, 52.78929 ], [ 172.763366, 52.823656 ], [ 172.754236, 52.87749 ], [ 172.640372, 52.925441 ] ] ], [ [ [ -131.195197, 54.919767 ], [ -131.266049, 54.859369 ], [ -131.353233, 54.859009 ], [ -131.491504, 54.930392 ], [ -131.482676, 54.952659 ], [ -131.266084, 54.998806 ], [ -131.246018, 54.989555 ], [ -131.257421, 54.97901 ], [ -131.242771, 54.929639 ], [ -131.195197, 54.919767 ] ] ], [ [ [ -131.462701, 55.223438 ], [ -131.39769, 55.210916 ], [ -131.341407, 55.165659 ], [ -131.362319, 55.155896 ], [ -131.356314, 55.041211 ], [ -131.388569, 55.012222 ], [ -131.484995, 55.010454 ], [ -131.53214, 55.037945 ], [ -131.605661, 55.004403 ], [ -131.641035, 55.026585 ], [ -131.589387, 55.08894 ], [ -131.605302, 55.107436 ], [ -131.594978, 55.125502 ], [ -131.558603, 55.125508 ], [ -131.548093, 55.143138 ], [ -131.598454, 55.179566 ], [ -131.607383, 55.240437 ], [ -131.58907, 55.273951 ], [ -131.56265, 55.284012 ], [ -131.482252, 55.25411 ], [ -131.462701, 55.223438 ] ] ], [ [ [ -131.694487, 55.223739 ], [ -131.748334, 55.128588 ], [ -131.829585, 55.191916 ], [ -131.870568, 55.364553 ], [ -131.85233, 55.423782 ], [ -131.811697, 55.414048 ], [ -131.647236, 55.30614 ], [ -131.688644, 55.282113 ], [ -131.694487, 55.223739 ] ] ], [ [ [ -133.358993, 55.453832 ], [ -133.396511, 55.473169 ], [ -133.474054, 55.437155 ], [ -133.4653, 55.42337 ], [ -133.416649, 55.422146 ], [ -133.419384, 55.386105 ], [ -133.497028, 55.368159 ], [ -133.576808, 55.324795 ], [ -133.61278, 55.239737 ], [ -133.690944, 55.308703 ], [ -133.633006, 55.361299 ], [ -133.622422, 55.396474 ], [ -133.636291, 55.428423 ], [ -133.739077, 55.472323 ], [ -133.789055, 55.457892 ], [ -133.75913, 55.537371 ], [ -133.733029, 55.558757 ], [ -133.584326, 55.539707 ], [ -133.590163, 55.507236 ], [ -133.632978, 55.491664 ], [ -133.644202, 55.470815 ], [ -133.618367, 55.457045 ], [ -133.544088, 55.491784 ], [ -133.52912, 55.5277 ], [ -133.44367, 55.518639 ], [ -133.454576, 55.532423 ], [ -133.436102, 55.560872 ], [ -133.344847, 55.569327 ], [ -133.281917, 55.524486 ], [ -133.305747, 55.484115 ], [ -133.358993, 55.453832 ] ] ], [ [ [ -133.197009, 56.333016 ], [ -133.071435, 56.238484 ], [ -133.040979, 56.184536 ], [ -133.059994, 56.150761 ], [ -133.05552, 56.125258 ], [ -132.927305, 56.034459 ], [ -132.897675, 56.020166 ], [ -132.837592, 56.024327 ], [ -132.618464, 55.911476 ], [ -132.470697, 55.782162 ], [ -132.462531, 55.673854 ], [ -132.382505, 55.665336 ], [ -132.301119, 55.55096 ], [ -132.188771, 55.508443 ], [ -132.146062, 55.470346 ], [ -132.142945, 55.457941 ], [ -132.17861, 55.452829 ], [ -132.247327, 55.492951 ], [ -132.325728, 55.515395 ], [ -132.342101, 55.50467 ], [ -132.284442, 55.442173 ], [ -132.479688, 55.420918 ], [ -132.390782, 55.401739 ], [ -132.273503, 55.419189 ], [ -132.22596, 55.374919 ], [ -132.166857, 55.363039 ], [ -132.126398, 55.288418 ], [ -132.098531, 55.28056 ], [ -132.142742, 55.238212 ], [ -132.229963, 55.23808 ], [ -132.207431, 55.218273 ], [ -132.104376, 55.200899 ], [ -132.037122, 55.275144 ], [ -131.995908, 55.259054 ], [ -131.977397, 55.180949 ], [ -132.039009, 55.14407 ], [ -132.038978, 55.125011 ], [ -132.016932, 55.120971 ], [ -132.039002, 55.086962 ], [ -132.094024, 55.039452 ], [ -132.197614, 55.005158 ], [ -132.192581, 54.989655 ], [ -132.143263, 54.984633 ], [ -132.039217, 55.036765 ], [ -131.984592, 55.027978 ], [ -131.98289, 54.853068 ], [ -131.957914, 54.791239 ], [ -132.029747, 54.701189 ], [ -132.165182, 54.69405 ], [ -132.256092, 54.734617 ], [ -132.281803, 54.71529 ], [ -132.307943, 54.718714 ], [ -132.351004, 54.818182 ], [ -132.309213, 54.847534 ], [ -132.387494, 54.913664 ], [ -132.484579, 54.899301 ], [ -132.609786, 54.965728 ], [ -132.6099, 54.991517 ], [ -132.575001, 54.998317 ], [ -132.541802, 55.097764 ], [ -132.550502, 55.114247 ], [ -132.594568, 55.105378 ], [ -132.633305, 55.054954 ], [ -132.624518, 55.114419 ], [ -132.581133, 55.166076 ], [ -132.605219, 55.194064 ], [ -132.637926, 55.186077 ], [ -132.635758, 55.152514 ], [ -132.735645, 55.134218 ], [ -132.684005, 55.045604 ], [ -132.692917, 55.02506 ], [ -132.748854, 54.996007 ], [ -132.916414, 55.044465 ], [ -132.931172, 55.074154 ], [ -132.869827, 55.124104 ], [ -132.894283, 55.169373 ], [ -132.935449, 55.209898 ], [ -133.008156, 55.2057 ], [ -133.043938, 55.248569 ], [ -133.104708, 55.2638 ], [ -133.119294, 55.251405 ], [ -133.012275, 55.128056 ], [ -132.99086, 55.079112 ], [ -133.01974, 55.048366 ], [ -133.014178, 55.035502 ], [ -132.959508, 55.021045 ], [ -132.91465, 54.914009 ], [ -132.82834, 54.868747 ], [ -132.804525, 54.870938 ], [ -132.817385, 54.92364 ], [ -132.730931, 54.939483 ], [ -132.628612, 54.883316 ], [ -132.614851, 54.77717 ], [ -132.639032, 54.753251 ], [ -132.681165, 54.773697 ], [ -132.723538, 54.825128 ], [ -132.759779, 54.816998 ], [ -132.675868, 54.672812 ], [ -132.775733, 54.674844 ], [ -132.866355, 54.700386 ], [ -132.865598, 54.728908 ], [ -132.891553, 54.768191 ], [ -132.95025, 54.788333 ], [ -133.159756, 54.95876 ], [ -133.168931, 55.030889 ], [ -133.21042, 55.040269 ], [ -133.239695, 55.092415 ], [ -133.128705, 55.101429 ], [ -133.15478, 55.12811 ], [ -133.215086, 55.136876 ], [ -133.236908, 55.183326 ], [ -133.18252, 55.201964 ], [ -133.223791, 55.229317 ], [ -133.341259, 55.205701 ], [ -133.376615, 55.228288 ], [ -133.422869, 55.210659 ], [ -133.453777, 55.218497 ], [ -133.472866, 55.267873 ], [ -133.43635, 55.330158 ], [ -133.33236, 55.345357 ], [ -133.292402, 55.291377 ], [ -133.244343, 55.291865 ], [ -133.233572, 55.308822 ], [ -133.279271, 55.333264 ], [ -133.269068, 55.359341 ], [ -133.226844, 55.38185 ], [ -133.18328, 55.379392 ], [ -133.104304, 55.426907 ], [ -133.157704, 55.497782 ], [ -133.132409, 55.513579 ], [ -133.156566, 55.563589 ], [ -133.17676, 55.586722 ], [ -133.263042, 55.568793 ], [ -133.43818, 55.643862 ], [ -133.394486, 55.666881 ], [ -133.386432, 55.693365 ], [ -133.416549, 55.739647 ], [ -133.49143, 55.764082 ], [ -133.512632, 55.755898 ], [ -133.492438, 55.706525 ], [ -133.554504, 55.698354 ], [ -133.643324, 55.729037 ], [ -133.694546, 55.780599 ], [ -133.627534, 55.83163 ], [ -133.561973, 55.835543 ], [ -133.422064, 55.788821 ], [ -133.323664, 55.818632 ], [ -133.346569, 55.875809 ], [ -133.418797, 55.883278 ], [ -133.471044, 55.947381 ], [ -133.495052, 56.017089 ], [ -133.638122, 55.920982 ], [ -133.6999, 55.912206 ], [ -133.799931, 55.925349 ], [ -133.83437, 55.963578 ], [ -133.777846, 55.982876 ], [ -133.693765, 56.070562 ], [ -133.548802, 56.14284 ], [ -133.553454, 56.169015 ], [ -133.639282, 56.198813 ], [ -133.656415, 56.326909 ], [ -133.582116, 56.352506 ], [ -133.41837, 56.332132 ], [ -133.197009, 56.333016 ] ] ], [ [ [ -133.903184, 55.848101 ], [ -133.929325, 55.869538 ], [ -133.943499, 55.912446 ], [ -133.891851, 55.93668 ], [ -133.854291, 55.931581 ], [ -133.847565, 55.869599 ], [ -133.866988, 55.845886 ], [ -133.903184, 55.848101 ] ] ], [ [ [ -132.808145, 56.440801 ], [ -132.734466, 56.458515 ], [ -132.628592, 56.416284 ], [ -132.620608, 56.3912 ], [ -132.684112, 56.345671 ], [ -132.655467, 56.303756 ], [ -132.662081, 56.274795 ], [ -132.877582, 56.240322 ], [ -133.067556, 56.333573 ], [ -133.069441, 56.356426 ], [ -133.002357, 56.430655 ], [ -132.927663, 56.456859 ], [ -132.808145, 56.440801 ] ] ], [ [ [ -134.171731, 56.040227 ], [ -134.230449, 56.068341 ], [ -134.259913, 56.121275 ], [ -134.227942, 56.162835 ], [ -134.257478, 56.221411 ], [ -134.246307, 56.267768 ], [ -134.298292, 56.291993 ], [ -134.292353, 56.352644 ], [ -134.193922, 56.409906 ], [ -134.196394, 56.4398 ], [ -134.246627, 56.457135 ], [ -134.222814, 56.475402 ], [ -134.146136, 56.411069 ], [ -134.067466, 56.390987 ], [ -134.040938, 56.42153 ], [ -134.089604, 56.472582 ], [ -134.252386, 56.560861 ], [ -134.281093, 56.585555 ], [ -134.276735, 56.62029 ], [ -134.369035, 56.678022 ], [ -134.401407, 56.725419 ], [ -134.419791, 56.838385 ], [ -134.376975, 56.880055 ], [ -134.316868, 56.909091 ], [ -134.171675, 56.851218 ], [ -134.14716, 56.859357 ], [ -134.150935, 56.884958 ], [ -134.273113, 56.933823 ], [ -134.158108, 56.915029 ], [ -134.13624, 56.928842 ], [ -134.141385, 56.950887 ], [ -134.083291, 56.931579 ], [ -133.972257, 56.826934 ], [ -133.925648, 56.758912 ], [ -133.941801, 56.733493 ], [ -133.880781, 56.721396 ], [ -133.869334, 56.734081 ], [ -133.865056, 56.77324 ], [ -133.890805, 56.80798 ], [ -133.748129, 56.773919 ], [ -133.744002, 56.749772 ], [ -133.766143, 56.728886 ], [ -133.76278, 56.68718 ], [ -133.713331, 56.592664 ], [ -133.731617, 56.572304 ], [ -133.848207, 56.573057 ], [ -133.895746, 56.511217 ], [ -133.898589, 56.489877 ], [ -133.839238, 56.432018 ], [ -133.89304, 56.427364 ], [ -133.933512, 56.375428 ], [ -133.850314, 56.347417 ], [ -133.834671, 56.322382 ], [ -133.912992, 56.208351 ], [ -133.957471, 56.202584 ], [ -133.937349, 56.166129 ], [ -133.956411, 56.095484 ], [ -133.989359, 56.081347 ], [ -134.038695, 56.105807 ], [ -134.024495, 56.148164 ], [ -134.030964, 56.193214 ], [ -134.058499, 56.227214 ], [ -134.087317, 56.225424 ], [ -134.105098, 56.180941 ], [ -134.190371, 56.152571 ], [ -134.110755, 56.141053 ], [ -134.118132, 56.016922 ], [ -134.134181, 56.000971 ], [ -134.171731, 56.040227 ] ] ], [ [ [ -132.539698, 56.593199 ], [ -132.818043, 56.494934 ], [ -133.041726, 56.518356 ], [ -133.075496, 56.578684 ], [ -133.025091, 56.605048 ], [ -133.184363, 56.706526 ], [ -133.277352, 56.816432 ], [ -133.325392, 56.791864 ], [ -133.334308, 56.773402 ], [ -133.31986, 56.737693 ], [ -133.272958, 56.733653 ], [ -133.250686, 56.751431 ], [ -133.219681, 56.706887 ], [ -133.233684, 56.649286 ], [ -133.106316, 56.618393 ], [ -133.089215, 56.523916 ], [ -133.138307, 56.532923 ], [ -133.122245, 56.49202 ], [ -133.203584, 56.447657 ], [ -133.348504, 56.469568 ], [ -133.371889, 56.493689 ], [ -133.401797, 56.496355 ], [ -133.512684, 56.437015 ], [ -133.655468, 56.442279 ], [ -133.675836, 56.522714 ], [ -133.662631, 56.598924 ], [ -133.709576, 56.683424 ], [ -133.68099, 56.795207 ], [ -133.689996, 56.839421 ], [ -133.765324, 56.807489 ], [ -133.86904, 56.845938 ], [ -133.916358, 56.914447 ], [ -133.903634, 56.927269 ], [ -133.921451, 56.961511 ], [ -134.049218, 57.029203 ], [ -134.033979, 57.063281 ], [ -134.008856, 57.074578 ], [ -133.887957, 57.097744 ], [ -133.344217, 57.001834 ], [ -133.308317, 57.014762 ], [ -133.104611, 57.005701 ], [ -132.98137, 56.92738 ], [ -132.935258, 56.822941 ], [ -132.903211, 56.80361 ], [ -132.820556, 56.793787 ], [ -132.762964, 56.753227 ], [ -132.743207, 56.71372 ], [ -132.622788, 56.66871 ], [ -132.628201, 56.645642 ], [ -132.595179, 56.613308 ], [ -132.546463, 56.606563 ], [ -132.539698, 56.593199 ] ] ] ] } },
{ "type": "Feature", "properties": { "fips": "04" }, "geometry": { "type": "Polygon", "coordinates": [ [ [ -111.098097, 31.339836 ], [ -114.813613, 32.494277 ], [ -114.80739, 32.621332 ], [ -114.781872, 32.62505 ], [ -114.719633, 32.718763 ], [ -114.678632, 32.736614 ], [ -114.615585, 32.728446 ], [ -114.496284, 32.822326 ], [ -114.46289, 32.905797 ], [ -114.468605, 32.971649 ], [ -114.511343, 33.023455 ], [ -114.571653, 33.036624 ], [ -114.62387, 33.02872 ], [ -114.675104, 33.047532 ], [ -114.707819, 33.091102 ], [ -114.679359, 33.159519 ], [ -114.672088, 33.258499 ], [ -114.721233, 33.396912 ], [ -114.627125, 33.433554 ], [ -114.535664, 33.568788 ], [ -114.530348, 33.679245 ], [ -114.494197, 33.707922 ], [ -114.523365, 33.80612 ], [ -114.518434, 33.917518 ], [ -114.499883, 33.961789 ], [ -114.438266, 34.022609 ], [ -114.43338, 34.088413 ], [ -114.411681, 34.110031 ], [ -114.244191, 34.179625 ], [ -114.164476, 34.251667 ], [ -114.131489, 34.260387 ], [ -114.138282, 34.30323 ], [ -114.176909, 34.349306 ], [ -114.339627, 34.451435 ], [ -114.465607, 34.69226 ], [ -114.552682, 34.766871 ], [ -114.635176, 34.875003 ], [ -114.621956, 35.094678 ], [ -114.578524, 35.12875 ], [ -114.569238, 35.18348 ], [ -114.604314, 35.353584 ], [ -114.677643, 35.489742 ], [ -114.653406, 35.610789 ], [ -114.689407, 35.651412 ], [ -114.700308, 35.700387 ], [ -114.70613, 35.878712 ], [ -114.743576, 35.983721 ], [ -114.755618, 36.087166 ], [ -114.631716, 36.142306 ], [ -114.572031, 36.15161 ], [ -114.381446, 36.141665 ], [ -114.252651, 36.020193 ], [ -114.148774, 36.02731 ], [ -114.120193, 36.102228 ], [ -114.046838, 36.194069 ], [ -114.0506, 37.000396 ], [ -109.045223, 36.999084 ], [ -109.050044, 31.332502 ], [ -111.098097, 31.339836 ] ] ] } },
{ "type": "Feature", "properties": { "fips": "05" }, "geometry": { "type": "Polygon", "coordinates": [ [ [ -91.166073, 33.004106 ], [ -94.042964, 33.019219 ], [ -94.04345, 33.552253 ], [ -94.085243, 33.575546 ], [ -94.181805, 33.593217 ], [ -94.252656, 33.586144 ], [ -94.355945, 33.54318 ], [ -94.464336, 33.598819 ], [ -94.485875, 33.637867 ], [ -94.431215, 35.39429 ], [ -94.617919, 36.499414 ], [ -90.152481, 36.497952 ], [ -90.133993, 36.437906 ], [ -90.064514, 36.382085 ], [ -90.06398, 36.303038 ], [ -90.083731, 36.272332 ], [ -90.114922, 36.265595 ], [ -90.220425, 36.184764 ], [ -90.319168, 36.089976 ], [ -90.368718, 35.995812 ], [ -89.733095, 36.000608 ], [ -89.686924, 35.947716 ], [ -89.688141, 35.896946 ], [ -89.756036, 35.896817 ], [ -89.772467, 35.865098 ], [ -89.701045, 35.828227 ], [ -89.821216, 35.756716 ], [ -89.865631, 35.746577 ], [ -89.909996, 35.759396 ], [ -89.956254, 35.733386 ], [ -89.955753, 35.690621 ], [ -89.937383, 35.665711 ], [ -89.884932, 35.655107 ], [ -89.909797, 35.537914 ], [ -89.957347, 35.528683 ], [ -90.032938, 35.55344 ], [ -90.034014, 35.468821 ], [ -90.059068, 35.457889 ], [ -90.107723, 35.476935 ], [ -90.169002, 35.421853 ], [ -90.179265, 35.385194 ], [ -90.143633, 35.374745 ], [ -90.093589, 35.393333 ], [ -90.086691, 35.369935 ], [ -90.114893, 35.303887 ], [ -90.158913, 35.300637 ], [ -90.168871, 35.281997 ], [ -90.152094, 35.255989 ], [ -90.105093, 35.254288 ], [ -90.07741, 35.225479 ], [ -90.065392, 35.137691 ], [ -90.100593, 35.116691 ], [ -90.160058, 35.12883 ], [ -90.193859, 35.061646 ], [ -90.295596, 35.040093 ], [ -90.309297, 34.995694 ], [ -90.244476, 34.937596 ], [ -90.250095, 34.90732 ], [ -90.307384, 34.846195 ], [ -90.414864, 34.831846 ], [ -90.436431, 34.85506 ], [ -90.461451, 34.856728 ], [ -90.473961, 34.852558 ], [ -90.467289, 34.782502 ], [ -90.479799, 34.769158 ], [ -90.537345, 34.78417 ], [ -90.554859, 34.727458 ], [ -90.508989, 34.679086 ], [ -90.521499, 34.66324 ], [ -90.576543, 34.657402 ], [ -90.575336, 34.415152 ], [ -90.658542, 34.375705 ], [ -90.764143, 34.363396 ], [ -90.856367, 34.238928 ], [ -90.91148, 34.223051 ], [ -90.880317, 34.169381 ], [ -90.918405, 34.154376 ], [ -90.934564, 34.130138 ], [ -90.928793, 34.107631 ], [ -90.888396, 34.087433 ], [ -90.887413, 34.032505 ], [ -91.089119, 33.972653 ], [ -91.036821, 33.914656 ], [ -91.067511, 33.840443 ], [ -91.139869, 33.777117 ], [ -91.1279, 33.695762 ], [ -91.14817, 33.679327 ], [ -91.185971, 33.679327 ], [ -91.193093, 33.656866 ], [ -91.130445, 33.606034 ], [ -91.134043, 33.594489 ], [ -91.224121, 33.567369 ], [ -91.232295, 33.552788 ], [ -91.125109, 33.472842 ], [ -91.118495, 33.449116 ], [ -91.131885, 33.430063 ], [ -91.184427, 33.419576 ], [ -91.141216, 33.298397 ], [ -91.085984, 33.221644 ], [ -91.087589, 33.145177 ], [ -91.125656, 33.038276 ], [ -91.166073, 33.004106 ] ] ] } },
{ "type": "Feature", "properties": { "fips": "06" }, "geometry": { "type": "MultiPolygon", "coordinates": [ [ [ [ -121.862266, 36.931552 ], [ -121.930069, 36.97815 ], [ -121.972771, 36.954151 ], [ -122.105976, 36.955951 ], [ -122.20618, 37.013949 ], [ -122.284882, 37.101747 ], [ -122.337071, 37.117382 ], [ -122.367085, 37.172817 ], [ -122.405073, 37.195791 ], [ -122.419113, 37.24147 ], [ -122.40085, 37.359225 ], [ -122.452087, 37.48054 ], [ -122.472388, 37.50054 ], [ -122.499289, 37.495341 ], [ -122.516689, 37.52134 ], [ -122.517187, 37.590637 ], [ -122.501386, 37.599637 ], [ -122.494085, 37.644035 ], [ -122.514483, 37.780829 ], [ -122.485783, 37.790629 ], [ -122.478083, 37.810828 ], [ -122.398139, 37.80563 ], [ -122.375854, 37.734979 ], [ -122.356784, 37.729505 ], [ -122.39319, 37.707531 ], [ -122.374291, 37.662206 ], [ -122.386072, 37.637662 ], [ -122.35531, 37.615736 ], [ -122.378545, 37.605592 ], [ -122.262698, 37.572866 ], [ -122.196593, 37.537196 ], [ -122.168449, 37.504143 ], [ -122.111344, 37.50758 ], [ -122.163049, 37.667933 ], [ -122.246826, 37.72193 ], [ -122.257953, 37.739601 ], [ -122.242638, 37.753744 ], [ -122.33079, 37.78383 ], [ -122.333711, 37.809797 ], [ -122.303931, 37.830087 ], [ -122.309986, 37.892755 ], [ -122.33453, 37.908791 ], [ -122.385908, 37.908136 ], [ -122.430087, 37.963115 ], [ -122.399832, 37.956009 ], [ -122.367582, 37.978168 ], [ -122.367909, 38.01253 ], [ -122.340093, 38.003694 ], [ -122.283478, 38.022674 ], [ -122.262861, 38.0446 ], [ -122.273006, 38.07438 ], [ -122.314567, 38.115287 ], [ -122.39638, 38.149976 ], [ -122.439577, 38.116923 ], [ -122.489974, 38.112014 ], [ -122.497828, 38.019402 ], [ -122.448413, 37.984713 ], [ -122.488665, 37.966714 ], [ -122.479175, 37.941516 ], [ -122.503064, 37.928753 ], [ -122.438268, 37.880974 ], [ -122.480811, 37.873448 ], [ -122.479151, 37.825428 ], [ -122.505383, 37.822128 ], [ -122.656519, 37.904519 ], [ -122.70264, 37.89382 ], [ -122.727297, 37.904626 ], [ -122.821383, 37.996735 ], [ -122.882114, 38.025273 ], [ -122.956811, 38.02872 ], [ -122.981776, 38.009119 ], [ -122.97439, 37.992429 ], [ -123.024066, 37.994878 ], [ -122.949074, 38.15406 ], [ -122.993959, 38.237602 ], [ -122.968569, 38.242879 ], [ -122.977082, 38.267902 ], [ -123.024333, 38.310573 ], [ -123.063671, 38.302178 ], [ -123.068265, 38.359865 ], [ -123.128825, 38.450418 ], [ -123.331899, 38.565542 ], [ -123.441774, 38.699744 ], [ -123.514784, 38.741966 ], [ -123.725367, 38.917438 ], [ -123.738886, 38.95412 ], [ -123.711149, 38.977316 ], [ -123.690095, 39.031157 ], [ -123.822085, 39.343857 ], [ -123.81469, 39.446538 ], [ -123.766475, 39.552803 ], [ -123.787417, 39.604552 ], [ -123.792659, 39.684122 ], [ -123.829545, 39.723071 ], [ -123.851714, 39.832041 ], [ -123.907664, 39.863028 ], [ -123.930047, 39.909697 ], [ -124.035904, 40.013319 ], [ -124.079983, 40.029773 ], [ -124.080709, 40.06611 ], [ -124.110549, 40.103765 ], [ -124.187874, 40.130542 ], [ -124.363414, 40.260974 ], [ -124.347853, 40.314634 ], [ -124.373599, 40.392923 ], [ -124.408601, 40.443201 ], [ -124.329404, 40.61643 ], [ -124.137066, 40.925732 ], [ -124.112165, 41.028173 ], [ -124.125448, 41.048504 ], [ -124.153622, 41.05355 ], [ -124.165414, 41.129822 ], [ -124.1438, 41.144686 ], [ -124.106986, 41.229678 ], [ -124.063076, 41.439579 ], [ -124.081987, 41.547761 ], [ -124.135552, 41.657307 ], [ -124.147412, 41.717955 ], [ -124.164716, 41.740126 ], [ -124.194953, 41.736778 ], [ -124.255994, 41.783014 ], [ -124.208439, 41.888192 ], [ -124.211605, 41.99846 ], [ -122.378193, 42.009518 ], [ -119.999168, 41.99454 ], [ -120.001014, 38.999574 ], [ -118.746598, 38.124926 ], [ -117.500909, 37.220282 ], [ -116.093601, 36.155805 ], [ -114.633013, 35.002085 ], [ -114.633051, 34.869971 ], [ -114.552682, 34.766871 ], [ -114.465607, 34.69226 ], [ -114.339627, 34.451435 ], [ -114.176909, 34.349306 ], [ -114.138282, 34.30323 ], [ -114.131489, 34.260387 ], [ -114.164476, 34.251667 ], [ -114.244191, 34.179625 ], [ -114.411681, 34.110031 ], [ -114.43338, 34.088413 ], [ -114.438266, 34.022609 ], [ -114.499883, 33.961789 ], [ -114.518434, 33.917518 ], [ -114.523365, 33.80612 ], [ -114.494197, 33.707922 ], [ -114.530348, 33.679245 ], [ -114.535664, 33.568788 ], [ -114.627125, 33.433554 ], [ -114.721233, 33.396912 ], [ -114.672088, 33.258499 ], [ -114.679359, 33.159519 ], [ -114.707819, 33.091102 ], [ -114.675104, 33.047532 ], [ -114.62387, 33.02872 ], [ -114.523578, 33.030961 ], [ -114.468605, 32.971649 ], [ -114.465715, 32.879191 ], [ -114.496284, 32.822326 ], [ -114.615585, 32.728446 ], [ -114.678632, 32.736614 ], [ -114.719633, 32.718763 ], [ -117.124862, 32.534156 ], [ -117.136664, 32.618754 ], [ -117.168866, 32.671952 ], [ -117.196767, 32.688851 ], [ -117.246069, 32.669352 ], [ -117.25497, 32.786948 ], [ -117.28217, 32.839547 ], [ -117.25617, 32.859447 ], [ -117.25447, 32.900146 ], [ -117.315278, 33.093504 ], [ -117.469794, 33.296417 ], [ -117.547693, 33.365491 ], [ -117.59588, 33.386629 ], [ -117.645582, 33.440728 ], [ -117.715349, 33.460556 ], [ -117.784888, 33.541525 ], [ -117.927091, 33.605521 ], [ -118.132698, 33.753217 ], [ -118.180831, 33.763072 ], [ -118.181367, 33.717367 ], [ -118.258687, 33.703741 ], [ -118.411211, 33.741985 ], [ -118.428407, 33.774715 ], [ -118.394307, 33.804315 ], [ -118.392107, 33.840915 ], [ -118.460611, 33.969111 ], [ -118.519514, 34.027509 ], [ -118.569235, 34.04164 ], [ -118.744952, 34.032103 ], [ -118.805114, 34.001239 ], [ -118.854653, 34.034215 ], [ -118.938081, 34.043383 ], [ -119.088536, 34.09831 ], [ -119.130169, 34.100102 ], [ -119.216441, 34.146105 ], [ -119.278644, 34.266902 ], [ -119.390449, 34.318198 ], [ -119.461036, 34.374064 ], [ -119.559459, 34.413395 ], [ -119.671866, 34.416096 ], [ -119.709067, 34.395397 ], [ -119.794771, 34.417597 ], [ -119.873971, 34.408795 ], [ -120.008077, 34.460447 ], [ -120.141165, 34.473405 ], [ -120.471376, 34.447846 ], [ -120.511421, 34.522953 ], [ -120.637805, 34.56622 ], [ -120.640244, 34.604406 ], [ -120.60045, 34.70464 ], [ -120.637415, 34.755895 ], [ -120.610266, 34.85818 ], [ -120.647328, 34.901133 ], [ -120.670835, 34.904115 ], [ -120.629931, 35.061515 ], [ -120.644311, 35.139616 ], [ -120.714185, 35.175998 ], [ -120.74887, 35.177795 ], [ -120.760492, 35.15971 ], [ -120.856047, 35.206487 ], [ -120.89679, 35.247877 ], [ -120.862684, 35.346776 ], [ -120.884757, 35.430196 ], [ -120.907937, 35.449069 ], [ -121.003359, 35.46071 ], [ -121.101595, 35.548814 ], [ -121.166712, 35.635399 ], [ -121.284973, 35.674109 ], [ -121.314632, 35.71331 ], [ -121.332449, 35.783106 ], [ -121.462264, 35.885618 ], [ -121.503112, 36.000299 ], [ -121.574602, 36.025156 ], [ -121.680145, 36.165818 ], [ -121.826425, 36.24186 ], [ -121.888491, 36.30281 ], [ -121.903195, 36.393603 ], [ -121.9416, 36.485602 ], [ -121.944666, 36.521861 ], [ -121.925937, 36.525173 ], [ -121.932508, 36.559935 ], [ -121.978592, 36.580488 ], [ -121.93643, 36.636746 ], [ -121.889064, 36.601759 ], [ -121.860604, 36.611136 ], [ -121.814462, 36.682858 ], [ -121.788278, 36.803994 ], [ -121.862266, 36.931552 ] ] ], [ [ [ -123.00019, 37.702937 ], [ -123.011464, 37.691907 ], [ -123.012194, 37.706749 ], [ -123.00019, 37.702937 ] ] ], [ [ [ -122.358779, 37.814278 ], [ -122.3785, 37.826505 ], [ -122.369941, 37.832137 ], [ -122.358779, 37.814278 ] ] ], [ [ [ -122.430958, 37.872242 ], [ -122.41847, 37.852721 ], [ -122.446316, 37.861046 ], [ -122.430958, 37.872242 ] ] ], [ [ [ -120.248484, 33.999329 ], [ -120.147647, 34.024831 ], [ -120.090182, 34.019806 ], [ -120.043259, 34.035806 ], [ -120.046575, 34.000002 ], [ -120.011123, 33.979894 ], [ -119.978876, 33.983081 ], [ -119.97026, 33.944359 ], [ -120.121817, 33.895712 ], [ -120.168974, 33.91909 ], [ -120.248484, 33.999329 ] ] ], [ [ [ -120.396188, 34.050187 ], [ -120.368278, 34.076465 ], [ -120.358608, 34.050235 ], [ -120.331161, 34.049097 ], [ -120.302122, 34.023574 ], [ -120.35793, 34.015029 ], [ -120.465329, 34.038448 ], [ -120.396188, 34.050187 ] ] ], [ [ [ -118.487908, 32.84459 ], [ -118.605534, 33.030999 ], [ -118.569013, 33.029151 ], [ -118.496811, 32.933847 ], [ -118.356541, 32.817311 ], [ -118.394565, 32.823978 ], [ -118.425634, 32.800595 ], [ -118.487908, 32.84459 ] ] ], [ [ [ -119.429559, 33.228167 ], [ -119.476029, 33.21552 ], [ -119.545872, 33.233406 ], [ -119.578942, 33.278628 ], [ -119.528141, 33.284929 ], [ -119.429559, 33.228167 ] ] ], [ [ [ -118.370323, 33.409285 ], [ -118.310213, 33.335795 ], [ -118.316787, 33.301137 ], [ -118.465368, 33.326056 ], [ -118.48877, 33.356649 ], [ -118.478465, 33.38632 ], [ -118.48875, 33.419826 ], [ -118.563442, 33.434381 ], [ -118.60403, 33.47654 ], [ -118.54453, 33.474119 ], [ -118.370323, 33.409285 ] ] ], [ [ [ -119.441116, 34.012426 ], [ -119.396251, 34.005918 ], [ -119.357462, 34.015919 ], [ -119.391551, 34.002505 ], [ -119.441116, 34.012426 ] ] ], [ [ [ -119.726437, 34.047908 ], [ -119.686507, 34.019805 ], [ -119.637742, 34.013178 ], [ -119.59324, 34.049625 ], [ -119.52064, 34.034262 ], [ -119.560464, 33.99553 ], [ -119.758141, 33.959212 ], [ -119.873358, 33.980375 ], [ -119.876329, 34.032087 ], [ -119.923337, 34.069361 ], [ -119.726437, 34.047908 ] ] ] ] } },
{ "type": "Feature", "properties": { "fips": "08" }, "geometry": { "type": "Polygon", "coordinates": [ [ [ -102.04224, 36.993083 ], [ -109.045223, 36.999084 ], [ -109.042062, 38.15549 ], [ -109.060062, 38.275489 ], [ -109.050076, 41.000659 ], [ -102.051614, 41.002377 ], [ -102.04224, 36.993083 ] ] ] } },
{ "type": "Feature", "properties": { "fips": "09" }, "geometry": { "type": "Polygon", "coordinates": [ [ [ -71.80065, 42.023569 ], [ -71.797683, 41.416709 ], [ -71.842563, 41.409855 ], [ -71.83124, 41.344645 ], [ -71.85957, 41.322399 ], [ -71.945652, 41.337799 ], [ -71.988153, 41.320577 ], [ -72.084487, 41.319634 ], [ -72.11182, 41.299098 ], [ -72.184122, 41.323997 ], [ -72.212924, 41.291365 ], [ -72.248161, 41.299488 ], [ -72.261487, 41.282926 ], [ -72.333894, 41.282916 ], [ -72.386629, 41.261798 ], [ -72.398688, 41.278172 ], [ -72.451925, 41.278885 ], [ -72.547235, 41.250499 ], [ -72.617237, 41.271998 ], [ -72.672339, 41.266997 ], [ -72.694744, 41.24497 ], [ -72.757477, 41.266913 ], [ -72.895445, 41.243697 ], [ -72.916827, 41.282033 ], [ -73.014948, 41.204297 ], [ -73.05065, 41.210197 ], [ -73.07945, 41.194015 ], [ -73.111052, 41.150797 ], [ -73.177774, 41.166697 ], [ -73.262358, 41.117496 ], [ -73.286759, 41.127896 ], [ -73.372296, 41.10402 ], [ -73.477364, 41.035997 ], [ -73.493327, 41.048173 ], [ -73.516903, 41.038738 ], [ -73.528866, 41.016397 ], [ -73.535338, 41.03192 ], [ -73.570068, 41.001597 ], [ -73.603952, 41.015054 ], [ -73.657336, 40.985171 ], [ -73.654671, 41.011697 ], [ -73.727775, 41.100696 ], [ -73.482709, 41.21276 ], [ -73.550961, 41.295422 ], [ -73.487314, 42.049638 ], [ -72.813541, 42.036494 ], [ -72.816741, 41.997595 ], [ -72.766739, 42.002995 ], [ -72.755838, 42.036195 ], [ -71.80065, 42.023569 ] ] ] } },
{ "type": "Feature", "properties": { "fips": "10" }, "geometry": { "type": "MultiPolygon", "coordinates": [ [ [ [ -75.34089, 39.01996 ], [ -75.304078, 38.91316 ], [ -75.190552, 38.806861 ], [ -75.134022, 38.782242 ], [ -75.089473, 38.797198 ], [ -75.048939, 38.451263 ], [ -75.693521, 38.460128 ], [ -75.788359, 39.721811 ], [ -75.716969, 39.791998 ], [ -75.662822, 39.82115 ], [ -75.539346, 39.838211 ], [ -75.415041, 39.801786 ], [ -75.509742, 39.686113 ], [ -75.529744, 39.692613 ], [ -75.587147, 39.651012 ], [ -75.613793, 39.606192 ], [ -75.563034, 39.56224 ], [ -75.560728, 39.520472 ], [ -75.587729, 39.496353 ], [ -75.589439, 39.460812 ], [ -75.538512, 39.416502 ], [ -75.491688, 39.343963 ], [ -75.439027, 39.313384 ], [ -75.402964, 39.254626 ], [ -75.402035, 39.066885 ], [ -75.34089, 39.01996 ] ] ], [ [ [ -75.579615, 39.598656 ], [ -75.565823, 39.590608 ], [ -75.564927, 39.583248 ], [ -75.576271, 39.588144 ], [ -75.579615, 39.598656 ] ] ], [ [ [ -75.571759, 39.623584 ], [ -75.559446, 39.629812 ], [ -75.55587, 39.605824 ], [ -75.561934, 39.605216 ], [ -75.571759, 39.623584 ] ] ] ] } },
{ "type": "Feature", "properties": { "fips": "11" }, "geometry": { "type": "Polygon", "coordinates": [ [ [ -77.038598, 38.791513 ], [ -77.040599, 38.871212 ], [ -77.1199, 38.934311 ], [ -77.040999, 38.99511 ], [ -76.909395, 38.892812 ], [ -77.038598, 38.791513 ] ] ] } },
{ "type": "Feature", "properties": { "fips": "12" }, "geometry": { "type": "MultiPolygon", "coordinates": [ [ [ [ -82.821585, 27.964443 ], [ -82.830525, 28.085293 ], [ -82.813435, 28.03716 ], [ -82.821585, 27.964443 ] ] ], [ [ [ -82.760551, 28.993087 ], [ -82.759704, 29.054192 ], [ -82.780558, 29.07358 ], [ -82.816925, 29.076215 ], [ -82.823659, 29.098902 ], [ -82.798876, 29.114504 ], [ -82.804736, 29.146624 ], [ -82.827073, 29.158425 ], [ -82.991653, 29.180664 ], [ -83.019071, 29.141324 ], [ -83.053207, 29.130839 ], [ -83.087839, 29.21642 ], [ -83.077265, 29.255331 ], [ -83.169576, 29.290355 ], [ -83.175518, 29.34469 ], [ -83.218075, 29.420492 ], [ -83.294747, 29.437923 ], [ -83.311546, 29.475666 ], [ -83.400252, 29.517242 ], [ -83.412768, 29.668485 ], [ -83.455356, 29.676444 ], [ -83.547172, 29.732223 ], [ -83.584716, 29.77608 ], [ -83.585899, 29.811754 ], [ -83.63798, 29.886073 ], [ -83.686423, 29.923735 ], [ -83.93151, 30.039068 ], [ -84.024274, 30.103271 ], [ -84.167881, 30.071422 ], [ -84.19853, 30.087937 ], [ -84.237014, 30.08556 ], [ -84.256439, 30.103791 ], [ -84.277168, 30.060263 ], [ -84.315344, 30.069492 ], [ -84.358923, 30.058224 ], [ -84.361962, 29.987739 ], [ -84.343041, 29.9751 ], [ -84.333746, 29.923721 ], [ -84.349066, 29.896812 ], [ -84.423834, 29.902996 ], [ -84.451705, 29.929085 ], [ -84.511996, 29.916574 ], [ -84.888031, 29.722406 ], [ -84.901781, 29.735723 ], [ -84.877111, 29.772888 ], [ -84.90413, 29.786279 ], [ -84.993264, 29.714961 ], [ -85.121473, 29.715854 ], [ -85.259719, 29.681296 ], [ -85.319215, 29.681494 ], [ -85.343619, 29.672004 ], [ -85.344768, 29.654793 ], [ -85.397871, 29.740498 ], [ -85.413575, 29.85294 ], [ -85.392469, 29.870914 ], [ -85.405907, 29.80193 ], [ -85.37796, 29.709621 ], [ -85.353885, 29.684765 ], [ -85.31139, 29.697557 ], [ -85.302591, 29.808094 ], [ -85.405052, 29.938487 ], [ -85.509148, 29.971466 ], [ -85.588242, 30.055543 ], [ -85.69681, 30.09689 ], [ -85.9226, 30.238024 ], [ -86.222561, 30.343585 ], [ -86.412076, 30.380346 ], [ -86.750906, 30.391881 ], [ -87.206254, 30.320943 ], [ -87.295422, 30.323503 ], [ -87.518324, 30.280435 ], [ -87.452378, 30.300201 ], [ -87.451378, 30.367199 ], [ -87.419177, 30.410198 ], [ -87.430578, 30.491096 ], [ -87.449921, 30.51469 ], [ -87.394219, 30.641699 ], [ -87.407118, 30.671796 ], [ -87.532607, 30.743489 ], [ -87.624137, 30.845713 ], [ -87.634938, 30.865886 ], [ -87.601355, 30.936294 ], [ -87.598928, 30.997457 ], [ -85.002368, 31.000682 ], [ -84.983527, 30.935486 ], [ -84.941925, 30.887988 ], [ -84.896122, 30.750591 ], [ -84.864693, 30.711542 ], [ -82.214385, 30.566958 ], [ -82.210291, 30.42459 ], [ -82.165192, 30.358035 ], [ -82.050069, 30.362338 ], [ -82.005477, 30.563495 ], [ -82.049401, 30.655296 ], [ -82.023213, 30.781987 ], [ -81.906014, 30.822176 ], [ -81.868608, 30.792754 ], [ -81.806652, 30.789683 ], [ -81.719927, 30.744634 ], [ -81.432725, 30.703017 ], [ -81.434064, 30.522569 ], [ -81.447087, 30.503679 ], [ -81.410809, 30.482039 ], [ -81.385505, 30.273841 ], [ -81.240924, 29.739218 ], [ -80.966176, 29.14796 ], [ -80.709725, 28.756692 ], [ -80.574868, 28.585166 ], [ -80.525094, 28.459454 ], [ -80.587813, 28.410856 ], [ -80.606874, 28.336484 ], [ -80.604214, 28.257733 ], [ -80.566432, 28.09563 ], [ -80.383695, 27.740045 ], [ -80.253665, 27.37979 ], [ -80.093909, 27.018587 ], [ -80.031362, 26.796339 ], [ -80.038863, 26.569347 ], [ -80.109566, 26.087165 ], [ -80.122056, 25.817913 ], [ -80.154972, 25.66549 ], [ -80.176916, 25.685062 ], [ -80.172765, 25.737847 ], [ -80.197674, 25.74437 ], [ -80.240376, 25.724206 ], [ -80.267065, 25.651849 ], [ -80.301464, 25.613299 ], [ -80.302057, 25.567632 ], [ -80.339421, 25.499427 ], [ -80.31036, 25.3731 ], [ -80.374116, 25.31735 ], [ -80.385978, 25.288289 ], [ -80.495341, 25.199463 ], [ -80.570785, 25.239366 ], [ -80.589186, 25.223796 ], [ -80.584771, 25.200665 ], [ -80.609607, 25.181902 ], [ -80.688361, 25.164711 ], [ -80.703718, 25.139115 ], [ -80.742877, 25.142646 ], [ -80.757581, 25.166734 ], [ -80.82653, 25.160478 ], [ -80.858167, 25.176576 ], [ -80.900066, 25.162034 ], [ -80.900577, 25.139669 ], [ -81.079859, 25.118797 ], [ -81.141024, 25.163868 ], [ -81.170907, 25.245857 ], [ -81.148103, 25.332793 ], [ -81.12141, 25.33875 ], [ -81.117265, 25.354953 ], [ -81.128492, 25.380511 ], [ -81.150508, 25.387255 ], [ -81.168652, 25.463848 ], [ -81.208201, 25.504937 ], [ -81.204389, 25.538908 ], [ -81.225557, 25.55847 ], [ -81.253951, 25.638181 ], [ -81.290328, 25.687506 ], [ -81.346078, 25.721473 ], [ -81.361875, 25.772715 ], [ -81.340406, 25.786631 ], [ -81.352731, 25.822015 ], [ -81.417536, 25.864954 ], [ -81.458487, 25.868929 ], [ -81.473992, 25.888411 ], [ -81.508979, 25.884037 ], [ -81.527665, 25.901531 ], [ -81.584519, 25.888808 ], [ -81.644553, 25.897953 ], [ -81.6848, 25.847205 ], [ -81.727086, 25.907207 ], [ -81.747834, 25.994273 ], [ -81.801663, 26.088227 ], [ -81.833142, 26.294518 ], [ -81.868983, 26.378648 ], [ -81.969509, 26.476505 ], [ -82.008961, 26.484052 ], [ -82.00908, 26.505203 ], [ -82.024604, 26.512677 ], [ -82.06715, 26.513252 ], [ -82.07175, 26.492554 ], [ -82.105672, 26.48393 ], [ -82.137869, 26.637441 ], [ -82.181565, 26.681712 ], [ -82.173516, 26.701836 ], [ -82.139019, 26.702986 ], [ -82.093023, 26.665614 ], [ -82.055076, 26.802452 ], [ -82.059101, 26.876621 ], [ -82.090723, 26.888694 ], [ -82.093023, 26.906518 ], [ -82.090148, 26.923191 ], [ -82.061976, 26.931241 ], [ -82.063126, 26.950214 ], [ -82.107972, 26.957688 ], [ -82.137294, 26.926066 ], [ -82.175241, 26.916867 ], [ -82.147068, 26.789803 ], [ -82.17869, 26.772555 ], [ -82.233311, 26.784054 ], [ -82.259867, 26.717398 ], [ -82.289086, 26.827784 ], [ -82.445718, 27.060634 ], [ -82.539719, 27.254326 ], [ -82.691821, 27.437218 ], [ -82.745748, 27.538834 ], [ -82.708121, 27.523514 ], [ -82.706821, 27.498415 ], [ -82.65072, 27.523115 ], [ -82.611717, 27.585283 ], [ -82.570607, 27.608882 ], [ -82.514265, 27.705588 ], [ -82.477638, 27.723004 ], [ -82.482305, 27.742649 ], [ -82.434635, 27.764355 ], [ -82.393383, 27.837519 ], [ -82.413915, 27.901401 ], [ -82.478063, 27.92768 ], [ -82.491117, 27.9145 ], [ -82.47244, 27.822559 ], [ -82.553946, 27.848462 ], [ -82.529918, 27.877501 ], [ -82.542818, 27.890601 ], [ -82.533718, 27.932999 ], [ -82.553918, 27.966998 ], [ -82.720522, 27.955798 ], [ -82.710022, 27.928299 ], [ -82.628063, 27.910397 ], [ -82.63212, 27.8911 ], [ -82.61002, 27.873501 ], [ -82.567919, 27.883701 ], [ -82.566819, 27.858002 ], [ -82.598443, 27.857582 ], [ -82.586519, 27.816703 ], [ -82.622723, 27.779868 ], [ -82.63362, 27.710607 ], [ -82.718822, 27.692007 ], [ -82.721622, 27.663908 ], [ -82.698091, 27.638858 ], [ -82.733076, 27.612972 ], [ -82.746223, 27.731306 ], [ -82.846526, 27.854301 ], [ -82.840882, 27.937162 ], [ -82.824875, 27.960201 ], [ -82.832155, 27.909242 ], [ -82.782724, 28.055894 ], [ -82.781324, 28.127591 ], [ -82.790724, 28.15249 ], [ -82.808474, 28.154803 ], [ -82.805097, 28.172181 ], [ -82.762643, 28.219013 ], [ -82.764103, 28.244345 ], [ -82.732792, 28.291933 ], [ -82.706322, 28.401325 ], [ -82.674787, 28.441956 ], [ -82.656694, 28.544814 ], [ -82.664055, 28.606584 ], [ -82.645482, 28.697553 ], [ -82.662232, 28.737258 ], [ -82.645482, 28.767037 ], [ -82.652926, 28.830936 ], [ -82.638657, 28.843344 ], [ -82.639898, 28.876224 ], [ -82.656028, 28.899179 ], [ -82.688864, 28.905609 ], [ -82.737872, 28.995703 ], [ -82.760551, 28.993087 ] ] ], [ [ [ -85.077237, 29.670862 ], [ -85.097218, 29.633004 ], [ -85.124913, 29.628433 ], [ -85.222546, 29.678039 ], [ -85.093902, 29.684838 ], [ -85.077237, 29.670862 ] ] ], [ [ [ -84.765117, 29.699724 ], [ -85.036219, 29.588919 ], [ -85.097082, 29.625215 ], [ -85.023501, 29.597073 ], [ -84.813352, 29.687028 ], [ -84.696726, 29.76993 ], [ -84.765117, 29.699724 ] ] ], [ [ [ -82.104187, 24.588256 ], [ -82.116787, 24.549144 ], [ -82.165206, 24.552159 ], [ -82.135423, 24.596879 ], [ -82.104187, 24.588256 ] ] ], [ [ [ -81.516433, 24.700341 ], [ -81.454132, 24.710834 ], [ -81.451267, 24.747464 ], [ -81.432032, 24.722908 ], [ -81.431009, 24.751761 ], [ -81.402769, 24.749101 ], [ -81.36041, 24.708788 ], [ -81.319282, 24.701238 ], [ -81.298369, 24.654326 ], [ -81.395096, 24.621062 ], [ -81.414187, 24.647167 ], [ -81.470411, 24.641985 ], [ -81.49858, 24.66498 ], [ -81.511165, 24.625135 ], [ -81.602998, 24.586444 ], [ -81.685278, 24.558739 ], [ -81.81289, 24.546468 ], [ -81.794057, 24.586 ], [ -81.687017, 24.592534 ], [ -81.614529, 24.650584 ], [ -81.582923, 24.658732 ], [ -81.562917, 24.692912 ], [ -81.535323, 24.67954 ], [ -81.516433, 24.700341 ] ] ], [ [ [ -82.255159, 26.70816 ], [ -82.166042, 26.489679 ], [ -82.088423, 26.455182 ], [ -82.062551, 26.470131 ], [ -82.013913, 26.452058 ], [ -82.082915, 26.422059 ], [ -82.172917, 26.467658 ], [ -82.205523, 26.566536 ], [ -82.268007, 26.682791 ], [ -82.255159, 26.70816 ] ] ], [ [ [ -81.260006, 24.674848 ], [ -81.243232, 24.673998 ], [ -81.281778, 24.65375 ], [ -81.260006, 24.674848 ] ] ], [ [ [ -80.938543, 24.767535 ], [ -81.108041, 24.688592 ], [ -81.125371, 24.708291 ], [ -81.041797, 24.742965 ], [ -81.016918, 24.734676 ], [ -80.910431, 24.782324 ], [ -80.912042, 24.76505 ], [ -80.938543, 24.767535 ] ] ], [ [ [ -81.302984, 24.714199 ], [ -81.326844, 24.728375 ], [ -81.357417, 24.756834 ], [ -81.324637, 24.76721 ], [ -81.288259, 24.720881 ], [ -81.302984, 24.714199 ] ] ], [ [ [ -80.89054, 24.791678 ], [ -80.892649, 24.785991 ], [ -80.906874, 24.783744 ], [ -80.89054, 24.791678 ] ] ], [ [ [ -80.846142, 24.807488 ], [ -80.79278, 24.843918 ], [ -80.780564, 24.84052 ], [ -80.796053, 24.81194 ], [ -80.846142, 24.807488 ] ] ], [ [ [ -80.761359, 24.836225 ], [ -80.732343, 24.86481 ], [ -80.691762, 24.885759 ], [ -80.703176, 24.869495 ], [ -80.761359, 24.836225 ] ] ], [ [ [ -80.351399, 25.190615 ], [ -80.349855, 25.168825 ], [ -80.399767, 25.108536 ], [ -80.47387, 25.060253 ], [ -80.565831, 24.958155 ], [ -80.659395, 24.897433 ], [ -80.621658, 24.944265 ], [ -80.558785, 24.971505 ], [ -80.545971, 25.01477 ], [ -80.509136, 25.028317 ], [ -80.460652, 25.078904 ], [ -80.494715, 25.102269 ], [ -80.450399, 25.088751 ], [ -80.433575, 25.106317 ], [ -80.446473, 25.151287 ], [ -80.41326, 25.137053 ], [ -80.395467, 25.150694 ], [ -80.391909, 25.19221 ], [ -80.337345, 25.231353 ], [ -80.336159, 25.261601 ], [ -80.368186, 25.282359 ], [ -80.328746, 25.28651 ], [ -80.292567, 25.314385 ], [ -80.246307, 25.398603 ], [ -80.21428, 25.416988 ], [ -80.174544, 25.518406 ], [ -80.173951, 25.482821 ], [ -80.204198, 25.412244 ], [ -80.351399, 25.190615 ] ] ] ] } },
{ "type": "Feature", "properties": { "fips": "13" }, "geometry": { "type": "Polygon", "coordinates": [ [ [ -84.863465, 30.711487 ], [ -84.896122, 30.750591 ], [ -84.941925, 30.887988 ], [ -84.983527, 30.935486 ], [ -85.035615, 31.108192 ], [ -85.107516, 31.186451 ], [ -85.111871, 31.258388 ], [ -85.087651, 31.308677 ], [ -85.041305, 31.540987 ], [ -85.057473, 31.618624 ], [ -85.12553, 31.694965 ], [ -85.11893, 31.732664 ], [ -85.141331, 31.783163 ], [ -85.132931, 31.88826 ], [ -85.08213, 31.944658 ], [ -85.050212, 32.024196 ], [ -85.047865, 32.142033 ], [ -84.964828, 32.194952 ], [ -84.909052, 32.26354 ], [ -84.93868, 32.300708 ], [ -85.007103, 32.328362 ], [ -84.979431, 32.412244 ], [ -85.001324, 32.512973 ], [ -85.10479, 32.642542 ], [ -85.137136, 32.745168 ], [ -85.123421, 32.772248 ], [ -85.184131, 32.870525 ], [ -85.605165, 34.984678 ], [ -83.673621, 34.987111 ], [ -83.108535, 35.000771 ], [ -83.143261, 34.924756 ], [ -83.242962, 34.877749 ], [ -83.267293, 34.832748 ], [ -83.32406, 34.788691 ], [ -83.351293, 34.701703 ], [ -83.240676, 34.624307 ], [ -83.167523, 34.600424 ], [ -83.087189, 34.515939 ], [ -83.034712, 34.483495 ], [ -82.902665, 34.485902 ], [ -82.873831, 34.471508 ], [ -82.755028, 34.276067 ], [ -82.717507, 34.150504 ], [ -82.67732, 34.131657 ], [ -82.640701, 34.088341 ], [ -82.564582, 33.95581 ], [ -82.301457, 33.801864 ], [ -82.247472, 33.752591 ], [ -82.196583, 33.630582 ], [ -82.135046, 33.591044 ], [ -82.046335, 33.56383 ], [ -81.967037, 33.480636 ], [ -81.912572, 33.408811 ], [ -81.902737, 33.331242 ], [ -81.852136, 33.247544 ], [ -81.696934, 33.116551 ], [ -81.620287, 33.095408 ], [ -81.496637, 33.010224 ], [ -81.49983, 32.963816 ], [ -81.404949, 32.747027 ], [ -81.41866, 32.629392 ], [ -81.348155, 32.569294 ], [ -81.275415, 32.539457 ], [ -81.199029, 32.467286 ], [ -81.168032, 32.368391 ], [ -81.134332, 32.341693 ], [ -81.122333, 32.305395 ], [ -81.117234, 32.117605 ], [ -81.06185, 32.087935 ], [ -80.84313, 32.024226 ], [ -80.841913, 32.002643 ], [ -80.897687, 31.949065 ], [ -80.948491, 31.95723 ], [ -80.972392, 31.94127 ], [ -80.968494, 31.915822 ], [ -80.934508, 31.90918 ], [ -80.99269, 31.857641 ], [ -81.065255, 31.877095 ], [ -81.05907, 31.850106 ], [ -81.075812, 31.829031 ], [ -81.036873, 31.812721 ], [ -81.077057, 31.761256 ], [ -81.130634, 31.722692 ], [ -81.192784, 31.733245 ], [ -81.203572, 31.719448 ], [ -81.161084, 31.691401 ], [ -81.131137, 31.695774 ], [ -81.133493, 31.623348 ], [ -81.173079, 31.555908 ], [ -81.204315, 31.568183 ], [ -81.260076, 31.54828 ], [ -81.258809, 31.52906 ], [ -81.199518, 31.537596 ], [ -81.177254, 31.517074 ], [ -81.278798, 31.367214 ], [ -81.282923, 31.326491 ], [ -81.25482, 31.315452 ], [ -81.274688, 31.289454 ], [ -81.288403, 31.211065 ], [ -81.339028, 31.186918 ], [ -81.368241, 31.136534 ], [ -81.399677, 31.134113 ], [ -81.420474, 31.016703 ], [ -81.451444, 31.015515 ], [ -81.493651, 30.977528 ], [ -81.426929, 30.956615 ], [ -81.408484, 30.977718 ], [ -81.403409, 30.957914 ], [ -81.405153, 30.908203 ], [ -81.460061, 30.769912 ], [ -81.444124, 30.709714 ], [ -81.606221, 30.718135 ], [ -81.624298, 30.736194 ], [ -81.719927, 30.744634 ], [ -81.806652, 30.789683 ], [ -81.868608, 30.792754 ], [ -81.906014, 30.822176 ], [ -82.023213, 30.781987 ], [ -82.049401, 30.655296 ], [ -82.005477, 30.563495 ], [ -82.050069, 30.362338 ], [ -82.165192, 30.358035 ], [ -82.189583, 30.376213 ], [ -82.210291, 30.42459 ], [ -82.214385, 30.566958 ], [ -84.863465, 30.711487 ] ] ] } },
{ "type": "Feature", "properties": { "fips": "15" }, "geometry": { "type": "MultiPolygon", "coordinates": [ [ [ [ -155.737004, 20.222773 ], [ -155.732704, 20.205392 ], [ -155.598033, 20.124539 ], [ -155.558933, 20.13157 ], [ -155.443957, 20.095318 ], [ -155.282629, 20.021969 ], [ -155.204486, 19.969438 ], [ -155.086341, 19.855399 ], [ -155.087118, 19.728013 ], [ -155.006423, 19.739286 ], [ -154.981102, 19.690687 ], [ -154.983778, 19.641647 ], [ -154.950359, 19.626461 ], [ -154.947106, 19.604856 ], [ -154.903542, 19.570622 ], [ -154.809379, 19.519086 ], [ -154.838545, 19.463642 ], [ -154.980861, 19.349291 ], [ -155.159635, 19.268375 ], [ -155.296761, 19.266289 ], [ -155.360631, 19.20893 ], [ -155.51474, 19.132501 ], [ -155.557817, 19.08213 ], [ -155.557371, 19.046565 ], [ -155.601866, 18.971572 ], [ -155.672005, 18.917466 ], [ -155.726043, 18.969437 ], [ -155.88155, 19.036644 ], [ -155.908355, 19.081138 ], [ -155.921389, 19.121183 ], [ -155.888701, 19.348031 ], [ -155.924269, 19.438794 ], [ -155.922609, 19.478611 ], [ -155.952897, 19.488805 ], [ -155.978206, 19.608159 ], [ -155.997728, 19.642816 ], [ -156.032928, 19.653905 ], [ -156.029281, 19.678908 ], [ -156.064364, 19.730766 ], [ -156.049651, 19.780452 ], [ -155.976651, 19.85053 ], [ -155.925843, 19.858928 ], [ -155.892533, 19.932162 ], [ -155.831948, 19.982775 ], [ -155.828182, 20.035424 ], [ -155.899149, 20.145728 ], [ -155.906035, 20.205157 ], [ -155.890663, 20.25524 ], [ -155.853293, 20.271548 ], [ -155.737004, 20.222773 ] ] ], [ [ [ -156.586238, 20.511711 ], [ -156.603844, 20.524372 ], [ -156.668809, 20.504738 ], [ -156.703673, 20.527237 ], [ -156.6801, 20.557021 ], [ -156.576871, 20.60657 ], [ -156.543034, 20.580115 ], [ -156.556021, 20.542657 ], [ -156.539643, 20.527644 ], [ -156.586238, 20.511711 ] ] ], [ [ [ -156.592256, 21.03288 ], [ -156.546291, 21.005082 ], [ -156.474796, 20.894546 ], [ -156.324578, 20.950184 ], [ -156.230159, 20.931936 ], [ -156.166746, 20.865646 ], [ -156.132669, 20.861369 ], [ -156.115735, 20.827301 ], [ -156.090291, 20.831872 ], [ -156.003532, 20.795545 ], [ -155.984587, 20.767496 ], [ -155.991534, 20.713654 ], [ -156.053385, 20.65432 ], [ -156.142665, 20.623605 ], [ -156.210258, 20.628518 ], [ -156.302692, 20.586199 ], [ -156.415313, 20.586099 ], [ -156.444242, 20.607941 ], [ -156.464043, 20.781667 ], [ -156.501688, 20.799933 ], [ -156.537752, 20.778408 ], [ -156.631794, 20.82124 ], [ -156.688969, 20.888673 ], [ -156.69411, 20.952708 ], [ -156.665514, 21.007054 ], [ -156.642809, 21.027583 ], [ -156.592256, 21.03288 ] ] ], [ [ [ -156.91845, 20.922546 ], [ -156.837047, 20.863575 ], [ -156.809463, 20.809169 ], [ -156.846413, 20.760201 ], [ -156.96789, 20.73508 ], [ -156.994001, 20.786671 ], [ -156.991834, 20.826603 ], [ -157.054552, 20.877219 ], [ -157.062511, 20.904385 ], [ -157.025626, 20.929528 ], [ -156.91845, 20.922546 ] ] ], [ [ [ -156.903466, 21.16421 ], [ -156.771495, 21.180053 ], [ -156.712696, 21.161547 ], [ -156.726033, 21.13236 ], [ -156.794136, 21.075796 ], [ -156.877137, 21.0493 ], [ -157.079696, 21.105835 ], [ -157.254061, 21.090601 ], [ -157.313343, 21.105755 ], [ -157.254709, 21.181376 ], [ -157.257085, 21.227268 ], [ -156.999108, 21.182221 ], [ -156.974002, 21.218503 ], [ -156.946159, 21.175963 ], [ -156.903466, 21.16421 ] ] ], [ [ [ -158.1127, 21.3019 ], [ -158.1403, 21.3738 ], [ -158.1792, 21.4043 ], [ -158.192352, 21.44804 ], [ -158.233, 21.4876 ], [ -158.234314, 21.540058 ], [ -158.27951, 21.575794 ], [ -158.12561, 21.586739 ], [ -158.0372, 21.6843 ], [ -157.98703, 21.712494 ], [ -157.947174, 21.689568 ], [ -157.878601, 21.560181 ], [ -157.85257, 21.557514 ], [ -157.836945, 21.529945 ], [ -157.852625, 21.499971 ], [ -157.84099, 21.459483 ], [ -157.786513, 21.415633 ], [ -157.772209, 21.457741 ], [ -157.731777, 21.455944 ], [ -157.7386, 21.4043 ], [ -157.7089, 21.3833 ], [ -157.6938, 21.3329 ], [ -157.6518, 21.3139 ], [ -157.7001, 21.264 ], [ -157.7139, 21.2638 ], [ -157.7213, 21.2869 ], [ -157.8096, 21.2577 ], [ -157.90482, 21.329172 ], [ -157.918939, 21.318615 ], [ -157.910925, 21.305768 ], [ -157.952263, 21.306531 ], [ -157.967971, 21.327986 ], [ -158.1127, 21.3019 ] ] ], [ [ [ -160.542404, 21.648081 ], [ -160.554123, 21.649546 ], [ -160.555771, 21.668287 ], [ -160.54332, 21.667128 ], [ -160.542404, 21.648081 ] ] ], [ [ [ -160.072123, 22.003334 ], [ -160.051992, 21.983681 ], [ -160.078393, 21.955153 ], [ -160.079065, 21.89608 ], [ -160.16162, 21.864746 ], [ -160.205851, 21.779518 ], [ -160.23478, 21.795418 ], [ -160.24961, 21.815145 ], [ -160.228965, 21.889117 ], [ -160.127302, 21.955508 ], [ -160.112746, 21.995245 ], [ -160.072123, 22.003334 ] ] ], [ [ [ -159.367563, 22.214906 ], [ -159.315613, 22.186817 ], [ -159.297143, 22.113815 ], [ -159.337996, 22.046575 ], [ -159.334714, 21.961099 ], [ -159.446599, 21.871647 ], [ -159.610241, 21.898356 ], [ -159.671872, 21.957038 ], [ -159.758218, 21.980694 ], [ -159.788139, 22.018411 ], [ -159.786543, 22.06369 ], [ -159.748159, 22.100388 ], [ -159.726043, 22.152171 ], [ -159.583965, 22.22668 ], [ -159.507811, 22.205987 ], [ -159.488558, 22.23317 ], [ -159.367563, 22.214906 ] ] ] ] } },
{ "type": "Feature", "properties": { "fips": "16" }, "geometry": { "type": "Polygon", "coordinates": [ [ [ -111.046689, 42.001567 ], [ -113.893261, 41.988057 ], [ -117.026222, 42.000252 ], [ -117.026634, 43.808104 ], [ -116.961535, 43.918388 ], [ -116.935301, 43.988616 ], [ -116.931719, 44.102474 ], [ -116.894083, 44.160191 ], [ -116.975905, 44.242844 ], [ -117.170342, 44.25889 ], [ -117.190107, 44.273958 ], [ -117.214889, 44.466901 ], [ -117.149242, 44.536151 ], [ -117.062273, 44.727143 ], [ -116.931499, 44.792281 ], [ -116.852427, 44.887577 ], [ -116.83199, 44.933007 ], [ -116.858277, 44.978008 ], [ -116.845369, 45.017059 ], [ -116.729607, 45.142091 ], [ -116.673793, 45.321511 ], [ -116.463504, 45.615785 ], [ -116.535396, 45.691734 ], [ -116.54809, 45.752364 ], [ -116.789099, 45.847749 ], [ -116.857254, 45.904159 ], [ -116.94353, 46.062173 ], [ -116.925621, 46.158888 ], [ -116.958801, 46.24232 ], [ -116.987939, 46.298031 ], [ -117.061045, 46.367747 ], [ -117.039813, 46.425425 ], [ -117.032351, 48.999188 ], [ -116.049193, 49.000912 ], [ -116.048421, 47.97682 ], [ -115.72377, 47.696671 ], [ -115.706284, 47.637864 ], [ -115.739684, 47.537663 ], [ -115.712178, 47.488546 ], [ -115.729861, 47.447287 ], [ -115.721084, 47.42235 ], [ -115.576836, 47.366825 ], [ -115.52369, 47.298919 ], [ -115.320184, 47.255717 ], [ -115.266723, 47.181101 ], [ -115.193221, 47.133026 ], [ -114.936015, 46.899761 ], [ -114.920459, 46.827697 ], [ -114.853279, 46.799794 ], [ -114.739253, 46.715167 ], [ -114.667346, 46.719276 ], [ -114.614423, 46.639188 ], [ -114.481943, 46.631993 ], [ -114.370129, 46.654217 ], [ -114.337942, 46.641205 ], [ -114.346528, 46.535789 ], [ -114.385297, 46.467162 ], [ -114.378, 46.435371 ], [ -114.48312, 46.129147 ], [ -114.467583, 46.081914 ], [ -114.4912, 46.044003 ], [ -114.483379, 46.008047 ], [ -114.401552, 45.963195 ], [ -114.39376, 45.89402 ], [ -114.44868, 45.858891 ], [ -114.509303, 45.845531 ], [ -114.566172, 45.773864 ], [ -114.495421, 45.703321 ], [ -114.500925, 45.666715 ], [ -114.563652, 45.637412 ], [ -114.561773, 45.565109 ], [ -114.460542, 45.561283 ], [ -114.350819, 45.468542 ], [ -114.309613, 45.469432 ], [ -114.247828, 45.545489 ], [ -114.135249, 45.557465 ], [ -114.03493, 45.647967 ], [ -114.019315, 45.692937 ], [ -113.987759, 45.705247 ], [ -113.813933, 45.600559 ], [ -113.802009, 45.579096 ], [ -113.810117, 45.530924 ], [ -113.772915, 45.512322 ], [ -113.738729, 45.329741 ], [ -113.674409, 45.249411 ], [ -113.599506, 45.191114 ], [ -113.565979, 45.149335 ], [ -113.576453, 45.130311 ], [ -113.449349, 45.045745 ], [ -113.447199, 44.971924 ], [ -113.498745, 44.942314 ], [ -113.455071, 44.865424 ], [ -113.341704, 44.784853 ], [ -113.247166, 44.82295 ], [ -113.134617, 44.763149 ], [ -113.051504, 44.63695 ], [ -113.027147, 44.495915 ], [ -113.003544, 44.450814 ], [ -112.875822, 44.374357 ], [ -112.83134, 44.38166 ], [ -112.822046, 44.434109 ], [ -112.781294, 44.484888 ], [ -112.71911, 44.504344 ], [ -112.38708, 44.460476 ], [ -112.358926, 44.48628 ], [ -112.339721, 44.538577 ], [ -112.274083, 44.564334 ], [ -112.187115, 44.534452 ], [ -112.078471, 44.533551 ], [ -111.870504, 44.564033 ], [ -111.843295, 44.528225 ], [ -111.806528, 44.515459 ], [ -111.704218, 44.560205 ], [ -111.601249, 44.55421 ], [ -111.525764, 44.604883 ], [ -111.489008, 44.705553 ], [ -111.394815, 44.751351 ], [ -111.323669, 44.724474 ], [ -111.219236, 44.622616 ], [ -111.131379, 44.499925 ], [ -111.048974, 44.474072 ], [ -111.046689, 42.001567 ] ] ] } },
{ "type": "Feature", "properties": { "fips": "17" }, "geometry": { "type": "Polygon", "coordinates": [ [ [ -90.373929, 38.281853 ], [ -90.350918, 38.375053 ], [ -90.295316, 38.426753 ], [ -90.260314, 38.528352 ], [ -90.18451, 38.611551 ], [ -90.18111, 38.65955 ], [ -90.20991, 38.72605 ], [ -90.123107, 38.798048 ], [ -90.109407, 38.843548 ], [ -90.250248, 38.919344 ], [ -90.450792, 38.967764 ], [ -90.54403, 38.87505 ], [ -90.583388, 38.86903 ], [ -90.625122, 38.888654 ], [ -90.663372, 38.928042 ], [ -90.71158, 39.046798 ], [ -90.681086, 39.10059 ], [ -90.72996, 39.255894 ], [ -90.842175, 39.341932 ], [ -91.042351, 39.452062 ], [ -91.158606, 39.553048 ], [ -91.178012, 39.598196 ], [ -91.229317, 39.620853 ], [ -91.367753, 39.729029 ], [ -91.365396, 39.777266 ], [ -91.446385, 39.870394 ], [ -91.460287, 39.980333 ], [ -91.494865, 40.037421 ], [ -91.510322, 40.127994 ], [ -91.505968, 40.234305 ], [ -91.46214, 40.342414 ], [ -91.372554, 40.4012 ], [ -91.364211, 40.500043 ], [ -91.405241, 40.554641 ], [ -91.339719, 40.613488 ], [ -91.253074, 40.637962 ], [ -91.18698, 40.637297 ], [ -91.122421, 40.670675 ], [ -91.092993, 40.821079 ], [ -91.009536, 40.900565 ], [ -90.968995, 40.919127 ], [ -90.952233, 40.954047 ], [ -90.946627, 41.096632 ], [ -90.989663, 41.155716 ], [ -91.049808, 41.178033 ], [ -91.113648, 41.241401 ], [ -91.047819, 41.4109 ], [ -90.847458, 41.455019 ], [ -90.655839, 41.462132 ], [ -90.605937, 41.494232 ], [ -90.461432, 41.523533 ], [ -90.34165, 41.621484 ], [ -90.309826, 41.743321 ], [ -90.181973, 41.80707 ], [ -90.140613, 41.995999 ], [ -90.166495, 42.054543 ], [ -90.162225, 42.11488 ], [ -90.234919, 42.165431 ], [ -90.391108, 42.225473 ], [ -90.430884, 42.27823 ], [ -90.419027, 42.328505 ], [ -90.477279, 42.383794 ], [ -90.646727, 42.471904 ], [ -90.655927, 42.491703 ], [ -90.640927, 42.508302 ], [ -87.800477, 42.49192 ], [ -87.80537, 42.384721 ], [ -87.834769, 42.301522 ], [ -87.828569, 42.269922 ], [ -87.741662, 42.128227 ], [ -87.671462, 42.058334 ], [ -87.611659, 41.892216 ], [ -87.60945, 41.845233 ], [ -87.524141, 41.72399 ], [ -87.531646, 39.347888 ], [ -87.584852, 39.337329 ], [ -87.604043, 39.313526 ], [ -87.605543, 39.261122 ], [ -87.587507, 39.249282 ], [ -87.605173, 39.185897 ], [ -87.658746, 39.135997 ], [ -87.572588, 39.057286 ], [ -87.512187, 38.954417 ], [ -87.553384, 38.863344 ], [ -87.525893, 38.848795 ], [ -87.495211, 38.78306 ], [ -87.519609, 38.697198 ], [ -87.593678, 38.667402 ], [ -87.62012, 38.639489 ], [ -87.670071, 38.545237 ], [ -87.656144, 38.521668 ], [ -87.750028, 38.403027 ], [ -87.863032, 38.280172 ], [ -87.951715, 38.239632 ], [ -87.959062, 38.203712 ], [ -87.911034, 38.162194 ], [ -87.942176, 38.131759 ], [ -88.013118, 38.103527 ], [ -88.042132, 38.046345 ], [ -88.012574, 37.977062 ], [ -88.013451, 37.893951 ], [ -88.071449, 37.895813 ], [ -88.027789, 37.828298 ], [ -88.02803, 37.799224 ], [ -88.059588, 37.742608 ], [ -88.122412, 37.709685 ], [ -88.160187, 37.657592 ], [ -88.133393, 37.574235 ], [ -88.072242, 37.528826 ], [ -88.062562, 37.489385 ], [ -88.083395, 37.473683 ], [ -88.281667, 37.452596 ], [ -88.358436, 37.40486 ], [ -88.408808, 37.425216 ], [ -88.470224, 37.396255 ], [ -88.515939, 37.284043 ], [ -88.424403, 37.152428 ], [ -88.458948, 37.073796 ], [ -88.545403, 37.070003 ], [ -88.625889, 37.119458 ], [ -88.809206, 37.189235 ], [ -88.916934, 37.224291 ], [ -88.98326, 37.228685 ], [ -89.086526, 37.165602 ], [ -89.175725, 37.062069 ], [ -89.178975, 37.020928 ], [ -89.132685, 36.9822 ], [ -89.170008, 36.970298 ], [ -89.29213, 36.992189 ], [ -89.383937, 37.046441 ], [ -89.414471, 37.12505 ], [ -89.517032, 37.28192 ], [ -89.489005, 37.333368 ], [ -89.432836, 37.347056 ], [ -89.421054, 37.387668 ], [ -89.439769, 37.4372 ], [ -89.517051, 37.537278 ], [ -89.515436, 37.67137 ], [ -89.671255, 37.801144 ], [ -89.844786, 37.905572 ], [ -89.901832, 37.869822 ], [ -89.950594, 37.881526 ], [ -89.997103, 37.963225 ], [ -90.243116, 38.112669 ], [ -90.334258, 38.189932 ], [ -90.373929, 38.281853 ] ] ] } },
{ "type": "Feature", "properties": { "fips": "18" }, "geometry": { "type": "Polygon", "coordinates": [ [ [ -86.919329, 37.936664 ], [ -87.033444, 37.906593 ], [ -87.067836, 37.806065 ], [ -87.111133, 37.782512 ], [ -87.380247, 37.935596 ], [ -87.450458, 37.941451 ], [ -87.511499, 37.906426 ], [ -87.559342, 37.931146 ], [ -87.585916, 37.975442 ], [ -87.62896, 37.926714 ], [ -87.588426, 37.868791 ], [ -87.615399, 37.831974 ], [ -87.679188, 37.836321 ], [ -87.662865, 37.885578 ], [ -87.67573, 37.90193 ], [ -87.830578, 37.876516 ], [ -87.87254, 37.920999 ], [ -87.898062, 37.927514 ], [ -87.940069, 37.88767 ], [ -87.903804, 37.817762 ], [ -87.943756, 37.776843 ], [ -88.02803, 37.799224 ], [ -88.027789, 37.828298 ], [ -88.071449, 37.895813 ], [ -88.013451, 37.893951 ], [ -88.012574, 37.977062 ], [ -88.042132, 38.046345 ], [ -88.013118, 38.103527 ], [ -87.942176, 38.131759 ], [ -87.911034, 38.162194 ], [ -87.959062, 38.203712 ], [ -87.951715, 38.239632 ], [ -87.863032, 38.280172 ], [ -87.750028, 38.403027 ], [ -87.656144, 38.521668 ], [ -87.670071, 38.545237 ], [ -87.62012, 38.639489 ], [ -87.593678, 38.667402 ], [ -87.531231, 38.684036 ], [ -87.498515, 38.758983 ], [ -87.495211, 38.78306 ], [ -87.525893, 38.848795 ], [ -87.553384, 38.863344 ], [ -87.512187, 38.954417 ], [ -87.572588, 39.057286 ], [ -87.658746, 39.135997 ], [ -87.605173, 39.185897 ], [ -87.587507, 39.249282 ], [ -87.605543, 39.261122 ], [ -87.604043, 39.313526 ], [ -87.584852, 39.337329 ], [ -87.531646, 39.347888 ], [ -87.524044, 41.708335 ], [ -87.470742, 41.672835 ], [ -87.43853, 41.670679 ], [ -87.42344, 41.642835 ], [ -87.278437, 41.619736 ], [ -87.066033, 41.661845 ], [ -86.824828, 41.76024 ], [ -84.818873, 41.760059 ], [ -84.806134, 41.743115 ], [ -84.802094, 40.702476 ], [ -84.820157, 39.10548 ], [ -84.897364, 39.057378 ], [ -84.849445, 39.000923 ], [ -84.785111, 38.879988 ], [ -84.81335, 38.79833 ], [ -84.995939, 38.776756 ], [ -85.172528, 38.688082 ], [ -85.213257, 38.695446 ], [ -85.275454, 38.741172 ], [ -85.434065, 38.729455 ], [ -85.456978, 38.689135 ], [ -85.415821, 38.563558 ], [ -85.423077, 38.531581 ], [ -85.607629, 38.439295 ], [ -85.653641, 38.327108 ], [ -85.683561, 38.295469 ], [ -85.744862, 38.26717 ], [ -85.780963, 38.288469 ], [ -85.829364, 38.276769 ], [ -85.908764, 38.161169 ], [ -85.906163, 38.08617 ], [ -85.922395, 38.028679 ], [ -85.951467, 38.005608 ], [ -86.029509, 37.99264 ], [ -86.178983, 38.011308 ], [ -86.266891, 38.057125 ], [ -86.271223, 38.130112 ], [ -86.309727, 38.144393 ], [ -86.398661, 38.106238 ], [ -86.452192, 38.05049 ], [ -86.517289, 38.042634 ], [ -86.525174, 37.968228 ], [ -86.604624, 37.858272 ], [ -86.634271, 37.843845 ], [ -86.655296, 37.842508 ], [ -86.660293, 37.865057 ], [ -86.709164, 37.89764 ], [ -86.73146, 37.89434 ], [ -86.815267, 37.998877 ], [ -86.85595, 37.987292 ], [ -86.919329, 37.936664 ] ] ] } },
{ "type": "Feature", "properties": { "fips": "19" }, "geometry": { "type": "Polygon", "coordinates": [ [ [ -93.260612, 40.580797 ], [ -95.765645, 40.585208 ], [ -95.748626, 40.603355 ], [ -95.776251, 40.647463 ], [ -95.842801, 40.677496 ], [ -95.883178, 40.717579 ], [ -95.88669, 40.742101 ], [ -95.861695, 40.762871 ], [ -95.821193, 40.876682 ], [ -95.829074, 40.975688 ], [ -95.867286, 41.001599 ], [ -95.852788, 41.165398 ], [ -95.92599, 41.195698 ], [ -95.90249, 41.273398 ], [ -95.91379, 41.320197 ], [ -95.956791, 41.349196 ], [ -95.930705, 41.433894 ], [ -95.994784, 41.526242 ], [ -96.030593, 41.527292 ], [ -96.046707, 41.507085 ], [ -96.09409, 41.539265 ], [ -96.118105, 41.613495 ], [ -96.095415, 41.652736 ], [ -96.121726, 41.68274 ], [ -96.077088, 41.715403 ], [ -96.064537, 41.793002 ], [ -96.161756, 41.90182 ], [ -96.136743, 41.920826 ], [ -96.129505, 41.971673 ], [ -96.272877, 42.047238 ], [ -96.307421, 42.130707 ], [ -96.349688, 42.172043 ], [ -96.35987, 42.210545 ], [ -96.323723, 42.229887 ], [ -96.328905, 42.254734 ], [ -96.417786, 42.351449 ], [ -96.413609, 42.407894 ], [ -96.380707, 42.446394 ], [ -96.385407, 42.473094 ], [ -96.476947, 42.508677 ], [ -96.476952, 42.556079 ], [ -96.516338, 42.630435 ], [ -96.575299, 42.682665 ], [ -96.630617, 42.70588 ], [ -96.639704, 42.737071 ], [ -96.632142, 42.770863 ], [ -96.549513, 42.839143 ], [ -96.510749, 42.944397 ], [ -96.513111, 43.02788 ], [ -96.466017, 43.062235 ], [ -96.436589, 43.120842 ], [ -96.475571, 43.221054 ], [ -96.557126, 43.224192 ], [ -96.584124, 43.268101 ], [ -96.56911, 43.295535 ], [ -96.530392, 43.300034 ], [ -96.521697, 43.386897 ], [ -96.594254, 43.434153 ], [ -96.60286, 43.450907 ], [ -96.58407, 43.468856 ], [ -96.598928, 43.500457 ], [ -91.217706, 43.50055 ], [ -91.210233, 43.372064 ], [ -91.107237, 43.313645 ], [ -91.057918, 43.255366 ], [ -91.175253, 43.134665 ], [ -91.178087, 43.062044 ], [ -91.14556, 42.90798 ], [ -91.100565, 42.883078 ], [ -91.053733, 42.738238 ], [ -90.949213, 42.685573 ], [ -90.709204, 42.636078 ], [ -90.636727, 42.518702 ], [ -90.654027, 42.478503 ], [ -90.477279, 42.383794 ], [ -90.419027, 42.328505 ], [ -90.430884, 42.27823 ], [ -90.391108, 42.225473 ], [ -90.234919, 42.165431 ], [ -90.162225, 42.11488 ], [ -90.166495, 42.054543 ], [ -90.140613, 41.995999 ], [ -90.181973, 41.80707 ], [ -90.309826, 41.743321 ], [ -90.34165, 41.621484 ], [ -90.39793, 41.572233 ], [ -90.461432, 41.523533 ], [ -90.605937, 41.494232 ], [ -90.655839, 41.462132 ], [ -90.847458, 41.455019 ], [ -91.047819, 41.4109 ], [ -91.113648, 41.241401 ], [ -91.049808, 41.178033 ], [ -90.989663, 41.155716 ], [ -90.946627, 41.096632 ], [ -90.952233, 40.954047 ], [ -90.968995, 40.919127 ], [ -91.009536, 40.900565 ], [ -91.092993, 40.821079 ], [ -91.122421, 40.670675 ], [ -91.18698, 40.637297 ], [ -91.253074, 40.637962 ], [ -91.339719, 40.613488 ], [ -91.405241, 40.554641 ], [ -91.364211, 40.500043 ], [ -91.372554, 40.4012 ], [ -91.38836, 40.384929 ], [ -91.484507, 40.3839 ], [ -91.524612, 40.410765 ], [ -91.619486, 40.507134 ], [ -91.620071, 40.540817 ], [ -91.729115, 40.61364 ], [ -93.260612, 40.580797 ] ] ] } },
{ "type": "Feature", "properties": { "fips": "20" }, "geometry": { "type": "Polygon", "coordinates": [ [ [ -94.61808, 36.998135 ], [ -102.04224, 36.993083 ], [ -102.051744, 40.003078 ], [ -95.30829, 39.999998 ], [ -95.132695, 39.875925 ], [ -95.042142, 39.864805 ], [ -95.00844, 39.900596 ], [ -94.954155, 39.901138 ], [ -94.927897, 39.886112 ], [ -94.895268, 39.76321 ], [ -94.916932, 39.728186 ], [ -95.01531, 39.674262 ], [ -95.107454, 39.573843 ], [ -95.109304, 39.542285 ], [ -94.909954, 39.367459 ], [ -94.901009, 39.30168 ], [ -94.832399, 39.227218 ], [ -94.752338, 39.173203 ], [ -94.591933, 39.155003 ], [ -94.607354, 39.113444 ], [ -94.61808, 36.998135 ] ] ] } },
{ "type": "Feature", "properties": { "fips": "21" }, "geometry": { "type": "MultiPolygon", "coordinates": [ [ [ [ -89.546113, 36.579989 ], [ -89.479093, 36.568206 ], [ -89.465888, 36.529946 ], [ -89.485106, 36.497692 ], [ -89.5391, 36.498201 ], [ -89.560344, 36.525436 ], [ -89.571509, 36.552569 ], [ -89.546113, 36.579989 ] ] ], [ [ [ -88.053205, 36.497129 ], [ -89.417293, 36.499033 ], [ -89.365548, 36.625059 ], [ -89.326731, 36.632186 ], [ -89.259994, 36.565149 ], [ -89.213563, 36.580119 ], [ -89.171882, 36.672526 ], [ -89.19948, 36.716045 ], [ -89.197808, 36.739412 ], [ -89.169106, 36.759473 ], [ -89.130399, 36.751702 ], [ -89.12353, 36.785309 ], [ -89.179229, 36.812915 ], [ -89.177177, 36.835779 ], [ -89.147674, 36.847148 ], [ -89.100766, 36.943973 ], [ -89.178975, 37.020928 ], [ -89.168087, 37.074218 ], [ -89.041263, 37.202881 ], [ -88.966831, 37.229891 ], [ -88.809206, 37.189235 ], [ -88.625889, 37.119458 ], [ -88.545403, 37.070003 ], [ -88.458948, 37.073796 ], [ -88.424403, 37.152428 ], [ -88.515939, 37.284043 ], [ -88.476592, 37.386875 ], [ -88.408808, 37.425216 ], [ -88.358436, 37.40486 ], [ -88.281667, 37.452596 ], [ -88.083395, 37.473683 ], [ -88.062562, 37.489385 ], [ -88.072242, 37.528826 ], [ -88.133416, 37.574277 ], [ -88.158207, 37.664542 ], [ -88.122412, 37.709685 ], [ -88.059588, 37.742608 ], [ -88.02803, 37.799224 ], [ -87.943756, 37.776843 ], [ -87.90681, 37.807624 ], [ -87.910276, 37.843416 ], [ -87.940839, 37.883338 ], [ -87.904789, 37.924892 ], [ -87.87254, 37.920999 ], [ -87.830578, 37.876516 ], [ -87.67573, 37.90193 ], [ -87.662865, 37.885578 ], [ -87.679188, 37.836321 ], [ -87.645858, 37.825899 ], [ -87.615399, 37.831974 ], [ -87.588729, 37.860984 ], [ -87.591582, 37.887194 ], [ -87.62896, 37.926714 ], [ -87.585916, 37.975442 ], [ -87.559342, 37.931146 ], [ -87.511499, 37.906426 ], [ -87.450458, 37.941451 ], [ -87.380247, 37.935596 ], [ -87.111133, 37.782512 ], [ -87.067836, 37.806065 ], [ -87.033444, 37.906593 ], [ -86.919329, 37.936664 ], [ -86.823491, 37.998939 ], [ -86.794985, 37.988982 ], [ -86.73146, 37.89434 ], [ -86.709164, 37.89764 ], [ -86.660293, 37.865057 ], [ -86.655296, 37.842508 ], [ -86.634271, 37.843845 ], [ -86.604624, 37.858272 ], [ -86.525174, 37.968228 ], [ -86.517289, 38.042634 ], [ -86.452192, 38.05049 ], [ -86.398661, 38.106238 ], [ -86.309727, 38.144393 ], [ -86.271223, 38.130112 ], [ -86.266891, 38.057125 ], [ -86.178983, 38.011308 ], [ -86.029509, 37.99264 ], [ -85.951467, 38.005608 ], [ -85.922395, 38.028679 ], [ -85.906163, 38.08617 ], [ -85.908764, 38.161169 ], [ -85.829364, 38.276769 ], [ -85.780963, 38.288469 ], [ -85.744862, 38.26717 ], [ -85.683561, 38.295469 ], [ -85.653641, 38.327108 ], [ -85.607629, 38.439295 ], [ -85.423077, 38.531581 ], [ -85.415821, 38.563558 ], [ -85.456978, 38.689135 ], [ -85.434065, 38.729455 ], [ -85.275454, 38.741172 ], [ -85.213257, 38.695446 ], [ -85.172528, 38.688082 ], [ -84.995939, 38.776756 ], [ -84.81335, 38.79833 ], [ -84.785111, 38.879988 ], [ -84.849445, 39.000923 ], [ -84.897364, 39.057378 ], [ -84.754449, 39.146658 ], [ -84.620112, 39.073457 ], [ -84.493743, 39.10246 ], [ -84.432841, 39.094261 ], [ -84.304698, 39.006455 ], [ -84.234453, 38.893226 ], [ -84.231306, 38.830552 ], [ -84.212904, 38.805707 ], [ -84.071491, 38.770475 ], [ -83.962123, 38.787384 ], [ -83.870443, 38.761608 ], [ -83.769347, 38.65522 ], [ -83.679484, 38.630036 ], [ -83.649737, 38.632753 ], [ -83.626922, 38.679387 ], [ -83.520953, 38.703045 ], [ -83.369077, 38.659334 ], [ -83.2821, 38.602987 ], [ -83.156926, 38.620547 ], [ -83.030702, 38.72572 ], [ -82.879492, 38.751476 ], [ -82.839538, 38.586159 ], [ -82.789776, 38.559951 ], [ -82.730958, 38.559264 ], [ -82.696621, 38.542112 ], [ -82.593673, 38.421809 ], [ -82.574656, 38.263873 ], [ -82.584001, 38.246371 ], [ -82.60423, 38.247303 ], [ -82.644739, 38.165487 ], [ -82.636466, 38.13786 ], [ -82.547284, 38.061094 ], [ -82.519665, 38.008538 ], [ -82.465473, 37.98478 ], [ -82.500386, 37.936518 ], [ -82.329867, 37.775897 ], [ -82.325739, 37.735799 ], [ -82.297011, 37.687273 ], [ -82.141814, 37.595052 ], [ -82.116584, 37.559588 ], [ -82.048521, 37.531078 ], [ -81.968297, 37.537798 ], [ -82.350948, 37.267077 ], [ -82.565329, 37.196118 ], [ -82.721941, 37.105689 ], [ -82.722472, 37.045101 ], [ -82.867535, 36.977518 ], [ -82.861943, 36.924236 ], [ -82.91169, 36.874248 ], [ -83.07259, 36.854589 ], [ -83.131694, 36.781488 ], [ -83.136395, 36.743088 ], [ -83.460808, 36.664885 ], [ -83.527212, 36.665984 ], [ -83.649513, 36.616683 ], [ -83.690714, 36.582581 ], [ -85.276284, 36.626511 ], [ -85.551483, 36.615727 ], [ -86.468497, 36.651841 ], [ -86.564143, 36.633472 ], [ -86.605042, 36.652125 ], [ -87.853204, 36.633247 ], [ -87.849567, 36.663701 ], [ -88.070532, 36.678118 ], [ -88.032489, 36.540662 ], [ -88.053205, 36.497129 ] ] ] ] } },
{ "type": "Feature", "properties": { "fips": "22" }, "geometry": { "type": "MultiPolygon", "coordinates": [ [ [ [ -93.712101, 30.067346 ], [ -93.695252, 30.1476 ], [ -93.720575, 30.295961 ], [ -93.765822, 30.333318 ], [ -93.757654, 30.390423 ], [ -93.698302, 30.438657 ], [ -93.710117, 30.5064 ], [ -93.740045, 30.538765 ], [ -93.563292, 30.818503 ], [ -93.558617, 30.869424 ], [ -93.530936, 30.924534 ], [ -93.531744, 31.180817 ], [ -93.548931, 31.186601 ], [ -93.588503, 31.165581 ], [ -93.598828, 31.174679 ], [ -93.614402, 31.260869 ], [ -93.671676, 31.299586 ], [ -93.640805, 31.372546 ], [ -93.695866, 31.409392 ], [ -93.729613, 31.487922 ], [ -93.798087, 31.534044 ], [ -93.834924, 31.586211 ], [ -93.812477, 31.715246 ], [ -93.840029, 31.800596 ], [ -94.04272, 31.999265 ], [ -94.042964, 33.019219 ], [ -91.166073, 33.004106 ], [ -91.201842, 32.961212 ], [ -91.208263, 32.915354 ], [ -91.175405, 32.899998 ], [ -91.145076, 32.905494 ], [ -91.132115, 32.923122 ], [ -91.134414, 32.980533 ], [ -91.106581, 32.988938 ], [ -91.063974, 32.924113 ], [ -91.070602, 32.888659 ], [ -91.145002, 32.84287 ], [ -91.161669, 32.812465 ], [ -91.163389, 32.747009 ], [ -91.054481, 32.722259 ], [ -91.152081, 32.641508 ], [ -91.141148, 32.597209 ], [ -91.090771, 32.563978 ], [ -91.116008, 32.48314 ], [ -90.99408, 32.403862 ], [ -91.000106, 32.357695 ], [ -90.898588, 32.329094 ], [ -91.004557, 32.215381 ], [ -91.039007, 32.242349 ], [ -91.164171, 32.196888 ], [ -91.165452, 32.13429 ], [ -91.046615, 32.138768 ], [ -91.027535, 32.113431 ], [ -91.128009, 31.985857 ], [ -91.248144, 31.869848 ], [ -91.338414, 31.851261 ], [ -91.365084, 31.752743 ], [ -91.397915, 31.709364 ], [ -91.404668, 31.637898 ], [ -91.474959, 31.621677 ], [ -91.477362, 31.592239 ], [ -91.425094, 31.57782 ], [ -91.416683, 31.561599 ], [ -91.52292, 31.519841 ], [ -91.500406, 31.419008 ], [ -91.541242, 31.35675 ], [ -91.508858, 31.291644 ], [ -91.522397, 31.273423 ], [ -91.574493, 31.261289 ], [ -91.604197, 31.154545 ], [ -91.559907, 31.054119 ], [ -91.58467, 31.020185 ], [ -91.636942, 30.999416 ], [ -89.728147, 31.002431 ], [ -89.744789, 30.918933 ], [ -89.77341, 30.897693 ], [ -89.842596, 30.666038 ], [ -89.806843, 30.572039 ], [ -89.68341, 30.451793 ], [ -89.629941, 30.339449 ], [ -89.64344, 30.287682 ], [ -89.607655, 30.217096 ], [ -89.572654, 30.180897 ], [ -89.524504, 30.180753 ], [ -89.640989, 30.138612 ], [ -89.678163, 30.108286 ], [ -89.683712, 30.076018 ], [ -89.730999, 30.057581 ], [ -89.716377, 30.026222 ], [ -89.818561, 30.043328 ], [ -89.857558, 30.004439 ], [ -89.844202, 29.955645 ], [ -89.804463, 29.932588 ], [ -89.727933, 29.95878 ], [ -89.71291, 29.946349 ], [ -89.742727, 29.935894 ], [ -89.742479, 29.90817 ], [ -89.711158, 29.879287 ], [ -89.660568, 29.862909 ], [ -89.613159, 29.87216 ], [ -89.591194, 29.897018 ], [ -89.58136, 29.994722 ], [ -89.501587, 30.034037 ], [ -89.481926, 30.079128 ], [ -89.418465, 30.049747 ], [ -89.372375, 30.054729 ], [ -89.372375, 30.036671 ], [ -89.422813, 30.015495 ], [ -89.433411, 29.991205 ], [ -89.432785, 29.978752 ], [ -89.379227, 29.963804 ], [ -89.368019, 29.911491 ], [ -89.315453, 29.923208 ], [ -89.273315, 29.99382 ], [ -89.250534, 30.002361 ], [ -89.249969, 29.975597 ], [ -89.218071, 29.97275 ], [ -89.231178, 29.925484 ], [ -89.280144, 29.924915 ], [ -89.322289, 29.887333 ], [ -89.241425, 29.88961 ], [ -89.236298, 29.877081 ], [ -89.383789, 29.838928 ], [ -89.345634, 29.820135 ], [ -89.33197, 29.790524 ], [ -89.277298, 29.807608 ], [ -89.284706, 29.770021 ], [ -89.271034, 29.756355 ], [ -89.386063, 29.788815 ], [ -89.428207, 29.74155 ], [ -89.42421, 29.697638 ], [ -89.530258, 29.74375 ], [ -89.651237, 29.749479 ], [ -89.644562, 29.710957 ], [ -89.592979, 29.702042 ], [ -89.596802, 29.684212 ], [ -89.573883, 29.674025 ], [ -89.53376, 29.670204 ], [ -89.485367, 29.624357 ], [ -89.64975, 29.672941 ], [ -89.641228, 29.635773 ], [ -89.684486, 29.624804 ], [ -89.668648, 29.580322 ], [ -89.700501, 29.515967 ], [ -89.665813, 29.49002 ], [ -89.63533, 29.489294 ], [ -89.589536, 29.437662 ], [ -89.577096, 29.433692 ], [ -89.548686, 29.465723 ], [ -89.528429, 29.454702 ], [ -89.531943, 29.425679 ], [ -89.508551, 29.386168 ], [ -89.47714, 29.411241 ], [ -89.457303, 29.393148 ], [ -89.340304, 29.381412 ], [ -89.350694, 29.349544 ], [ -89.283028, 29.356467 ], [ -89.24087, 29.310081 ], [ -89.189354, 29.345061 ], [ -89.165015, 29.303039 ], [ -89.100106, 29.25022 ], [ -89.10065, 29.206314 ], [ -89.029103, 29.220956 ], [ -89.000674, 29.180091 ], [ -89.00529, 29.164949 ], [ -89.047233, 29.157833 ], [ -89.023942, 29.1337 ], [ -89.062335, 29.070234 ], [ -89.121542, 29.069074 ], [ -89.16985, 29.008703 ], [ -89.211144, 29.040813 ], [ -89.225865, 29.07866 ], [ -89.254726, 29.083261 ], [ -89.259354, 29.058358 ], [ -89.315389, 29.039081 ], [ -89.41148, 28.925011 ], [ -89.408157, 28.965341 ], [ -89.334735, 29.040335 ], [ -89.354798, 29.072543 ], [ -89.405654, 29.086936 ], [ -89.409371, 29.127855 ], [ -89.482844, 29.215053 ], [ -89.697258, 29.296679 ], [ -89.850305, 29.311768 ], [ -89.853699, 29.34064 ], [ -89.816155, 29.393518 ], [ -89.843553, 29.421677 ], [ -89.832898, 29.463536 ], [ -89.849642, 29.477996 ], [ -89.902179, 29.460011 ], [ -89.932598, 29.429288 ], [ -90.01251, 29.462775 ], [ -90.032298, 29.427005 ], [ -90.036374, 29.363661 ], [ -90.028536, 29.307083 ], [ -90.009678, 29.294785 ], [ -90.101231, 29.259804 ], [ -90.096038, 29.240673 ], [ -90.070622, 29.208698 ], [ -90.04291, 29.211765 ], [ -89.959509, 29.267677 ], [ -89.950756, 29.260801 ], [ -90.174273, 29.105301 ], [ -90.348768, 29.057817 ], [ -90.234235, 29.110268 ], [ -90.234405, 29.128824 ], [ -90.280516, 29.142521 ], [ -90.302846, 29.175098 ], [ -90.300885, 29.196171 ], [ -90.271251, 29.204639 ], [ -90.332796, 29.276956 ], [ -90.367166, 29.274128 ], [ -90.387924, 29.252786 ], [ -90.399465, 29.201046 ], [ -90.472489, 29.192688 ], [ -90.467233, 29.202549 ], [ -90.494928, 29.216713 ], [ -90.46832, 29.227532 ], [ -90.450674, 29.263739 ], [ -90.510555, 29.290925 ], [ -90.526216, 29.276492 ], [ -90.582525, 29.276037 ], [ -90.58847, 29.245863 ], [ -90.544311, 29.224292 ], [ -90.560889, 29.204261 ], [ -90.633819, 29.209128 ], [ -90.647042, 29.12858 ], [ -90.764189, 29.113374 ], [ -90.799444, 29.087377 ], [ -90.803699, 29.063709 ], [ -90.765188, 29.049403 ], [ -90.7253, 29.066616 ], [ -90.637495, 29.066608 ], [ -90.730899, 29.042259 ], [ -90.839345, 29.039167 ], [ -90.862757, 29.094863 ], [ -90.961278, 29.180817 ], [ -91.000096, 29.169481 ], [ -91.094015, 29.187711 ], [ -91.129141, 29.215863 ], [ -91.278792, 29.247776 ], [ -91.33275, 29.305816 ], [ -91.291821, 29.311357 ], [ -91.249109, 29.369864 ], [ -91.197465, 29.369882 ], [ -91.221166, 29.436421 ], [ -91.258226, 29.446954 ], [ -91.2813, 29.481547 ], [ -91.335742, 29.485886 ], [ -91.356625, 29.515191 ], [ -91.420449, 29.515745 ], [ -91.447345, 29.544749 ], [ -91.531021, 29.531543 ], [ -91.553537, 29.632766 ], [ -91.648941, 29.633635 ], [ -91.618479, 29.710816 ], [ -91.632829, 29.742576 ], [ -91.752259, 29.748264 ], [ -91.85864, 29.703121 ], [ -91.88075, 29.710839 ], [ -91.854677, 29.807436 ], [ -91.889118, 29.836023 ], [ -92.056398, 29.772313 ], [ -92.144431, 29.716418 ], [ -92.149349, 29.697052 ], [ -92.111787, 29.62177 ], [ -92.02532, 29.625647 ], [ -91.965031, 29.608019 ], [ -91.935024, 29.612239 ], [ -91.922825, 29.633173 ], [ -91.863018, 29.633739 ], [ -91.784976, 29.595204 ], [ -91.774686, 29.576387 ], [ -91.712002, 29.56474 ], [ -91.765448, 29.520844 ], [ -91.782387, 29.482882 ], [ -91.8385, 29.478874 ], [ -91.862324, 29.502393 ], [ -91.969312, 29.536893 ], [ -92.046316, 29.584362 ], [ -92.158624, 29.581616 ], [ -92.25186, 29.539354 ], [ -92.309357, 29.533026 ], [ -92.61627, 29.578729 ], [ -92.974305, 29.71398 ], [ -93.226934, 29.777519 ], [ -93.347331, 29.759046 ], [ -93.475252, 29.769242 ], [ -93.68364, 29.747153 ], [ -93.766048, 29.7295 ], [ -93.837971, 29.690619 ], [ -93.89847, 29.771577 ], [ -93.890679, 29.843159 ], [ -93.789431, 29.987812 ], [ -93.712101, 30.067346 ] ] ], [ [ [ -88.944435, 29.658806 ], [ -88.873611, 29.758043 ], [ -88.8312, 29.878839 ], [ -88.840866, 29.995613 ], [ -88.881454, 30.053202 ], [ -88.833725, 29.998821 ], [ -88.818146, 29.889109 ], [ -88.865067, 29.752714 ], [ -88.944435, 29.658806 ] ] ] ] } },
{ "type": "Feature", "properties": { "fips": "23" }, "geometry": { "type": "MultiPolygon", "coordinates": [ [ [ [ -70.591022, 43.237851 ], [ -70.576692, 43.217651 ], [ -70.638355, 43.114182 ], [ -70.665958, 43.076234 ], [ -70.703936, 43.059621 ], [ -70.8281, 43.129086 ], [ -70.817865, 43.237911 ], [ -70.967229, 43.343777 ], [ -70.984335, 43.376128 ], [ -70.953322, 43.552718 ], [ -70.972716, 43.570255 ], [ -71.037518, 44.755607 ], [ -71.084334, 45.305293 ], [ -71.014268, 45.316761 ], [ -70.990233, 45.336277 ], [ -70.950824, 45.33453 ], [ -70.917904, 45.311924 ], [ -70.896898, 45.242031 ], [ -70.857042, 45.22916 ], [ -70.839482, 45.237829 ], [ -70.808322, 45.325824 ], [ -70.807664, 45.378118 ], [ -70.825612, 45.400305 ], [ -70.798483, 45.42474 ], [ -70.753977, 45.427789 ], [ -70.712286, 45.390611 ], [ -70.634661, 45.383608 ], [ -70.635498, 45.427817 ], [ -70.716332, 45.486909 ], [ -70.721611, 45.515058 ], [ -70.688214, 45.563981 ], [ -70.564789, 45.65515 ], [ -70.451503, 45.704432 ], [ -70.39721, 45.756872 ], [ -70.417674, 45.79457 ], [ -70.387916, 45.819043 ], [ -70.262655, 45.887853 ], [ -70.240177, 45.943729 ], [ -70.312055, 45.971544 ], [ -70.310609, 46.064544 ], [ -70.284554, 46.098713 ], [ -70.252411, 46.106221 ], [ -70.237947, 46.147378 ], [ -70.292736, 46.191599 ], [ -70.188046, 46.350015 ], [ -70.056433, 46.41659 ], [ -69.997086, 46.69523 ], [ -69.22442, 47.459686 ], [ -69.042702, 47.426651 ], [ -69.031127, 47.403106 ], [ -69.053819, 47.375036 ], [ -69.050334, 47.256621 ], [ -68.900985, 47.178519 ], [ -68.580398, 47.286957 ], [ -68.474851, 47.297534 ], [ -68.33368, 47.36007 ], [ -68.224005, 47.348456 ], [ -67.955669, 47.199542 ], [ -67.889155, 47.118772 ], [ -67.789461, 47.062544 ], [ -67.781095, 45.943032 ], [ -67.763767, 45.820315 ], [ -67.806598, 45.794723 ], [ -67.817892, 45.693705 ], [ -67.64581, 45.613597 ], [ -67.499444, 45.587014 ], [ -67.455406, 45.604665 ], [ -67.425452, 45.579086 ], [ -67.425674, 45.502917 ], [ -67.463481, 45.508516 ], [ -67.503771, 45.488522 ], [ -67.473366, 45.425328 ], [ -67.422153, 45.379661 ], [ -67.429161, 45.344247 ], [ -67.489333, 45.281282 ], [ -67.405208, 45.165686 ], [ -67.345004, 45.12621 ], [ -67.305472, 45.144826 ], [ -67.283619, 45.192022 ], [ -67.161247, 45.162879 ], [ -67.090786, 45.068721 ], [ -67.117688, 45.05673 ], [ -67.082074, 45.029608 ], [ -67.033474, 44.939923 ], [ -66.984466, 44.912557 ], [ -66.978142, 44.856963 ], [ -66.996523, 44.844654 ], [ -66.986318, 44.820657 ], [ -66.950569, 44.814539 ], [ -67.02615, 44.768199 ], [ -67.062239, 44.769543 ], [ -67.073439, 44.741957 ], [ -67.098931, 44.741311 ], [ -67.103957, 44.717444 ], [ -67.154479, 44.668114 ], [ -67.186612, 44.66265 ], [ -67.189427, 44.645533 ], [ -67.251247, 44.640825 ], [ -67.293403, 44.599265 ], [ -67.32297, 44.609394 ], [ -67.293665, 44.634316 ], [ -67.309627, 44.659316 ], [ -67.308538, 44.707454 ], [ -67.376742, 44.681852 ], [ -67.363158, 44.631825 ], [ -67.388704, 44.626554 ], [ -67.405492, 44.594236 ], [ -67.428367, 44.609136 ], [ -67.457747, 44.598014 ], [ -67.505804, 44.636837 ], [ -67.551133, 44.621938 ], [ -67.575056, 44.560659 ], [ -67.568159, 44.531117 ], [ -67.685861, 44.537155 ], [ -67.71419, 44.495238 ], [ -67.733986, 44.496252 ], [ -67.753854, 44.543661 ], [ -67.774001, 44.547438 ], [ -67.781556, 44.520577 ], [ -67.79726, 44.520685 ], [ -67.839896, 44.558771 ], [ -67.856684, 44.523934 ], [ -67.851648, 44.484901 ], [ -67.868774, 44.465272 ], [ -67.855108, 44.419434 ], [ -67.887323, 44.433066 ], [ -67.899571, 44.394078 ], [ -67.926357, 44.431807 ], [ -67.931453, 44.411848 ], [ -67.955737, 44.416278 ], [ -67.978876, 44.387034 ], [ -68.010719, 44.407464 ], [ -68.049334, 44.33073 ], [ -68.11229, 44.401588 ], [ -68.117746, 44.475038 ], [ -68.194554, 44.47189 ], [ -68.192036, 44.487419 ], [ -68.213861, 44.492456 ], [ -68.22939, 44.463496 ], [ -68.261708, 44.484062 ], [ -68.299063, 44.437893 ], [ -68.247438, 44.433276 ], [ -68.249956, 44.414809 ], [ -68.184532, 44.369145 ], [ -68.173608, 44.328397 ], [ -68.233435, 44.288578 ], [ -68.289409, 44.283858 ], [ -68.290818, 44.247673 ], [ -68.317588, 44.225101 ], [ -68.401268, 44.252244 ], [ -68.430946, 44.298624 ], [ -68.398035, 44.376191 ], [ -68.3581, 44.392337 ], [ -68.3791, 44.430049 ], [ -68.427874, 44.3968 ], [ -68.429648, 44.439136 ], [ -68.455095, 44.447498 ], [ -68.466109, 44.377245 ], [ -68.483317, 44.388157 ], [ -68.472824, 44.404106 ], [ -68.485415, 44.434326 ], [ -68.529905, 44.39907 ], [ -68.565161, 44.39907 ], [ -68.545434, 44.355 ], [ -68.566203, 44.313007 ], [ -68.531532, 44.290388 ], [ -68.525302, 44.227554 ], [ -68.733004, 44.328388 ], [ -68.827197, 44.31216 ], [ -68.821767, 44.40894 ], [ -68.783679, 44.473879 ], [ -68.880271, 44.428112 ], [ -68.900934, 44.452062 ], [ -68.982449, 44.426195 ], [ -68.984404, 44.396879 ], [ -68.948164, 44.355882 ], [ -68.954465, 44.32405 ], [ -68.979005, 44.296327 ], [ -69.003682, 44.294582 ], [ -69.040193, 44.233673 ], [ -69.054546, 44.171542 ], [ -69.079835, 44.160953 ], [ -69.080331, 44.117824 ], [ -69.100863, 44.104529 ], [ -69.092, 44.085734 ], [ -69.050814, 44.094888 ], [ -69.031878, 44.079036 ], [ -69.048917, 44.062506 ], [ -69.067876, 44.067596 ], [ -69.073767, 44.046135 ], [ -69.125738, 44.019623 ], [ -69.124475, 44.007419 ], [ -69.170345, 43.995637 ], [ -69.203668, 43.941806 ], [ -69.259838, 43.921427 ], [ -69.280498, 43.95744 ], [ -69.31427, 43.942951 ], [ -69.304301, 43.962068 ], [ -69.331411, 43.974311 ], [ -69.388059, 43.96434 ], [ -69.416165, 43.977267 ], [ -69.42876, 43.957929 ], [ -69.441596, 43.964254 ], [ -69.459637, 43.903316 ], [ -69.50329, 43.837673 ], [ -69.514889, 43.831298 ], [ -69.520301, 43.868498 ], [ -69.543912, 43.881615 ], [ -69.552606, 43.841347 ], [ -69.572697, 43.844012 ], [ -69.588551, 43.81836 ], [ -69.605928, 43.814862 ], [ -69.594705, 43.858878 ], [ -69.621086, 43.826814 ], [ -69.634932, 43.845907 ], [ -69.649798, 43.836287 ], [ -69.653337, 43.79103 ], [ -69.705838, 43.823024 ], [ -69.752801, 43.75594 ], [ -69.780097, 43.755397 ], [ -69.851297, 43.703581 ], [ -69.869732, 43.775656 ], [ -69.958056, 43.767786 ], [ -70.001645, 43.717666 ], [ -70.001708, 43.744466 ], [ -70.041351, 43.738053 ], [ -69.99821, 43.798684 ], [ -70.026193, 43.822587 ], [ -70.002874, 43.848239 ], [ -70.019197, 43.858733 ], [ -70.064671, 43.813259 ], [ -70.107229, 43.809178 ], [ -70.176023, 43.76079 ], [ -70.17544, 43.777113 ], [ -70.190014, 43.771866 ], [ -70.216832, 43.704822 ], [ -70.251812, 43.683251 ], [ -70.211204, 43.625765 ], [ -70.217087, 43.596717 ], [ -70.196911, 43.565146 ], [ -70.244331, 43.551849 ], [ -70.272497, 43.562616 ], [ -70.361214, 43.52919 ], [ -70.385615, 43.487031 ], [ -70.380233, 43.46423 ], [ -70.349684, 43.442032 ], [ -70.39089, 43.402607 ], [ -70.421282, 43.395777 ], [ -70.460717, 43.34325 ], [ -70.517695, 43.344037 ], [ -70.553854, 43.321886 ], [ -70.591022, 43.237851 ] ] ], [ [ [ -70.205934, 43.633633 ], [ -70.188047, 43.673762 ], [ -70.171136, 43.6633 ], [ -70.205934, 43.633633 ] ] ], [ [ [ -70.21313, 43.662973 ], [ -70.201893, 43.685483 ], [ -70.191041, 43.689071 ], [ -70.187536, 43.678669 ], [ -70.21313, 43.662973 ] ] ], [ [ [ -70.168227, 43.675136 ], [ -70.171339, 43.687546 ], [ -70.135563, 43.700658 ], [ -70.154503, 43.680933 ], [ -70.168227, 43.675136 ] ] ], [ [ [ -70.118174, 43.686375 ], [ -70.100683, 43.705962 ], [ -70.093113, 43.710524 ], [ -70.093704, 43.6918 ], [ -70.118174, 43.686375 ] ] ], [ [ [ -70.097318, 43.757292 ], [ -70.124136, 43.70832 ], [ -70.138128, 43.718231 ], [ -70.127051, 43.742717 ], [ -70.097318, 43.757292 ] ] ], [ [ [ -69.300818, 43.768599 ], [ -69.321141, 43.765763 ], [ -69.302995, 43.774591 ], [ -69.300818, 43.768599 ] ] ], [ [ [ -69.441894, 43.916331 ], [ -69.433762, 43.949353 ], [ -69.429806, 43.948438 ], [ -69.422153, 43.917702 ], [ -69.441894, 43.916331 ] ] ], [ [ [ -68.899108, 43.821925 ], [ -68.8947, 43.84397 ], [ -68.908222, 43.849852 ], [ -68.889367, 43.87553 ], [ -68.876224, 43.836597 ], [ -68.899108, 43.821925 ] ] ], [ [ [ -69.043981, 44.005684 ], [ -69.0782, 43.974132 ], [ -69.092994, 43.979063 ], [ -69.061966, 44.015023 ], [ -69.043981, 44.005684 ] ] ], [ [ [ -68.657031, 44.003823 ], [ -68.661594, 44.075837 ], [ -68.609722, 44.094674 ], [ -68.584074, 44.070578 ], [ -68.601099, 44.058362 ], [ -68.610703, 44.013422 ], [ -68.635315, 44.018886 ], [ -68.657031, 44.003823 ] ] ], [ [ [ -68.807315, 44.035796 ], [ -68.889717, 44.032516 ], [ -68.913406, 44.08519 ], [ -68.908984, 44.110001 ], [ -68.944597, 44.11284 ], [ -68.917286, 44.148239 ], [ -68.825067, 44.186338 ], [ -68.818423, 44.160978 ], [ -68.780693, 44.143274 ], [ -68.818039, 44.136852 ], [ -68.81953, 44.122056 ], [ -68.77029, 44.069566 ], [ -68.807315, 44.035796 ] ] ], [ [ [ -68.518703, 44.113222 ], [ -68.506979, 44.127237 ], [ -68.491521, 44.109833 ], [ -68.502942, 44.099722 ], [ -68.518703, 44.113222 ] ] ], [ [ [ -68.338012, 44.101473 ], [ -68.365176, 44.101464 ], [ -68.376591, 44.113762 ], [ -68.346724, 44.127749 ], [ -68.338012, 44.101473 ] ] ], [ [ [ -68.384903, 44.154955 ], [ -68.438518, 44.11618 ], [ -68.456813, 44.145268 ], [ -68.502096, 44.152388 ], [ -68.474365, 44.181875 ], [ -68.424441, 44.190753 ], [ -68.384903, 44.154955 ] ] ], [ [ [ -68.321178, 44.199032 ], [ -68.347416, 44.169459 ], [ -68.378872, 44.184222 ], [ -68.333227, 44.207308 ], [ -68.321178, 44.199032 ] ] ], [ [ [ -68.605906, 44.230772 ], [ -68.624994, 44.197637 ], [ -68.618872, 44.18107 ], [ -68.671454, 44.138572 ], [ -68.720435, 44.169185 ], [ -68.722956, 44.223568 ], [ -68.700627, 44.234013 ], [ -68.680773, 44.279242 ], [ -68.623554, 44.255622 ], [ -68.605906, 44.230772 ] ] ], [ [ [ -68.48452, 44.202886 ], [ -68.482726, 44.227058 ], [ -68.470323, 44.22832 ], [ -68.453843, 44.201683 ], [ -68.48452, 44.202886 ] ] ], [ [ [ -68.780055, 44.203129 ], [ -68.829593, 44.21689 ], [ -68.839422, 44.236547 ], [ -68.792139, 44.237819 ], [ -68.769833, 44.222787 ], [ -68.780055, 44.203129 ] ] ], [ [ [ -68.211329, 44.257074 ], [ -68.248913, 44.235443 ], [ -68.276857, 44.240794 ], [ -68.274719, 44.258675 ], [ -68.211329, 44.257074 ] ] ], [ [ [ -68.868444, 44.38144 ], [ -68.860649, 44.364425 ], [ -68.89285, 44.334653 ], [ -68.88746, 44.303094 ], [ -68.916872, 44.242866 ], [ -68.95189, 44.218719 ], [ -68.965264, 44.259332 ], [ -68.919301, 44.309872 ], [ -68.911634, 44.365027 ], [ -68.868444, 44.38144 ] ] ], [ [ [ -68.530394, 44.333583 ], [ -68.518573, 44.381022 ], [ -68.501364, 44.382281 ], [ -68.478785, 44.319563 ], [ -68.530394, 44.333583 ] ] ], [ [ [ -67.590627, 44.49415 ], [ -67.562651, 44.472104 ], [ -67.574206, 44.45173 ], [ -67.588346, 44.449754 ], [ -67.619761, 44.519754 ], [ -67.582113, 44.513459 ], [ -67.590627, 44.49415 ] ] ] ] } },
{ "type": "Feature", "properties": { "fips": "24" }, "geometry": { "type": "MultiPolygon", "coordinates": [ [ [ [ -76.459689, 38.139484 ], [ -76.473266, 38.103035 ], [ -76.499842, 38.137189 ], [ -76.529868, 38.134083 ], [ -76.552957, 38.187209 ], [ -76.590637, 38.214212 ], [ -76.673462, 38.234401 ], [ -76.778625, 38.22847 ], [ -76.811647, 38.250129 ], [ -76.802347, 38.280743 ], [ -76.824889, 38.301152 ], [ -76.846252, 38.297718 ], [ -76.842139, 38.254491 ], [ -76.920932, 38.291568 ], [ -76.929554, 38.321088 ], [ -76.975492, 38.347327 ], [ -77.016371, 38.445572 ], [ -77.044188, 38.443016 ], [ -77.091073, 38.407546 ], [ -77.123325, 38.410646 ], [ -77.207312, 38.359867 ], [ -77.250172, 38.382781 ], [ -77.27422, 38.48177 ], [ -77.237724, 38.55187 ], [ -77.183767, 38.600699 ], [ -77.129084, 38.614364 ], [ -77.132501, 38.673816 ], [ -77.074599, 38.711015 ], [ -77.038598, 38.791513 ], [ -76.909395, 38.892812 ], [ -77.040999, 38.99511 ], [ -77.1199, 38.934311 ], [ -77.148179, 38.965002 ], [ -77.249803, 38.985909 ], [ -77.261403, 39.031009 ], [ -77.291605, 39.045408 ], [ -77.458202, 39.073723 ], [ -77.519929, 39.120925 ], [ -77.527282, 39.146236 ], [ -77.510631, 39.178484 ], [ -77.478596, 39.189168 ], [ -77.46021, 39.228359 ], [ -77.592739, 39.30129 ], [ -77.755789, 39.333899 ], [ -77.739204, 39.38573 ], [ -77.807821, 39.490241 ], [ -77.865423, 39.516472 ], [ -77.902649, 39.587796 ], [ -78.009985, 39.602893 ], [ -78.074595, 39.666686 ], [ -78.176625, 39.695967 ], [ -78.271122, 39.619642 ], [ -78.355218, 39.640576 ], [ -78.43025, 39.62329 ], [ -78.458456, 39.581158 ], [ -78.432033, 39.561053 ], [ -78.436939, 39.538959 ], [ -78.468639, 39.516789 ], [ -78.565929, 39.519444 ], [ -78.689455, 39.54577 ], [ -78.76749, 39.587487 ], [ -78.760497, 39.609984 ], [ -78.787461, 39.627492 ], [ -78.874744, 39.522611 ], [ -78.968996, 39.441543 ], [ -79.04244, 39.479339 ], [ -79.08445, 39.471356 ], [ -79.213192, 39.367897 ], [ -79.25688, 39.356077 ], [ -79.486873, 39.205961 ], [ -79.476662, 39.721078 ], [ -75.788359, 39.721811 ], [ -75.693521, 38.460128 ], [ -75.048939, 38.451263 ], [ -75.085518, 38.32427 ], [ -75.102947, 38.311525 ], [ -75.193796, 38.096013 ], [ -75.242266, 38.027209 ], [ -75.624341, 37.994211 ], [ -75.669711, 37.950796 ], [ -75.671681, 37.966576 ], [ -75.71315, 37.976623 ], [ -75.737997, 37.963526 ], [ -75.783815, 37.972594 ], [ -75.885032, 37.911717 ], [ -75.898316, 37.925114 ], [ -75.898956, 37.974514 ], [ -75.87319, 38.034375 ], [ -75.812913, 38.058932 ], [ -75.844265, 38.072272 ], [ -75.871503, 38.05887 ], [ -75.880515, 38.075011 ], [ -75.837563, 38.113753 ], [ -75.827674, 38.133438 ], [ -75.843862, 38.144599 ], [ -75.900355, 38.14115 ], [ -75.937089, 38.124209 ], [ -75.936663, 38.109956 ], [ -75.959616, 38.137141 ], [ -75.942375, 38.187066 ], [ -75.846377, 38.210477 ], [ -75.870318, 38.243432 ], [ -75.895689, 38.228561 ], [ -75.938577, 38.272329 ], [ -75.954908, 38.263998 ], [ -75.946414, 38.23889 ], [ -75.972212, 38.2333 ], [ -75.963453, 38.251793 ], [ -76.017364, 38.309106 ], [ -75.964237, 38.324285 ], [ -75.973876, 38.36585 ], [ -76.002282, 38.374477 ], [ -76.016682, 38.332429 ], [ -76.04958, 38.309594 ], [ -76.027487, 38.280108 ], [ -76.044251, 38.249373 ], [ -76.032044, 38.216684 ], [ -76.074897, 38.252181 ], [ -76.09972, 38.253647 ], [ -76.111296, 38.286946 ], [ -76.166154, 38.290431 ], [ -76.175783, 38.261551 ], [ -76.126623, 38.242949 ], [ -76.151035, 38.234215 ], [ -76.17335, 38.247037 ], [ -76.211446, 38.302656 ], [ -76.258189, 38.318373 ], [ -76.264186, 38.346436 ], [ -76.238611, 38.350233 ], [ -76.273003, 38.366483 ], [ -76.28302, 38.413512 ], [ -76.33636, 38.492235 ], [ -76.263968, 38.503452 ], [ -76.2473, 38.523818 ], [ -76.248885, 38.539023 ], [ -76.278106, 38.532468 ], [ -76.27964, 38.557231 ], [ -76.308321, 38.571769 ], [ -76.273496, 38.59139 ], [ -76.271827, 38.615661 ], [ -76.23665, 38.628598 ], [ -76.212427, 38.606738 ], [ -76.147158, 38.63684 ], [ -76.175159, 38.673236 ], [ -76.212808, 38.681892 ], [ -76.238685, 38.735434 ], [ -76.275015, 38.712714 ], [ -76.316146, 38.729586 ], [ -76.334017, 38.703127 ], [ -76.322418, 38.679304 ], [ -76.340341, 38.671245 ], [ -76.341302, 38.751901 ], [ -76.300889, 38.82619 ], [ -76.277411, 38.831419 ], [ -76.271575, 38.851771 ], [ -76.219328, 38.812371 ], [ -76.19109, 38.82966 ], [ -76.203638, 38.928382 ], [ -76.232038, 38.942518 ], [ -76.256397, 38.918829 ], [ -76.273083, 38.941927 ], [ -76.295911, 38.928663 ], [ -76.293254, 38.902568 ], [ -76.336104, 38.905977 ], [ -76.33103, 38.86432 ], [ -76.375086, 38.839474 ], [ -76.361727, 38.939175 ], [ -76.301847, 39.039651 ], [ -76.277478, 38.982492 ], [ -76.218929, 38.970538 ], [ -76.163988, 38.999541 ], [ -76.184207, 39.046264 ], [ -76.145174, 39.092824 ], [ -76.203383, 39.085626 ], [ -76.212616, 39.041158 ], [ -76.200666, 39.01452 ], [ -76.231765, 39.018518 ], [ -76.242687, 39.028926 ], [ -76.233457, 39.091385 ], [ -76.260894, 39.143402 ], [ -76.278527, 39.145764 ], [ -76.274637, 39.16549 ], [ -76.219338, 39.261997 ], [ -76.181496, 39.291797 ], [ -76.186647, 39.315475 ], [ -76.170422, 39.332094 ], [ -76.133225, 39.340491 ], [ -76.110527, 39.372257 ], [ -76.002408, 39.367501 ], [ -76.002515, 39.385024 ], [ -76.040962, 39.394237 ], [ -75.976747, 39.444627 ], [ -75.990005, 39.458646 ], [ -76.012312, 39.453115 ], [ -75.966955, 39.53865 ], [ -75.970337, 39.557637 ], [ -75.992633, 39.563098 ], [ -76.096072, 39.536912 ], [ -76.113929, 39.486701 ], [ -76.071975, 39.475047 ], [ -76.060989, 39.447722 ], [ -76.158774, 39.40631 ], [ -76.226976, 39.349908 ], [ -76.243377, 39.361808 ], [ -76.266365, 39.353352 ], [ -76.253928, 39.336768 ], [ -76.281578, 39.302108 ], [ -76.297878, 39.302408 ], [ -76.295678, 39.350008 ], [ -76.341443, 39.354217 ], [ -76.327579, 39.314108 ], [ -76.380662, 39.299161 ], [ -76.402355, 39.258315 ], [ -76.38438, 39.242708 ], [ -76.425281, 39.205708 ], [ -76.488883, 39.202208 ], [ -76.520584, 39.223508 ], [ -76.535885, 39.211008 ], [ -76.525785, 39.177908 ], [ -76.428681, 39.131709 ], [ -76.42186, 39.081442 ], [ -76.438928, 39.052788 ], [ -76.39408, 39.011311 ], [ -76.474198, 38.972647 ], [ -76.45028, 38.941113 ], [ -76.459479, 38.907113 ], [ -76.49368, 38.910013 ], [ -76.49068, 38.884814 ], [ -76.519442, 38.863135 ], [ -76.489878, 38.838715 ], [ -76.510078, 38.801216 ], [ -76.559884, 38.767361 ], [ -76.557535, 38.744687 ], [ -76.52718, 38.727062 ], [ -76.506023, 38.50461 ], [ -76.386229, 38.382013 ], [ -76.409291, 38.325891 ], [ -76.374481, 38.296348 ], [ -76.39932, 38.259284 ], [ -76.385244, 38.217751 ], [ -76.320136, 38.138339 ], [ -76.338535, 38.119472 ], [ -76.322093, 38.036503 ], [ -76.361237, 38.059542 ], [ -76.392335, 38.102896 ], [ -76.421214, 38.106039 ], [ -76.439841, 38.138933 ], [ -76.459689, 38.139484 ] ] ], [ [ [ -75.993905, 37.953489 ], [ -76.04653, 37.953586 ], [ -76.048617, 38.014843 ], [ -76.041668, 38.032148 ], [ -76.013128, 38.039762 ], [ -75.97039, 38.006327 ], [ -75.984251, 38.004006 ], [ -75.993905, 37.953489 ] ] ], [ [ [ -76.034038, 38.157902 ], [ -76.005904, 38.07717 ], [ -76.0233, 38.07076 ], [ -76.059304, 38.095751 ], [ -76.043423, 38.117868 ], [ -76.061, 38.127002 ], [ -76.090872, 38.11446 ], [ -76.088639, 38.192649 ], [ -76.048786, 38.203731 ], [ -76.02217, 38.177882 ], [ -76.034038, 38.157902 ] ] ] ] } },
{ "type": "Feature", "properties": { "fips": "25" }, "geometry": { "type": "MultiPolygon", "coordinates": [ [ [ [ -70.85222, 41.589223 ], [ -70.869624, 41.625608 ], [ -70.889209, 41.632904 ], [ -70.913202, 41.619266 ], [ -70.899981, 41.593504 ], [ -70.927172, 41.611253 ], [ -70.931338, 41.5842 ], [ -70.948797, 41.579038 ], [ -70.931545, 41.540169 ], [ -71.035514, 41.499047 ], [ -71.085663, 41.509292 ], [ -71.12057, 41.497448 ], [ -71.134688, 41.660502 ], [ -71.19564, 41.67509 ], [ -71.261392, 41.752301 ], [ -71.327896, 41.780501 ], [ -71.339298, 41.893599 ], [ -71.3766, 41.893999 ], [ -71.381401, 42.018798 ], [ -71.799242, 42.008065 ], [ -71.80065, 42.023569 ], [ -72.755838, 42.036195 ], [ -72.766739, 42.002995 ], [ -72.816741, 41.997595 ], [ -72.813541, 42.036494 ], [ -73.496879, 42.049675 ], [ -73.508142, 42.086257 ], [ -73.264957, 42.74594 ], [ -71.294205, 42.69699 ], [ -71.245504, 42.742589 ], [ -71.181803, 42.73759 ], [ -71.186104, 42.790689 ], [ -71.149703, 42.815489 ], [ -70.930799, 42.884589 ], [ -70.886136, 42.88261 ], [ -70.848625, 42.860939 ], [ -70.817296, 42.87229 ], [ -70.80522, 42.781798 ], [ -70.770453, 42.704824 ], [ -70.778671, 42.693622 ], [ -70.689402, 42.653319 ], [ -70.630077, 42.692699 ], [ -70.622791, 42.660873 ], [ -70.595474, 42.660336 ], [ -70.591469, 42.639821 ], [ -70.654727, 42.582234 ], [ -70.678819, 42.594389 ], [ -70.698574, 42.577393 ], [ -70.871382, 42.546404 ], [ -70.866279, 42.522617 ], [ -70.831091, 42.503596 ], [ -70.835991, 42.490496 ], [ -70.934993, 42.457896 ], [ -70.933155, 42.437833 ], [ -70.905692, 42.416197 ], [ -70.936393, 42.418097 ], [ -70.94702, 42.456236 ], [ -70.982994, 42.423996 ], [ -70.989195, 42.402598 ], [ -70.953022, 42.343973 ], [ -70.979927, 42.356382 ], [ -71.006877, 42.347039 ], [ -71.0049, 42.28272 ], [ -70.98909, 42.267449 ], [ -70.910941, 42.265412 ], [ -70.895778, 42.292436 ], [ -70.91749, 42.305686 ], [ -70.882764, 42.30886 ], [ -70.851093, 42.26827 ], [ -70.770964, 42.249197 ], [ -70.722269, 42.207959 ], [ -70.714301, 42.168783 ], [ -70.63848, 42.081579 ], [ -70.644337, 42.045895 ], [ -70.66936, 42.037116 ], [ -70.670934, 42.007786 ], [ -70.695809, 42.013346 ], [ -70.710034, 41.999544 ], [ -70.662476, 41.960592 ], [ -70.616491, 41.940204 ], [ -70.583572, 41.950007 ], [ -70.552941, 41.929641 ], [ -70.525567, 41.85873 ], [ -70.54103, 41.815754 ], [ -70.494048, 41.773883 ], [ -70.412476, 41.744397 ], [ -70.290957, 41.734312 ], [ -70.259205, 41.713954 ], [ -70.216073, 41.742981 ], [ -70.064314, 41.772845 ], [ -70.008462, 41.800786 ], [ -70.000188, 41.886938 ], [ -70.044995, 41.930049 ], [ -70.065671, 41.911658 ], [ -70.067566, 41.877793 ], [ -70.095595, 42.032832 ], [ -70.155415, 42.062409 ], [ -70.186816, 42.05045 ], [ -70.190834, 42.020028 ], [ -70.245385, 42.063733 ], [ -70.189305, 42.082337 ], [ -70.082624, 42.054657 ], [ -70.033501, 42.017736 ], [ -69.968598, 41.9117 ], [ -69.935952, 41.809422 ], [ -69.928261, 41.6917 ], [ -69.998071, 41.54365 ], [ -70.016584, 41.550772 ], [ -69.973153, 41.646963 ], [ -70.007011, 41.671579 ], [ -70.191061, 41.645259 ], [ -70.265424, 41.609333 ], [ -70.28132, 41.635125 ], [ -70.351634, 41.634687 ], [ -70.379151, 41.611361 ], [ -70.437246, 41.605329 ], [ -70.485571, 41.554244 ], [ -70.633607, 41.538254 ], [ -70.79027, 41.446339 ], [ -70.948431, 41.409193 ], [ -70.928165, 41.431265 ], [ -70.906011, 41.425708 ], [ -70.802186, 41.460864 ], [ -70.658659, 41.543385 ], [ -70.640948, 41.577325 ], [ -70.652614, 41.637829 ], [ -70.637632, 41.654573 ], [ -70.661475, 41.681756 ], [ -70.62544, 41.698691 ], [ -70.626529, 41.712995 ], [ -70.726331, 41.732731 ], [ -70.719575, 41.685002 ], [ -70.755347, 41.694326 ], [ -70.765463, 41.641575 ], [ -70.813286, 41.65567 ], [ -70.801063, 41.629513 ], [ -70.852518, 41.626919 ], [ -70.85222, 41.589223 ] ] ], [ [ [ -70.031332, 41.339332 ], [ -70.049053, 41.391702 ], [ -69.960277, 41.278731 ], [ -69.965725, 41.252466 ], [ -70.015225, 41.237964 ], [ -70.118669, 41.242351 ], [ -70.256164, 41.288123 ], [ -70.275526, 41.310464 ], [ -70.229541, 41.290171 ], [ -70.12446, 41.293851 ], [ -70.082072, 41.299093 ], [ -70.031332, 41.339332 ] ] ], [ [ [ -70.553277, 41.452955 ], [ -70.547567, 41.415831 ], [ -70.498959, 41.384339 ], [ -70.450431, 41.420703 ], [ -70.451084, 41.348161 ], [ -70.709826, 41.341723 ], [ -70.775665, 41.300982 ], [ -70.838777, 41.347209 ], [ -70.774974, 41.349176 ], [ -70.701378, 41.430925 ], [ -70.603555, 41.482384 ], [ -70.553277, 41.452955 ] ] ], [ [ [ -70.830087, 41.585385 ], [ -70.832044, 41.606504 ], [ -70.82191, 41.582841 ], [ -70.830087, 41.585385 ] ] ] ] } },
{ "type": "Feature", "properties": { "fips": "26" }, "geometry": { "type": "MultiPolygon", "coordinates": [ [ [ [ -84.818873, 41.760059 ], [ -86.824828, 41.76024 ], [ -86.619442, 41.893827 ], [ -86.485223, 42.118239 ], [ -86.356218, 42.254166 ], [ -86.261573, 42.443894 ], [ -86.225613, 42.594765 ], [ -86.206834, 42.719424 ], [ -86.232707, 43.015762 ], [ -86.280756, 43.136015 ], [ -86.407832, 43.338436 ], [ -86.540916, 43.633158 ], [ -86.529179, 43.677889 ], [ -86.461554, 43.746685 ], [ -86.431043, 43.815975 ], [ -86.463136, 43.970976 ], [ -86.514702, 44.058119 ], [ -86.421108, 44.12948 ], [ -86.26871, 44.345324 ], [ -86.220697, 44.566742 ], [ -86.259029, 44.663654 ], [ -86.254996, 44.691935 ], [ -86.089186, 44.741496 ], [ -86.065966, 44.821522 ], [ -86.066745, 44.905685 ], [ -86.038332, 44.915696 ], [ -85.992535, 44.900026 ], [ -85.9316, 44.968788 ], [ -85.869852, 44.939031 ], [ -85.807403, 44.949814 ], [ -85.746444, 45.051229 ], [ -85.695715, 45.076461 ], [ -85.618639, 45.186771 ], [ -85.585986, 45.180381 ], [ -85.551072, 45.210742 ], [ -85.526734, 45.189316 ], [ -85.531461, 45.177247 ], [ -85.599801, 45.149286 ], [ -85.614319, 45.127562 ], [ -85.56613, 45.043633 ], [ -85.597181, 45.040547 ], [ -85.621878, 45.004529 ], [ -85.604301, 44.990983 ], [ -85.602034, 44.926743 ], [ -85.625497, 44.921107 ], [ -85.652355, 44.849092 ], [ -85.640781, 44.775561 ], [ -85.593571, 44.768783 ], [ -85.532931, 44.87319 ], [ -85.530649, 44.889763 ], [ -85.564509, 44.895246 ], [ -85.533553, 44.925762 ], [ -85.520034, 44.973996 ], [ -85.475204, 44.991053 ], [ -85.464944, 44.961062 ], [ -85.48574, 44.953626 ], [ -85.502182, 44.855802 ], [ -85.555894, 44.818256 ], [ -85.576566, 44.760208 ], [ -85.527216, 44.748235 ], [ -85.504775, 44.768082 ], [ -85.499591, 44.803838 ], [ -85.462916, 44.825067 ], [ -85.3958, 44.931018 ], [ -85.366412, 45.069023 ], [ -85.388593, 45.23524 ], [ -85.371593, 45.270834 ], [ -85.196704, 45.360641 ], [ -85.032813, 45.361251 ], [ -84.91585, 45.393115 ], [ -84.922006, 45.421914 ], [ -84.990041, 45.427618 ], [ -84.978608, 45.418663 ], [ -85.040936, 45.436701 ], [ -85.088386, 45.476928 ], [ -85.115479, 45.539406 ], [ -85.118637, 45.575175 ], [ -85.07491, 45.629242 ], [ -85.007026, 45.65636 ], [ -84.943756, 45.71029 ], [ -84.95084, 45.736893 ], [ -85.00741, 45.763168 ], [ -84.806642, 45.746171 ], [ -84.781373, 45.76108 ], [ -84.793153, 45.780463 ], [ -84.780313, 45.787224 ], [ -84.726192, 45.786905 ], [ -84.715996, 45.766174 ], [ -84.46168, 45.652404 ], [ -84.427495, 45.669201 ], [ -84.376403, 45.655565 ], [ -84.329537, 45.66438 ], [ -84.215268, 45.634767 ], [ -84.128867, 45.562284 ], [ -84.122309, 45.523788 ], [ -84.095905, 45.497298 ], [ -83.939261, 45.493189 ], [ -83.806622, 45.419159 ], [ -83.721815, 45.413304 ], [ -83.599273, 45.352561 ], [ -83.488826, 45.355872 ], [ -83.422389, 45.290775 ], [ -83.385104, 45.274195 ], [ -83.41241, 45.238905 ], [ -83.363678, 45.166469 ], [ -83.316118, 45.141958 ], [ -83.265896, 45.026844 ], [ -83.399255, 45.070364 ], [ -83.454168, 45.03188 ], [ -83.431254, 45.007998 ], [ -83.450013, 44.990219 ], [ -83.433032, 44.93289 ], [ -83.39396, 44.903056 ], [ -83.320503, 44.880571 ], [ -83.321241, 44.852962 ], [ -83.300648, 44.829831 ], [ -83.2973, 44.746134 ], [ -83.273393, 44.713901 ], [ -83.314517, 44.608725 ], [ -83.308471, 44.539902 ], [ -83.332533, 44.340464 ], [ -83.373607, 44.327784 ], [ -83.429689, 44.269708 ], [ -83.500392, 44.27661 ], [ -83.53771, 44.248171 ], [ -83.573071, 44.101298 ], [ -83.591361, 44.079237 ], [ -83.58409, 44.056748 ], [ -83.679654, 44.036365 ], [ -83.680108, 43.994196 ], [ -83.829077, 43.989095 ], [ -83.877694, 43.959235 ], [ -83.916815, 43.89905 ], [ -83.926345, 43.787398 ], [ -83.954347, 43.750647 ], [ -83.897078, 43.664022 ], [ -83.769886, 43.634924 ], [ -83.666052, 43.591292 ], [ -83.540187, 43.708746 ], [ -83.470053, 43.723418 ], [ -83.438311, 43.786846 ], [ -83.411453, 43.805033 ], [ -83.407647, 43.831998 ], [ -83.33227, 43.880522 ], [ -83.347365, 43.91216 ], [ -83.28231, 43.938031 ], [ -83.26153, 43.973525 ], [ -83.066026, 44.003366 ], [ -83.024604, 44.045174 ], [ -82.915976, 44.070503 ], [ -82.746255, 43.996037 ], [ -82.633641, 43.831224 ], [ -82.597911, 43.590016 ], [ -82.539517, 43.437539 ], [ -82.523086, 43.225361 ], [ -82.486042, 43.102486 ], [ -82.415937, 43.005555 ], [ -82.469912, 42.887459 ], [ -82.483697, 42.733212 ], [ -82.518782, 42.613888 ], [ -82.589779, 42.550678 ], [ -82.624907, 42.557229 ], [ -82.686417, 42.518597 ], [ -82.664335, 42.546244 ], [ -82.688061, 42.588417 ], [ -82.713042, 42.597904 ], [ -82.683482, 42.609433 ], [ -82.689836, 42.627148 ], [ -82.630922, 42.64211 ], [ -82.630851, 42.673341 ], [ -82.700964, 42.689548 ], [ -82.813518, 42.640833 ], [ -82.819017, 42.616333 ], [ -82.789017, 42.603434 ], [ -82.782414, 42.564834 ], [ -82.834216, 42.567849 ], [ -82.874416, 42.523535 ], [ -82.883915, 42.471836 ], [ -82.870347, 42.450888 ], [ -82.894013, 42.389437 ], [ -82.919114, 42.374437 ], [ -82.92397, 42.352068 ], [ -83.064121, 42.317738 ], [ -83.096521, 42.290138 ], [ -83.128022, 42.238839 ], [ -83.133511, 42.088143 ], [ -83.188598, 42.066431 ], [ -83.187246, 42.007573 ], [ -83.249204, 41.972402 ], [ -83.269521, 41.939042 ], [ -83.315859, 41.935893 ], [ -83.341557, 41.879956 ], [ -83.381955, 41.870877 ], [ -83.439612, 41.813162 ], [ -83.424076, 41.740738 ], [ -83.43436, 41.737058 ], [ -84.806082, 41.696089 ], [ -84.818873, 41.760059 ] ] ], [ [ [ -86.138095, 45.043038 ], [ -86.117908, 45.048478 ], [ -86.079103, 45.030795 ], [ -86.100315, 45.02624 ], [ -86.093536, 45.007838 ], [ -86.133655, 44.996874 ], [ -86.156689, 45.010535 ], [ -86.138095, 45.043038 ] ] ], [ [ [ -85.976803, 45.138363 ], [ -85.976883, 45.06266 ], [ -85.99736, 45.055929 ], [ -86.058653, 45.100776 ], [ -86.065016, 45.140266 ], [ -86.04443, 45.159582 ], [ -85.993194, 45.152805 ], [ -85.976803, 45.138363 ] ] ], [ [ [ -87.334249, 45.442315 ], [ -87.327749, 45.425307 ], [ -87.3925, 45.369028 ], [ -87.438908, 45.293405 ], [ -87.600796, 45.146842 ], [ -87.610073, 45.114141 ], [ -87.581969, 45.097206 ], [ -87.659952, 45.107512 ], [ -87.731389, 45.170989 ], [ -87.741732, 45.198201 ], [ -87.648126, 45.339396 ], [ -87.657349, 45.368752 ], [ -87.693956, 45.389893 ], [ -87.751452, 45.351755 ], [ -87.850133, 45.340435 ], [ -87.888052, 45.354697 ], [ -87.860432, 45.423504 ], [ -87.792769, 45.499967 ], [ -87.792016, 45.616756 ], [ -87.823672, 45.659817 ], [ -87.780808, 45.680349 ], [ -87.868111, 45.749477 ], [ -87.991447, 45.795393 ], [ -88.072091, 45.780261 ], [ -88.130434, 45.81002 ], [ -88.13364, 45.823128 ], [ -88.073134, 45.871952 ], [ -88.139372, 45.929932 ], [ -88.239672, 45.948982 ], [ -88.250133, 45.963147 ], [ -88.295559, 45.951459 ], [ -88.376447, 45.989458 ], [ -88.489608, 45.991381 ], [ -88.507188, 46.0183 ], [ -88.532414, 46.021212 ], [ -88.616405, 45.9877 ], [ -88.666056, 45.988191 ], [ -88.679132, 46.013538 ], [ -88.815629, 46.02232 ], [ -89.125136, 46.144531 ], [ -90.120489, 46.336852 ], [ -90.119691, 46.359755 ], [ -90.166919, 46.439851 ], [ -90.204572, 46.478998 ], [ -90.284545, 46.518714 ], [ -90.400429, 46.544384 ], [ -90.418136, 46.566094 ], [ -90.327626, 46.607744 ], [ -90.028392, 46.67439 ], [ -89.848652, 46.795711 ], [ -89.790663, 46.818469 ], [ -89.673375, 46.833229 ], [ -89.619329, 46.81889 ], [ -89.415154, 46.843983 ], [ -89.227914, 46.912954 ], [ -89.128698, 46.992599 ], [ -88.972802, 47.002096 ], [ -88.924492, 47.042156 ], [ -88.88914, 47.100575 ], [ -88.764351, 47.155762 ], [ -88.672395, 47.219137 ], [ -88.573997, 47.245989 ], [ -88.418673, 47.371188 ], [ -88.217822, 47.448738 ], [ -88.040242, 47.476002 ], [ -87.801184, 47.473301 ], [ -87.715942, 47.439816 ], [ -87.712421, 47.4014 ], [ -87.815371, 47.38479 ], [ -87.957058, 47.38726 ], [ -87.965598, 47.368645 ], [ -87.94336, 47.335899 ], [ -88.06009, 47.295796 ], [ -88.163059, 47.216278 ], [ -88.228987, 47.199042 ], [ -88.242006, 47.174767 ], [ -88.232164, 47.145975 ], [ -88.281701, 47.138212 ], [ -88.297625, 47.098505 ], [ -88.349952, 47.076377 ], [ -88.367624, 47.019213 ], [ -88.411145, 46.977984 ], [ -88.443901, 46.972251 ], [ -88.483748, 46.831727 ], [ -88.462349, 46.786711 ], [ -88.438427, 46.786714 ], [ -88.375577, 46.857313 ], [ -88.35194, 46.857028 ], [ -88.244437, 46.929612 ], [ -88.143688, 46.966665 ], [ -88.132876, 46.962204 ], [ -88.187522, 46.918999 ], [ -88.175197, 46.90458 ], [ -88.08187, 46.920458 ], [ -87.900339, 46.909686 ], [ -87.846195, 46.883905 ], [ -87.782461, 46.879859 ], [ -87.765989, 46.861316 ], [ -87.741014, 46.865247 ], [ -87.727358, 46.827656 ], [ -87.69459, 46.827182 ], [ -87.680668, 46.842496 ], [ -87.672015, 46.820415 ], [ -87.595307, 46.78295 ], [ -87.582745, 46.730527 ], [ -87.523308, 46.688488 ], [ -87.503025, 46.647497 ], [ -87.467965, 46.635623 ], [ -87.451368, 46.605923 ], [ -87.383961, 46.59307 ], [ -87.392828, 46.570852 ], [ -87.375613, 46.54714 ], [ -87.393985, 46.533183 ], [ -87.351071, 46.500749 ], [ -87.12744, 46.494014 ], [ -87.008724, 46.532723 ], [ -86.964534, 46.516549 ], [ -86.947077, 46.472064 ], [ -86.903742, 46.466138 ], [ -86.883919, 46.441514 ], [ -86.850111, 46.434114 ], [ -86.816026, 46.437892 ], [ -86.803557, 46.466669 ], [ -86.768516, 46.479072 ], [ -86.735929, 46.475231 ], [ -86.698139, 46.438624 ], [ -86.683819, 46.498079 ], [ -86.709325, 46.543914 ], [ -86.678182, 46.561039 ], [ -86.652865, 46.560555 ], [ -86.62738, 46.53371 ], [ -86.646393, 46.485776 ], [ -86.627441, 46.47754 ], [ -86.609393, 46.492976 ], [ -86.609039, 46.470239 ], [ -86.586168, 46.463324 ], [ -86.469306, 46.551422 ], [ -86.34989, 46.578035 ], [ -86.161681, 46.669475 ], [ -86.099843, 46.654615 ], [ -85.877908, 46.690914 ], [ -85.50951, 46.675786 ], [ -85.25686, 46.75338 ], [ -84.954009, 46.771362 ], [ -85.027513, 46.697451 ], [ -85.037056, 46.600995 ], [ -85.025491, 46.546397 ], [ -85.056133, 46.52652 ], [ -85.025598, 46.483028 ], [ -84.969464, 46.47629 ], [ -84.937145, 46.489252 ], [ -84.921931, 46.469962 ], [ -84.861448, 46.46993 ], [ -84.829491, 46.444071 ], [ -84.678423, 46.487694 ], [ -84.63102, 46.484868 ], [ -84.551496, 46.418522 ], [ -84.503719, 46.43919 ], [ -84.471848, 46.434289 ], [ -84.455527, 46.453897 ], [ -84.463322, 46.467435 ], [ -84.420274, 46.501077 ], [ -84.264266, 46.495055 ], [ -84.226131, 46.53392 ], [ -84.128925, 46.530119 ], [ -84.111225, 46.504119 ], [ -84.146172, 46.41852 ], [ -84.108089, 46.241238 ], [ -84.14922, 46.223808 ], [ -84.219494, 46.231992 ], [ -84.249164, 46.206461 ], [ -84.251424, 46.175888 ], [ -84.221001, 46.163062 ], [ -84.177298, 46.183993 ], [ -84.125022, 46.180209 ], [ -84.095818, 46.147733 ], [ -84.026536, 46.131648 ], [ -84.071741, 46.092441 ], [ -83.989526, 46.032823 ], [ -83.943933, 46.031465 ], [ -83.900535, 45.998918 ], [ -83.868233, 45.995075 ], [ -83.845399, 46.025679 ], [ -83.794055, 45.995801 ], [ -83.765277, 46.018363 ], [ -83.773785, 46.051471 ], [ -83.81252, 46.073469 ], [ -83.815826, 46.108529 ], [ -83.771821, 46.090999 ], [ -83.63498, 46.103953 ], [ -83.581315, 46.089613 ], [ -83.532913, 46.011328 ], [ -83.473221, 45.984422 ], [ -83.517242, 45.923614 ], [ -83.561838, 45.912562 ], [ -83.65766, 45.945463 ], [ -83.768854, 45.932069 ], [ -83.835505, 45.941843 ], [ -83.881055, 45.968185 ], [ -84.017565, 45.959046 ], [ -84.111174, 45.978675 ], [ -84.330021, 45.956247 ], [ -84.376429, 45.931962 ], [ -84.484009, 45.98825 ], [ -84.507201, 45.991169 ], [ -84.514071, 45.971292 ], [ -84.532392, 45.969448 ], [ -84.544405, 46.02286 ], [ -84.609063, 46.026418 ], [ -84.656567, 46.052654 ], [ -84.692735, 46.027019 ], [ -84.685254, 45.973454 ], [ -84.723039, 45.967279 ], [ -84.738849, 45.945792 ], [ -84.713614, 45.920366 ], [ -84.734002, 45.907026 ], [ -84.701183, 45.853092 ], [ -84.746985, 45.835597 ], [ -84.831396, 45.872038 ], [ -84.842243, 45.898194 ], [ -84.917484, 45.93067 ], [ -85.01399, 46.010774 ], [ -85.140835, 46.049601 ], [ -85.197523, 46.044878 ], [ -85.335911, 46.092595 ], [ -85.381394, 46.082044 ], [ -85.412064, 46.101437 ], [ -85.44699, 46.085164 ], [ -85.5001, 46.09694 ], [ -85.603785, 46.030363 ], [ -85.663966, 45.967013 ], [ -85.697203, 45.960158 ], [ -85.810442, 45.980087 ], [ -85.893196, 45.967253 ], [ -85.922737, 45.948287 ], [ -85.913769, 45.919439 ], [ -86.072067, 45.965313 ], [ -86.159415, 45.953765 ], [ -86.208255, 45.962978 ], [ -86.278007, 45.942057 ], [ -86.324232, 45.90608 ], [ -86.351658, 45.798132 ], [ -86.415971, 45.793793 ], [ -86.439661, 45.760669 ], [ -86.486028, 45.746608 ], [ -86.51457, 45.752337 ], [ -86.537258, 45.708361 ], [ -86.580936, 45.71192 ], [ -86.587528, 45.666456 ], [ -86.627938, 45.659293 ], [ -86.616893, 45.606796 ], [ -86.687208, 45.634253 ], [ -86.718191, 45.67732 ], [ -86.665677, 45.702217 ], [ -86.67148, 45.72053 ], [ -86.633138, 45.747654 ], [ -86.631018, 45.782019 ], [ -86.583391, 45.778242 ], [ -86.576858, 45.801473 ], [ -86.557215, 45.808172 ], [ -86.555186, 45.831696 ], [ -86.528224, 45.856974 ], [ -86.541464, 45.890234 ], [ -86.583304, 45.898784 ], [ -86.645998, 45.833888 ], [ -86.721113, 45.845431 ], [ -86.749638, 45.867796 ], [ -86.78208, 45.860195 ], [ -86.773279, 45.811385 ], [ -86.821523, 45.770356 ], [ -86.838746, 45.722307 ], [ -86.944158, 45.695833 ], [ -86.964275, 45.672761 ], [ -86.984588, 45.705812 ], [ -86.975224, 45.75313 ], [ -86.988438, 45.810621 ], [ -87.018902, 45.838886 ], [ -87.039842, 45.834245 ], [ -87.057439, 45.812483 ], [ -87.064302, 45.758828 ], [ -87.052908, 45.747983 ], [ -87.070442, 45.718779 ], [ -87.059533, 45.708497 ], [ -87.172241, 45.661788 ], [ -87.334249, 45.442315 ] ] ], [ [ [ -88.547033, 48.174891 ], [ -88.501088, 48.168181 ], [ -88.422601, 48.190975 ], [ -88.418244, 48.18037 ], [ -88.566938, 48.093719 ], [ -88.579784, 48.058669 ], [ -88.670073, 48.011446 ], [ -88.899184, 47.9533 ], [ -88.962664, 47.923512 ], [ -88.968903, 47.901675 ], [ -88.899698, 47.902445 ], [ -88.911665, 47.891344 ], [ -89.157738, 47.824015 ], [ -89.234533, 47.851718 ], [ -89.255202, 47.876102 ], [ -89.179154, 47.93503 ], [ -88.787556, 48.063035 ], [ -88.656915, 48.139225 ], [ -88.547033, 48.174891 ] ] ], [ [ [ -85.501267, 45.754415 ], [ -85.521911, 45.739419 ], [ -85.498777, 45.726291 ], [ -85.506104, 45.681148 ], [ -85.491347, 45.609665 ], [ -85.541129, 45.575045 ], [ -85.618049, 45.582647 ], [ -85.630016, 45.598166 ], [ -85.604521, 45.639256 ], [ -85.604881, 45.681932 ], [ -85.572309, 45.711449 ], [ -85.566441, 45.760222 ], [ -85.501267, 45.754415 ] ] ], [ [ [ -84.484128, 45.73071 ], [ -84.650783, 45.85921 ], [ -84.646876, 45.884642 ], [ -84.622515, 45.87753 ], [ -84.578328, 45.820092 ], [ -84.432472, 45.786732 ], [ -84.419335, 45.806747 ], [ -84.403208, 45.784394 ], [ -84.356312, 45.769495 ], [ -84.405852, 45.722417 ], [ -84.484128, 45.73071 ] ] ] ] } },
{ "type": "Feature", "properties": { "fips": "27" }, "geometry": { "type": "Polygon", "coordinates": [ [ [ -91.217706, 43.50055 ], [ -96.453049, 43.500415 ], [ -96.453067, 45.298115 ], [ -96.489065, 45.357071 ], [ -96.521787, 45.375645 ], [ -96.692541, 45.417338 ], [ -96.76528, 45.521414 ], [ -96.857751, 45.605962 ], [ -96.835769, 45.649648 ], [ -96.672665, 45.732336 ], [ -96.583085, 45.820024 ], [ -96.56328, 45.935238 ], [ -96.57794, 46.026874 ], [ -96.554835, 46.084824 ], [ -96.585647, 46.177309 ], [ -96.598233, 46.312563 ], [ -96.721999, 46.439986 ], [ -96.739054, 46.543708 ], [ -96.783009, 46.630418 ], [ -96.802013, 46.812464 ], [ -96.767458, 46.905163 ], [ -96.823222, 46.970861 ], [ -96.832946, 47.237588 ], [ -96.862312, 47.422333 ], [ -96.84243, 47.508225 ], [ -96.850955, 47.598287 ], [ -97.000356, 47.860915 ], [ -97.023156, 47.873978 ], [ -97.088158, 48.059515 ], [ -97.14751, 48.170572 ], [ -97.14717, 48.242966 ], [ -97.11657, 48.279661 ], [ -97.115581, 48.323928 ], [ -97.145693, 48.397431 ], [ -97.123399, 48.421201 ], [ -97.12677, 48.520191 ], [ -97.163105, 48.543855 ], [ -97.092606, 48.682033 ], [ -97.23261, 48.946561 ], [ -97.234005, 48.99747 ], [ -95.153711, 48.998903 ], [ -95.153314, 49.384358 ], [ -95.058404, 49.35317 ], [ -94.957465, 49.370186 ], [ -94.824291, 49.308834 ], [ -94.773223, 49.120733 ], [ -94.750221, 49.099763 ], [ -94.750218, 48.999992 ], [ -94.718932, 48.999991 ], [ -94.683069, 48.883929 ], [ -94.690889, 48.778066 ], [ -94.533057, 48.701262 ], [ -94.308446, 48.710239 ], [ -94.260541, 48.696381 ], [ -94.250497, 48.656654 ], [ -94.224276, 48.649527 ], [ -93.840754, 48.628548 ], [ -93.806763, 48.577616 ], [ -93.818253, 48.530046 ], [ -93.794454, 48.516021 ], [ -93.662337, 48.515708 ], [ -93.467504, 48.545664 ], [ -93.464308, 48.591792 ], [ -93.254854, 48.642784 ], [ -93.207398, 48.642474 ], [ -93.17999, 48.624926 ], [ -92.980484, 48.624915 ], [ -92.728046, 48.53929 ], [ -92.634931, 48.542873 ], [ -92.627237, 48.503383 ], [ -92.698824, 48.494892 ], [ -92.712562, 48.463013 ], [ -92.656027, 48.436709 ], [ -92.507285, 48.447875 ], [ -92.456325, 48.414204 ], [ -92.384387, 48.242914 ], [ -92.325304, 48.23703 ], [ -92.295053, 48.276587 ], [ -92.304561, 48.322977 ], [ -92.26228, 48.354933 ], [ -92.055228, 48.359213 ], [ -91.977486, 48.24634 ], [ -91.954432, 48.251678 ], [ -91.789693, 48.197829 ], [ -91.714931, 48.19913 ], [ -91.699336, 48.144728 ], [ -91.71185, 48.114598 ], [ -91.488067, 48.068111 ], [ -91.26638, 48.078713 ], [ -91.138482, 48.151458 ], [ -90.88548, 48.245784 ], [ -90.839176, 48.239511 ], [ -90.795308, 48.135523 ], [ -90.751608, 48.090968 ], [ -90.569763, 48.106951 ], [ -90.344234, 48.094447 ], [ -90.136191, 48.112136 ], [ -90.023595, 48.084708 ], [ -89.99305, 48.028404 ], [ -89.897414, 47.987599 ], [ -89.763967, 48.022969 ], [ -89.564288, 48.00293 ], [ -89.489226, 48.014528 ], [ -89.572315, 47.967238 ], [ -89.624559, 47.983153 ], [ -89.639545, 47.95359 ], [ -89.697619, 47.941288 ], [ -89.793539, 47.891358 ], [ -89.923649, 47.862062 ], [ -89.974296, 47.830514 ], [ -90.437712, 47.731612 ], [ -90.735927, 47.624343 ], [ -91.045646, 47.456525 ], [ -91.477351, 47.125667 ], [ -91.573817, 47.089917 ], [ -91.644564, 47.026491 ], [ -91.704649, 47.005246 ], [ -91.780675, 46.945881 ], [ -91.883238, 46.905728 ], [ -92.094089, 46.787839 ], [ -92.01529, 46.706469 ], [ -92.08949, 46.74924 ], [ -92.11659, 46.74864 ], [ -92.189091, 46.717541 ], [ -92.187592, 46.678941 ], [ -92.207092, 46.651941 ], [ -92.292192, 46.663242 ], [ -92.294033, 46.074377 ], [ -92.707702, 45.894901 ], [ -92.784621, 45.764196 ], [ -92.869193, 45.717568 ], [ -92.883749, 45.575483 ], [ -92.72623, 45.531085 ], [ -92.680234, 45.464344 ], [ -92.664102, 45.393309 ], [ -92.704794, 45.326526 ], [ -92.760615, 45.278827 ], [ -92.792875, 45.078489 ], [ -92.750645, 44.937299 ], [ -92.765461, 44.836202 ], [ -92.802402, 44.745167 ], [ -92.632105, 44.649027 ], [ -92.549685, 44.576 ], [ -92.340058, 44.555273 ], [ -92.314071, 44.538014 ], [ -92.291005, 44.485464 ], [ -92.233897, 44.446334 ], [ -91.9636, 44.362112 ], [ -91.918625, 44.322671 ], [ -91.875158, 44.200575 ], [ -91.721552, 44.130342 ], [ -91.59207, 44.031372 ], [ -91.432522, 43.996827 ], [ -91.284138, 43.847065 ], [ -91.262436, 43.792166 ], [ -91.268748, 43.615348 ], [ -91.217706, 43.50055 ] ] ] } },
{ "type": "Feature", "properties": { "fips": "28" }, "geometry": { "type": "MultiPolygon", "coordinates": [ [ [ [ -89.732504, 31.004831 ], [ -91.636942, 30.999416 ], [ -91.58467, 31.020185 ], [ -91.559907, 31.054119 ], [ -91.604197, 31.154545 ], [ -91.574493, 31.261289 ], [ -91.522397, 31.273423 ], [ -91.508858, 31.291644 ], [ -91.541242, 31.35675 ], [ -91.500406, 31.419008 ], [ -91.52292, 31.519841 ], [ -91.416683, 31.561599 ], [ -91.425094, 31.57782 ], [ -91.477362, 31.592239 ], [ -91.474959, 31.621677 ], [ -91.404668, 31.637898 ], [ -91.397915, 31.709364 ], [ -91.365084, 31.752743 ], [ -91.338414, 31.851261 ], [ -91.248144, 31.869848 ], [ -91.128009, 31.985857 ], [ -91.027535, 32.113431 ], [ -91.046615, 32.138768 ], [ -91.165452, 32.13429 ], [ -91.164171, 32.196888 ], [ -91.039007, 32.242349 ], [ -91.004557, 32.215381 ], [ -90.898588, 32.329094 ], [ -91.000106, 32.357695 ], [ -90.99408, 32.403862 ], [ -91.116008, 32.48314 ], [ -91.090771, 32.563978 ], [ -91.141148, 32.597209 ], [ -91.152081, 32.641508 ], [ -91.054481, 32.722259 ], [ -91.163389, 32.747009 ], [ -91.161669, 32.812465 ], [ -91.145002, 32.84287 ], [ -91.070602, 32.888659 ], [ -91.063974, 32.924113 ], [ -91.106581, 32.988938 ], [ -91.134414, 32.980533 ], [ -91.132115, 32.923122 ], [ -91.145076, 32.905494 ], [ -91.196785, 32.906784 ], [ -91.214027, 32.93032 ], [ -91.201842, 32.961212 ], [ -91.125656, 33.038276 ], [ -91.087589, 33.145177 ], [ -91.085984, 33.221644 ], [ -91.141216, 33.298397 ], [ -91.184427, 33.419576 ], [ -91.131885, 33.430063 ], [ -91.118495, 33.449116 ], [ -91.125109, 33.472842 ], [ -91.232295, 33.552788 ], [ -91.224121, 33.567369 ], [ -91.134043, 33.594489 ], [ -91.130445, 33.606034 ], [ -91.193093, 33.656866 ], [ -91.185971, 33.679327 ], [ -91.14817, 33.679327 ], [ -91.1279, 33.695762 ], [ -91.139869, 33.777117 ], [ -91.067511, 33.840443 ], [ -91.036821, 33.914656 ], [ -91.089119, 33.972653 ], [ -90.887413, 34.032505 ], [ -90.888396, 34.087433 ], [ -90.928793, 34.107631 ], [ -90.934564, 34.130138 ], [ -90.918405, 34.154376 ], [ -90.880317, 34.169381 ], [ -90.91148, 34.223051 ], [ -90.856367, 34.238928 ], [ -90.764143, 34.363396 ], [ -90.658542, 34.375705 ], [ -90.575336, 34.415152 ], [ -90.576543, 34.657402 ], [ -90.521499, 34.66324 ], [ -90.508989, 34.679086 ], [ -90.554859, 34.727458 ], [ -90.537345, 34.78417 ], [ -90.479799, 34.769158 ], [ -90.467289, 34.782502 ], [ -90.473961, 34.852558 ], [ -90.461451, 34.856728 ], [ -90.436431, 34.85506 ], [ -90.414864, 34.831846 ], [ -90.307384, 34.846195 ], [ -90.250095, 34.90732 ], [ -90.244476, 34.937596 ], [ -90.309297, 34.995694 ], [ -88.200064, 34.995634 ], [ -88.125038, 34.902227 ], [ -88.097888, 34.892202 ], [ -88.468879, 31.930262 ], [ -88.39398, 30.349307 ], [ -88.433891, 30.354652 ], [ -88.480117, 30.318345 ], [ -88.599249, 30.358933 ], [ -88.66382, 30.362099 ], [ -88.728893, 30.342671 ], [ -88.841328, 30.409598 ], [ -88.857828, 30.392898 ], [ -88.851442, 30.375355 ], [ -88.89393, 30.393398 ], [ -89.016334, 30.383898 ], [ -89.285744, 30.303097 ], [ -89.279818, 30.34979 ], [ -89.335942, 30.374016 ], [ -89.366116, 30.352169 ], [ -89.332546, 30.337895 ], [ -89.322545, 30.314896 ], [ -89.419348, 30.25432 ], [ -89.44791, 30.185352 ], [ -89.463595, 30.173943 ], [ -89.480214, 30.193751 ], [ -89.572654, 30.180897 ], [ -89.64344, 30.287682 ], [ -89.629941, 30.339449 ], [ -89.68341, 30.451793 ], [ -89.806843, 30.572039 ], [ -89.842596, 30.666038 ], [ -89.77341, 30.897693 ], [ -89.744789, 30.918933 ], [ -89.732504, 31.004831 ] ] ], [ [ [ -88.401466, 30.210172 ], [ -88.453654, 30.196584 ], [ -88.506999, 30.214348 ], [ -88.453444, 30.201236 ], [ -88.401466, 30.210172 ] ] ], [ [ [ -88.976811, 30.210987 ], [ -88.920511, 30.220578 ], [ -88.87366, 30.241748 ], [ -88.90037, 30.224576 ], [ -88.945498, 30.209646 ], [ -88.976811, 30.210987 ] ] ], [ [ [ -89.091469, 30.202305 ], [ -89.156738, 30.230699 ], [ -89.077259, 30.23168 ], [ -89.063989, 30.246299 ], [ -89.091469, 30.202305 ] ] ], [ [ [ -88.569138, 30.221357 ], [ -88.752782, 30.238803 ], [ -88.771991, 30.245523 ], [ -88.718104, 30.252931 ], [ -88.569138, 30.221357 ] ] ] ] } },
{ "type": "Feature", "properties": { "fips": "29" }, "geometry": { "type": "Polygon", "coordinates": [ [ [ -94.617919, 36.499414 ], [ -94.607354, 39.113444 ], [ -94.591933, 39.155003 ], [ -94.752338, 39.173203 ], [ -94.832399, 39.227218 ], [ -94.901009, 39.30168 ], [ -94.909954, 39.367459 ], [ -95.109304, 39.542285 ], [ -95.107454, 39.573843 ], [ -95.01531, 39.674262 ], [ -94.916932, 39.728186 ], [ -94.895268, 39.76321 ], [ -94.927897, 39.886112 ], [ -94.954155, 39.901138 ], [ -95.00844, 39.900596 ], [ -95.035047, 39.866807 ], [ -95.085003, 39.861883 ], [ -95.181222, 39.899996 ], [ -95.301549, 39.983603 ], [ -95.521925, 40.24947 ], [ -95.552473, 40.261904 ], [ -95.553292, 40.291158 ], [ -95.622684, 40.342323 ], [ -95.692665, 40.483022 ], [ -95.659281, 40.519808 ], [ -95.696673, 40.545137 ], [ -95.709974, 40.523798 ], [ -95.76692, 40.531563 ], [ -95.765645, 40.585208 ], [ -94.294813, 40.571341 ], [ -91.729115, 40.61364 ], [ -91.620071, 40.540817 ], [ -91.619486, 40.507134 ], [ -91.524612, 40.410765 ], [ -91.484507, 40.3839 ], [ -91.419422, 40.378264 ], [ -91.46214, 40.342414 ], [ -91.489868, 40.286048 ], [ -91.510322, 40.127994 ], [ -91.494865, 40.037421 ], [ -91.460287, 39.980333 ], [ -91.446385, 39.870394 ], [ -91.365396, 39.777266 ], [ -91.370009, 39.732524 ], [ -91.229317, 39.620853 ], [ -91.178012, 39.598196 ], [ -91.158606, 39.553048 ], [ -91.042351, 39.452062 ], [ -90.842175, 39.341932 ], [ -90.72996, 39.255894 ], [ -90.681086, 39.10059 ], [ -90.713629, 39.053977 ], [ -90.657254, 38.92027 ], [ -90.625122, 38.888654 ], [ -90.566557, 38.868847 ], [ -90.507451, 38.902767 ], [ -90.467784, 38.961809 ], [ -90.406367, 38.962554 ], [ -90.250248, 38.919344 ], [ -90.113327, 38.849306 ], [ -90.123107, 38.798048 ], [ -90.20991, 38.72605 ], [ -90.18111, 38.65955 ], [ -90.18451, 38.611551 ], [ -90.260314, 38.528352 ], [ -90.285215, 38.443453 ], [ -90.346118, 38.381853 ], [ -90.370819, 38.333554 ], [ -90.373929, 38.281853 ], [ -90.353902, 38.213855 ], [ -90.243116, 38.112669 ], [ -89.997103, 37.963225 ], [ -89.950594, 37.881526 ], [ -89.901832, 37.869822 ], [ -89.844786, 37.905572 ], [ -89.671255, 37.801144 ], [ -89.515436, 37.67137 ], [ -89.517051, 37.537278 ], [ -89.439769, 37.4372 ], [ -89.421054, 37.387668 ], [ -89.432836, 37.347056 ], [ -89.489005, 37.333368 ], [ -89.517032, 37.28192 ], [ -89.414471, 37.12505 ], [ -89.383937, 37.046441 ], [ -89.261154, 36.982437 ], [ -89.170008, 36.970298 ], [ -89.132685, 36.9822 ], [ -89.100766, 36.943973 ], [ -89.147674, 36.847148 ], [ -89.177177, 36.835779 ], [ -89.179229, 36.812915 ], [ -89.12353, 36.785309 ], [ -89.130399, 36.751702 ], [ -89.169106, 36.759473 ], [ -89.197808, 36.739412 ], [ -89.19948, 36.716045 ], [ -89.171882, 36.672526 ], [ -89.213563, 36.580119 ], [ -89.259994, 36.565149 ], [ -89.326731, 36.632186 ], [ -89.365548, 36.625059 ], [ -89.417293, 36.499033 ], [ -89.471718, 36.457001 ], [ -89.493198, 36.470124 ], [ -89.465888, 36.529946 ], [ -89.479093, 36.568206 ], [ -89.527583, 36.581147 ], [ -89.566817, 36.564216 ], [ -89.560344, 36.525436 ], [ -89.519501, 36.475419 ], [ -89.509558, 36.375065 ], [ -89.531822, 36.339246 ], [ -89.605668, 36.342234 ], [ -89.620255, 36.323006 ], [ -89.539487, 36.277368 ], [ -89.534745, 36.252576 ], [ -89.602374, 36.238106 ], [ -89.699817, 36.248384 ], [ -89.607004, 36.171179 ], [ -89.594, 36.12719 ], [ -89.684439, 36.051719 ], [ -89.706932, 36.000981 ], [ -89.737564, 36.000522 ], [ -90.368718, 35.995812 ], [ -90.319168, 36.089976 ], [ -90.220425, 36.184764 ], [ -90.114922, 36.265595 ], [ -90.083731, 36.272332 ], [ -90.06398, 36.303038 ], [ -90.064514, 36.382085 ], [ -90.133993, 36.437906 ], [ -90.152481, 36.497952 ], [ -94.617919, 36.499414 ] ] ] } },
{ "type": "Feature", "properties": { "fips": "30" }, "geometry": { "type": "Polygon", "coordinates": [ [ [ -113.027147, 44.495915 ], [ -113.051504, 44.63695 ], [ -113.134617, 44.763149 ], [ -113.247166, 44.82295 ], [ -113.341704, 44.784853 ], [ -113.455071, 44.865424 ], [ -113.498745, 44.942314 ], [ -113.447199, 44.971924 ], [ -113.449349, 45.045745 ], [ -113.576453, 45.130311 ], [ -113.565979, 45.149335 ], [ -113.599506, 45.191114 ], [ -113.674409, 45.249411 ], [ -113.738729, 45.329741 ], [ -113.772915, 45.512322 ], [ -113.810117, 45.530924 ], [ -113.802009, 45.579096 ], [ -113.813933, 45.600559 ], [ -113.987759, 45.705247 ], [ -114.019315, 45.692937 ], [ -114.03493, 45.647967 ], [ -114.135249, 45.557465 ], [ -114.247828, 45.545489 ], [ -114.309613, 45.469432 ], [ -114.350819, 45.468542 ], [ -114.460542, 45.561283 ], [ -114.561773, 45.565109 ], [ -114.563652, 45.637412 ], [ -114.500925, 45.666715 ], [ -114.495421, 45.703321 ], [ -114.566172, 45.773864 ], [ -114.509303, 45.845531 ], [ -114.44868, 45.858891 ], [ -114.39376, 45.89402 ], [ -114.401552, 45.963195 ], [ -114.483379, 46.008047 ], [ -114.4912, 46.044003 ], [ -114.467583, 46.081914 ], [ -114.48312, 46.129147 ], [ -114.378, 46.435371 ], [ -114.385297, 46.467162 ], [ -114.346528, 46.535789 ], [ -114.331093, 46.630248 ], [ -114.370129, 46.654217 ], [ -114.481943, 46.631993 ], [ -114.614423, 46.639188 ], [ -114.667346, 46.719276 ], [ -114.739253, 46.715167 ], [ -114.853279, 46.799794 ], [ -114.920459, 46.827697 ], [ -114.936015, 46.899761 ], [ -115.193221, 47.133026 ], [ -115.266723, 47.181101 ], [ -115.320184, 47.255717 ], [ -115.52369, 47.298919 ], [ -115.576836, 47.366825 ], [ -115.721084, 47.42235 ], [ -115.729861, 47.447287 ], [ -115.712178, 47.488546 ], [ -115.739684, 47.537663 ], [ -115.706284, 47.637864 ], [ -115.72377, 47.696671 ], [ -116.048421, 47.97682 ], [ -116.049193, 49.000912 ], [ -104.048736, 48.999877 ], [ -104.040128, 44.999987 ], [ -111.044275, 45.001345 ], [ -111.056888, 44.866658 ], [ -111.048974, 44.474072 ], [ -111.131379, 44.499925 ], [ -111.219236, 44.622616 ], [ -111.323669, 44.724474 ], [ -111.377682, 44.751744 ], [ -111.489008, 44.705553 ], [ -111.525764, 44.604883 ], [ -111.601249, 44.55421 ], [ -111.704218, 44.560205 ], [ -111.806528, 44.515459 ], [ -111.843295, 44.528225 ], [ -111.870504, 44.564033 ], [ -112.078471, 44.533551 ], [ -112.187115, 44.534452 ], [ -112.274083, 44.564334 ], [ -112.339721, 44.538577 ], [ -112.358926, 44.48628 ], [ -112.38708, 44.460476 ], [ -112.71911, 44.504344 ], [ -112.781294, 44.484888 ], [ -112.849266, 44.371038 ], [ -112.9703, 44.426933 ], [ -113.003544, 44.450814 ], [ -113.027147, 44.495915 ] ] ] } },
{ "type": "Feature", "properties": { "fips": "31" }, "geometry": { "type": "Polygon", "coordinates": [ [ [ -95.30829, 39.999998 ], [ -102.051744, 40.003078 ], [ -102.051614, 41.002377 ], [ -104.053249, 41.001406 ], [ -104.053127, 43.000585 ], [ -98.49855, 42.99856 ], [ -98.447047, 42.935117 ], [ -98.165835, 42.837011 ], [ -98.035034, 42.764205 ], [ -97.936716, 42.775754 ], [ -97.888562, 42.817251 ], [ -97.875345, 42.858724 ], [ -97.84527, 42.867734 ], [ -97.686506, 42.842435 ], [ -97.328511, 42.859501 ], [ -97.257089, 42.853854 ], [ -97.13746, 42.782313 ], [ -96.813148, 42.706397 ], [ -96.724033, 42.665971 ], [ -96.708049, 42.601594 ], [ -96.625958, 42.513576 ], [ -96.48749, 42.479846 ], [ -96.409408, 42.487595 ], [ -96.385407, 42.473094 ], [ -96.380707, 42.446394 ], [ -96.413609, 42.407894 ], [ -96.417786, 42.351449 ], [ -96.328905, 42.254734 ], [ -96.323723, 42.229887 ], [ -96.35987, 42.210545 ], [ -96.349688, 42.172043 ], [ -96.307421, 42.130707 ], [ -96.272877, 42.047238 ], [ -96.129505, 41.971673 ], [ -96.136743, 41.920826 ], [ -96.161756, 41.90182 ], [ -96.110907, 41.830818 ], [ -96.06577, 41.798174 ], [ -96.077088, 41.715403 ], [ -96.121726, 41.68274 ], [ -96.095415, 41.652736 ], [ -96.118105, 41.613495 ], [ -96.09409, 41.539265 ], [ -96.046707, 41.507085 ], [ -96.030593, 41.527292 ], [ -95.994784, 41.526242 ], [ -95.930705, 41.433894 ], [ -95.956791, 41.349196 ], [ -95.91379, 41.320197 ], [ -95.90249, 41.273398 ], [ -95.92599, 41.195698 ], [ -95.852788, 41.165398 ], [ -95.867286, 41.001599 ], [ -95.829074, 40.975688 ], [ -95.821193, 40.876682 ], [ -95.861695, 40.762871 ], [ -95.88669, 40.742101 ], [ -95.883178, 40.717579 ], [ -95.842801, 40.677496 ], [ -95.786568, 40.657253 ], [ -95.748626, 40.603355 ], [ -95.773549, 40.578205 ], [ -95.76692, 40.531563 ], [ -95.709974, 40.523798 ], [ -95.696673, 40.545137 ], [ -95.659281, 40.519808 ], [ -95.692665, 40.483022 ], [ -95.622684, 40.342323 ], [ -95.553292, 40.291158 ], [ -95.552473, 40.261904 ], [ -95.521925, 40.24947 ], [ -95.30829, 39.999998 ] ] ] } },
{ "type": "Feature", "properties": { "fips": "32" }, "geometry": { "type": "Polygon", "coordinates": [ [ [ -119.125982, 38.39317 ], [ -120.001014, 38.999574 ], [ -119.999168, 41.99454 ], [ -114.041723, 41.99372 ], [ -114.046838, 36.194069 ], [ -114.120193, 36.102228 ], [ -114.15413, 36.023862 ], [ -114.252651, 36.020193 ], [ -114.381446, 36.141665 ], [ -114.572031, 36.15161 ], [ -114.631716, 36.142306 ], [ -114.755618, 36.087166 ], [ -114.743576, 35.983721 ], [ -114.70613, 35.878712 ], [ -114.700308, 35.700387 ], [ -114.689407, 35.651412 ], [ -114.653406, 35.610789 ], [ -114.677643, 35.489742 ], [ -114.604314, 35.353584 ], [ -114.569238, 35.18348 ], [ -114.578524, 35.12875 ], [ -114.621956, 35.094678 ], [ -114.633013, 35.002085 ], [ -115.689302, 35.842003 ], [ -117.000895, 36.847694 ], [ -119.125982, 38.39317 ] ] ] } },
{ "type": "Feature", "properties": { "fips": "33" }, "geometry": { "type": "Polygon", "coordinates": [ [ [ -71.294205, 42.69699 ], [ -72.458519, 42.726853 ], [ -72.478453, 42.762296 ], [ -72.542784, 42.808482 ], [ -72.556214, 42.86695 ], [ -72.443762, 43.006245 ], [ -72.432661, 43.114077 ], [ -72.4521, 43.161414 ], [ -72.39715, 43.316515 ], [ -72.395825, 43.52056 ], [ -72.32962, 43.600201 ], [ -72.302867, 43.702718 ], [ -72.204792, 43.771926 ], [ -72.167224, 43.886113 ], [ -72.121002, 43.918956 ], [ -72.104421, 43.950536 ], [ -72.112813, 43.98802 ], [ -72.040082, 44.155748 ], [ -72.064285, 44.187888 ], [ -72.065434, 44.277235 ], [ -72.012173, 44.321408 ], [ -71.816065, 44.366817 ], [ -71.793924, 44.399271 ], [ -71.708934, 44.411611 ], [ -71.580263, 44.506509 ], [ -71.536251, 44.587939 ], [ -71.627358, 44.747544 ], [ -71.495844, 44.90498 ], [ -71.538592, 44.988182 ], [ -71.464555, 45.013637 ], [ -71.502487, 45.013367 ], [ -71.496098, 45.069235 ], [ -71.428828, 45.123881 ], [ -71.39781, 45.203553 ], [ -71.44288, 45.234799 ], [ -71.284396, 45.302434 ], [ -71.232998, 45.256625 ], [ -71.13943, 45.242958 ], [ -71.084334, 45.305293 ], [ -71.037518, 44.755607 ], [ -70.972716, 43.570255 ], [ -70.953322, 43.552718 ], [ -70.987733, 43.391513 ], [ -70.967229, 43.343777 ], [ -70.817865, 43.237911 ], [ -70.8281, 43.129086 ], [ -70.703936, 43.059621 ], [ -70.795596, 42.93629 ], [ -70.817296, 42.87229 ], [ -70.848625, 42.860939 ], [ -70.886136, 42.88261 ], [ -70.930799, 42.884589 ], [ -71.149703, 42.815489 ], [ -71.186104, 42.790689 ], [ -71.181803, 42.73759 ], [ -71.245504, 42.742589 ], [ -71.294205, 42.69699 ] ] ] } },
{ "type": "Feature", "properties": { "fips": "34" }, "geometry": { "type": "Polygon", "coordinates": [ [ [ -74.521797, 39.313816 ], [ -74.646595, 39.212002 ], [ -74.714341, 39.119804 ], [ -74.705876, 39.102937 ], [ -74.792723, 38.991991 ], [ -74.864458, 38.94041 ], [ -74.963463, 38.931194 ], [ -74.955363, 39.001262 ], [ -74.897784, 39.098811 ], [ -74.887167, 39.158825 ], [ -74.962382, 39.190238 ], [ -75.028885, 39.19456 ], [ -75.035672, 39.215415 ], [ -75.107286, 39.211403 ], [ -75.139136, 39.180021 ], [ -75.165979, 39.201842 ], [ -75.177506, 39.242746 ], [ -75.241639, 39.274097 ], [ -75.251806, 39.299913 ], [ -75.288898, 39.289557 ], [ -75.333743, 39.345335 ], [ -75.365016, 39.341388 ], [ -75.431803, 39.391625 ], [ -75.465212, 39.43893 ], [ -75.536431, 39.460559 ], [ -75.542693, 39.496568 ], [ -75.527141, 39.500112 ], [ -75.512732, 39.578 ], [ -75.55587, 39.605824 ], [ -75.559446, 39.629812 ], [ -75.415041, 39.801786 ], [ -75.3065, 39.849812 ], [ -75.210425, 39.865913 ], [ -74.974713, 40.048711 ], [ -74.724304, 40.14701 ], [ -74.770706, 40.214908 ], [ -75.058848, 40.418065 ], [ -75.068615, 40.542223 ], [ -75.100325, 40.567811 ], [ -75.190161, 40.589321 ], [ -75.20392, 40.691498 ], [ -75.196533, 40.751631 ], [ -75.171587, 40.777745 ], [ -75.1344, 40.773765 ], [ -75.108505, 40.791094 ], [ -75.051029, 40.865662 ], [ -75.135526, 40.973807 ], [ -75.130575, 40.991093 ], [ -75.036982, 41.034702 ], [ -74.968389, 41.087797 ], [ -74.974338, 41.103912 ], [ -74.882139, 41.180836 ], [ -74.861678, 41.241575 ], [ -74.795847, 41.318951 ], [ -74.694914, 41.357423 ], [ -73.893979, 40.997197 ], [ -73.933406, 40.882078 ], [ -74.013784, 40.756601 ], [ -74.024543, 40.709436 ], [ -74.082786, 40.673702 ], [ -74.094086, 40.649703 ], [ -74.189106, 40.643832 ], [ -74.214788, 40.560604 ], [ -74.248641, 40.549601 ], [ -74.246237, 40.520963 ], [ -74.27269, 40.488405 ], [ -74.261889, 40.464706 ], [ -74.207205, 40.435434 ], [ -74.174787, 40.455607 ], [ -74.135823, 40.455196 ], [ -73.998505, 40.410911 ], [ -73.991682, 40.442908 ], [ -74.014031, 40.476471 ], [ -73.978282, 40.440208 ], [ -73.977442, 40.299373 ], [ -74.064135, 39.979157 ], [ -74.096906, 39.76303 ], [ -74.240506, 39.554911 ], [ -74.27737, 39.514064 ], [ -74.311037, 39.506715 ], [ -74.304343, 39.471445 ], [ -74.334804, 39.432001 ], [ -74.412692, 39.360816 ], [ -74.521797, 39.313816 ] ] ] } },
{ "type": "Feature", "properties": { "fips": "35" }, "geometry": { "type": "Polygon", "coordinates": [ [ [ -109.050044, 31.332502 ], [ -109.045223, 36.999084 ], [ -103.002199, 37.000104 ], [ -103.002434, 36.500397 ], [ -103.041669, 36.478514 ], [ -103.043531, 34.018014 ], [ -103.064625, 32.999899 ], [ -103.064423, 32.000518 ], [ -106.599096, 32.000731 ], [ -106.627808, 31.860593 ], [ -106.528543, 31.783907 ], [ -108.208394, 31.783599 ], [ -108.208573, 31.333395 ], [ -109.050044, 31.332502 ] ] ] } },
{ "type": "Feature", "properties": { "fips": "36" }, "geometry": { "type": "MultiPolygon", "coordinates": [ [ [ [ -75.341868, 41.993262 ], [ -79.761374, 41.999067 ], [ -79.761951, 42.26986 ], [ -79.453533, 42.411157 ], [ -79.351989, 42.48892 ], [ -79.148723, 42.553672 ], [ -79.111361, 42.613358 ], [ -79.06376, 42.644758 ], [ -79.04886, 42.689158 ], [ -78.918157, 42.737258 ], [ -78.853455, 42.783958 ], [ -78.865592, 42.852358 ], [ -78.891655, 42.884845 ], [ -78.912458, 42.886557 ], [ -78.909159, 42.933257 ], [ -79.011563, 42.985256 ], [ -79.028653, 43.069474 ], [ -79.066269, 43.09097 ], [ -79.042366, 43.143655 ], [ -79.070469, 43.262454 ], [ -78.634346, 43.357624 ], [ -78.488857, 43.374763 ], [ -78.104509, 43.375628 ], [ -77.760231, 43.341161 ], [ -77.577223, 43.243263 ], [ -77.534184, 43.234569 ], [ -77.391015, 43.276363 ], [ -77.111866, 43.287945 ], [ -76.958402, 43.270005 ], [ -76.794708, 43.309632 ], [ -76.731039, 43.343421 ], [ -76.69836, 43.344436 ], [ -76.630774, 43.413356 ], [ -76.417581, 43.521285 ], [ -76.297103, 43.51287 ], [ -76.217958, 43.545156 ], [ -76.199138, 43.600454 ], [ -76.205436, 43.718751 ], [ -76.229268, 43.804135 ], [ -76.283307, 43.843923 ], [ -76.28272, 43.858601 ], [ -76.243384, 43.877975 ], [ -76.202257, 43.864898 ], [ -76.133267, 43.892975 ], [ -76.125023, 43.912773 ], [ -76.139086, 43.962111 ], [ -76.264294, 43.978009 ], [ -76.269672, 44.001148 ], [ -76.298962, 44.017719 ], [ -76.300532, 44.057188 ], [ -76.360306, 44.070907 ], [ -76.363835, 44.111696 ], [ -76.312647, 44.199044 ], [ -76.206777, 44.214543 ], [ -76.118136, 44.29485 ], [ -76.000998, 44.347534 ], [ -75.970185, 44.342835 ], [ -75.912985, 44.368084 ], [ -75.82083, 44.432244 ], [ -75.807778, 44.471644 ], [ -75.765495, 44.516285 ], [ -75.283136, 44.849156 ], [ -75.064826, 44.929449 ], [ -74.992756, 44.977449 ], [ -74.826578, 45.01585 ], [ -74.146814, 44.9915 ], [ -73.343124, 45.01084 ], [ -73.369647, 44.829136 ], [ -73.339958, 44.778893 ], [ -73.390231, 44.618353 ], [ -73.374389, 44.575455 ], [ -73.306707, 44.500334 ], [ -73.293613, 44.438903 ], [ -73.315016, 44.388513 ], [ -73.324681, 44.243614 ], [ -73.390583, 44.190886 ], [ -73.437429, 44.046861 ], [ -73.405999, 44.016229 ], [ -73.388389, 43.832404 ], [ -73.350431, 43.771438 ], [ -73.421606, 43.646577 ], [ -73.431229, 43.588285 ], [ -73.400295, 43.568889 ], [ -73.366537, 43.623462 ], [ -73.306234, 43.628018 ], [ -73.242042, 43.534925 ], [ -73.278673, 42.83341 ], [ -73.290944, 42.80192 ], [ -73.276421, 42.746019 ], [ -73.264957, 42.74594 ], [ -73.508142, 42.086257 ], [ -73.487314, 42.049638 ], [ -73.550961, 41.295422 ], [ -73.482709, 41.21276 ], [ -73.727775, 41.100696 ], [ -73.654671, 41.011697 ], [ -73.655972, 40.979597 ], [ -73.686473, 40.945198 ], [ -73.756776, 40.912599 ], [ -73.784803, 40.878528 ], [ -73.781206, 40.838891 ], [ -73.793785, 40.855583 ], [ -73.815205, 40.831075 ], [ -73.776032, 40.795275 ], [ -73.729575, 40.8665 ], [ -73.675573, 40.856999 ], [ -73.633771, 40.898198 ], [ -73.514999, 40.912821 ], [ -73.485365, 40.946397 ], [ -73.406074, 40.920235 ], [ -73.392862, 40.955297 ], [ -73.352761, 40.926697 ], [ -73.229285, 40.905121 ], [ -73.148994, 40.928898 ], [ -73.140785, 40.966178 ], [ -73.110368, 40.971938 ], [ -72.774104, 40.965314 ], [ -72.585327, 40.997587 ], [ -72.477306, 41.052212 ], [ -72.445242, 41.086116 ], [ -72.397, 41.096307 ], [ -72.356087, 41.133635 ], [ -72.278789, 41.158722 ], [ -72.237731, 41.156434 ], [ -72.300374, 41.112274 ], [ -72.306381, 41.13784 ], [ -72.32663, 41.132162 ], [ -72.335177, 41.106917 ], [ -72.317238, 41.088659 ], [ -72.280373, 41.080402 ], [ -72.260515, 41.042065 ], [ -72.190563, 41.032579 ], [ -72.153857, 41.051859 ], [ -72.10216, 40.991509 ], [ -71.96704, 41.047772 ], [ -71.959595, 41.071237 ], [ -71.856214, 41.070598 ], [ -71.903736, 41.040166 ], [ -72.39585, 40.86666 ], [ -73.054963, 40.666371 ], [ -73.262106, 40.621476 ], [ -73.306396, 40.620756 ], [ -73.319257, 40.635795 ], [ -73.562372, 40.583703 ], [ -73.774928, 40.590759 ], [ -73.934512, 40.545175 ], [ -73.95005, 40.573363 ], [ -74.012022, 40.574528 ], [ -74.003281, 40.595754 ], [ -74.032856, 40.604421 ], [ -74.042412, 40.624847 ], [ -74.018272, 40.659019 ], [ -74.013784, 40.756601 ], [ -73.933406, 40.882078 ], [ -73.893979, 40.997197 ], [ -74.694914, 41.357423 ], [ -74.752562, 41.426518 ], [ -74.876721, 41.440338 ], [ -74.912517, 41.475605 ], [ -74.984226, 41.506299 ], [ -75.04049, 41.569688 ], [ -75.053431, 41.752538 ], [ -75.090799, 41.811991 ], [ -75.114399, 41.843583 ], [ -75.263005, 41.885109 ], [ -75.279094, 41.938917 ], [ -75.341868, 41.993262 ] ] ], [ [ [ -74.137241, 40.530076 ], [ -74.246688, 40.496103 ], [ -74.256088, 40.507903 ], [ -74.247808, 40.543396 ], [ -74.210887, 40.560902 ], [ -74.20058, 40.631448 ], [ -74.180191, 40.645521 ], [ -74.075884, 40.648101 ], [ -74.053125, 40.603678 ], [ -74.068184, 40.584102 ], [ -74.137241, 40.530076 ] ] ], [ [ [ -74.043441, 40.68968 ], [ -74.04692, 40.691139 ], [ -74.039401, 40.700454 ], [ -74.043441, 40.68968 ] ] ], [ [ [ -73.766032, 40.844961 ], [ -73.773361, 40.859449 ], [ -73.770552, 40.86033 ], [ -73.766032, 40.844961 ] ] ], [ [ [ -73.766276, 40.881099 ], [ -73.775276, 40.882199 ], [ -73.770576, 40.888399 ], [ -73.766276, 40.881099 ] ] ], [ [ [ -72.095711, 41.05402 ], [ -72.103152, 41.086484 ], [ -72.141921, 41.094371 ], [ -72.126704, 41.115139 ], [ -72.084207, 41.101524 ], [ -72.095711, 41.05402 ] ] ], [ [ [ -71.926802, 41.290122 ], [ -72.036846, 41.249794 ], [ -72.018926, 41.274114 ], [ -71.926802, 41.290122 ] ] ] ] } },
{ "type": "Feature", "properties": { "fips": "37" }, "geometry": { "type": "MultiPolygon", "coordinates": [ [ [ [ -83.108535, 35.000771 ], [ -84.321869, 34.988408 ], [ -84.29024, 35.225572 ], [ -84.223718, 35.269078 ], [ -84.097508, 35.247382 ], [ -84.055712, 35.268182 ], [ -84.02141, 35.301383 ], [ -84.038081, 35.348363 ], [ -84.00225, 35.422548 ], [ -83.880074, 35.518745 ], [ -83.756917, 35.563604 ], [ -83.498335, 35.562981 ], [ -83.445802, 35.611803 ], [ -83.297154, 35.65775 ], [ -83.254231, 35.695807 ], [ -83.251247, 35.719916 ], [ -83.164909, 35.759965 ], [ -82.98397, 35.77801 ], [ -82.89798, 35.881278 ], [ -82.913338, 35.924113 ], [ -82.898505, 35.945101 ], [ -82.852554, 35.949089 ], [ -82.830112, 35.932972 ], [ -82.754465, 36.004304 ], [ -82.637165, 36.065805 ], [ -82.602877, 36.039833 ], [ -82.611262, 35.973155 ], [ -82.557529, 35.954671 ], [ -82.462958, 36.007309 ], [ -82.409458, 36.083409 ], [ -82.348422, 36.115929 ], [ -82.237737, 36.139189 ], [ -82.211251, 36.159012 ], [ -82.147948, 36.149516 ], [ -82.127146, 36.104417 ], [ -82.080143, 36.10572 ], [ -82.02664, 36.130222 ], [ -81.908137, 36.302013 ], [ -81.793688, 36.360428 ], [ -81.764927, 36.338672 ], [ -81.725938, 36.340364 ], [ -81.715082, 36.453365 ], [ -81.695907, 36.49158 ], [ -81.707963, 36.536209 ], [ -81.677535, 36.588117 ], [ -80.169535, 36.54319 ], [ -75.867044, 36.550754 ], [ -75.77251, 36.22944 ], [ -75.533012, 35.787377 ], [ -75.543259, 35.779691 ], [ -75.619151, 35.889415 ], [ -75.620114, 35.925288 ], [ -75.648899, 35.965758 ], [ -75.678909, 35.993925 ], [ -75.723662, 36.003139 ], [ -75.75572, 36.153922 ], [ -75.811588, 36.244014 ], [ -75.814483, 36.285344 ], [ -75.845284, 36.305614 ], [ -75.831595, 36.346418 ], [ -75.85147, 36.379456 ], [ -75.85147, 36.415785 ], [ -75.888325, 36.441583 ], [ -75.907279, 36.485809 ], [ -76.003708, 36.506235 ], [ -76.031949, 36.482496 ], [ -76.012337, 36.447462 ], [ -75.962285, 36.41724 ], [ -75.923601, 36.425788 ], [ -75.923331, 36.361863 ], [ -75.882154, 36.284674 ], [ -75.86052, 36.280607 ], [ -75.864154, 36.235522 ], [ -75.800378, 36.112728 ], [ -75.793974, 36.07171 ], [ -75.847785, 36.10199 ], [ -75.875033, 36.157448 ], [ -76.031784, 36.189131 ], [ -76.063498, 36.173518 ], [ -76.071672, 36.140183 ], [ -76.178946, 36.123424 ], [ -76.216599, 36.095409 ], [ -76.28715, 36.104886 ], [ -76.323478, 36.084879 ], [ -76.410878, 36.078034 ], [ -76.459316, 36.024331 ], [ -76.514335, 36.00564 ], [ -76.575936, 36.006167 ], [ -76.615423, 36.037757 ], [ -76.653332, 36.035124 ], [ -76.684922, 36.009852 ], [ -76.679657, 35.991951 ], [ -76.70019, 35.964573 ], [ -76.667547, 35.933509 ], [ -76.528551, 35.944039 ], [ -76.398242, 35.984317 ], [ -76.362966, 35.942197 ], [ -76.340327, 35.94325 ], [ -76.176585, 35.993267 ], [ -76.062071, 35.993004 ], [ -76.014685, 35.960361 ], [ -76.004682, 35.905078 ], [ -75.97783, 35.897181 ], [ -75.927286, 35.93193 ], [ -75.947293, 35.959835 ], [ -75.899382, 35.977209 ], [ -75.84989, 35.976156 ], [ -75.782498, 35.935615 ], [ -75.727216, 35.822703 ], [ -75.739357, 35.770994 ], [ -75.71294, 35.69849 ], [ -75.741605, 35.672073 ], [ -75.729802, 35.625985 ], [ -75.778138, 35.592262 ], [ -75.775328, 35.579335 ], [ -75.837154, 35.570904 ], [ -75.859636, 35.586641 ], [ -75.895045, 35.573152 ], [ -75.916403, 35.538305 ], [ -75.950126, 35.530998 ], [ -75.963053, 35.493903 ], [ -75.995652, 35.475355 ], [ -76.020945, 35.410719 ], [ -76.059726, 35.410157 ], [ -76.069281, 35.370813 ], [ -76.132793, 35.349455 ], [ -76.149655, 35.326411 ], [ -76.235087, 35.350017 ], [ -76.408199, 35.350017 ], [ -76.448666, 35.383741 ], [ -76.485762, 35.371375 ], [ -76.521733, 35.391609 ], [ -76.606041, 35.387113 ], [ -76.628523, 35.368003 ], [ -76.602669, 35.336528 ], [ -76.482389, 35.314046 ], [ -76.467776, 35.276951 ], [ -76.494755, 35.212877 ], [ -76.536346, 35.174657 ], [ -76.546463, 35.122948 ], [ -76.646509, 35.042013 ], [ -76.628523, 34.994801 ], [ -76.502623, 35.007166 ], [ -76.463468, 35.076411 ], [ -76.435762, 35.057941 ], [ -76.425461, 35.001464 ], [ -76.395625, 34.975179 ], [ -76.326361, 34.976245 ], [ -76.364367, 35.034853 ], [ -76.288354, 35.005726 ], [ -76.296524, 34.976245 ], [ -76.275567, 34.960971 ], [ -76.277698, 34.940014 ], [ -76.347673, 34.872171 ], [ -76.400242, 34.855476 ], [ -76.415871, 34.82564 ], [ -76.403108, 34.806153 ], [ -76.233672, 34.925926 ], [ -76.069906, 35.075701 ], [ -76.035933, 35.058987 ], [ -76.386804, 34.784579 ], [ -76.494068, 34.66197 ], [ -76.535946, 34.588577 ], [ -76.555196, 34.615993 ], [ -76.549343, 34.645585 ], [ -76.676312, 34.693151 ], [ -76.817453, 34.693722 ], [ -76.990262, 34.669623 ], [ -77.209161, 34.605032 ], [ -77.556943, 34.417218 ], [ -77.740136, 34.272546 ], [ -77.829209, 34.162618 ], [ -77.970606, 33.844517 ], [ -78.009973, 33.861406 ], [ -78.018689, 33.888289 ], [ -78.17772, 33.914272 ], [ -78.383964, 33.901946 ], [ -78.541087, 33.851112 ], [ -79.358317, 34.545358 ], [ -79.688088, 34.804897 ], [ -80.777712, 34.819697 ], [ -80.79675, 34.825281 ], [ -80.782042, 34.935782 ], [ -80.93495, 35.107409 ], [ -81.041489, 35.044703 ], [ -81.058029, 35.07319 ], [ -81.032547, 35.109102 ], [ -81.043407, 35.14839 ], [ -82.384029, 35.210542 ], [ -82.580127, 35.141963 ], [ -82.686496, 35.121822 ], [ -82.764464, 35.068177 ], [ -82.781973, 35.066817 ], [ -82.78113, 35.084585 ], [ -83.108535, 35.000771 ] ] ], [ [ [ -75.9547, 35.1196 ], [ -75.630358, 35.238487 ], [ -75.596915, 35.269491 ], [ -75.535741, 35.272856 ], [ -75.529393, 35.288272 ], [ -75.47861, 35.553069 ], [ -75.48133, 35.622896 ], [ -75.528992, 35.776289 ], [ -75.496086, 35.728515 ], [ -75.458659, 35.596597 ], [ -75.52592, 35.233839 ], [ -75.610101, 35.227514 ], [ -75.769705, 35.180359 ], [ -76.014954, 35.065349 ], [ -75.98395, 35.120042 ], [ -75.9547, 35.1196 ] ] ], [ [ [ -75.62767, 35.883149 ], [ -75.620454, 35.809253 ], [ -75.675054, 35.830204 ], [ -75.660086, 35.83861 ], [ -75.663356, 35.869835 ], [ -75.726807, 35.935844 ], [ -75.675245, 35.929024 ], [ -75.62767, 35.883149 ] ] ] ] } },
{ "type": "Feature", "properties": { "fips": "38" }, "geometry": { "type": "Polygon", "coordinates": [ [ [ -96.56328, 45.935238 ], [ -104.045443, 45.94531 ], [ -104.048736, 48.999877 ], [ -97.229039, 49.000687 ], [ -97.23261, 48.946561 ], [ -97.092606, 48.682033 ], [ -97.163105, 48.543855 ], [ -97.12677, 48.520191 ], [ -97.123399, 48.421201 ], [ -97.145693, 48.397431 ], [ -97.115581, 48.323928 ], [ -97.11657, 48.279661 ], [ -97.14717, 48.242966 ], [ -97.14751, 48.170572 ], [ -97.088158, 48.059515 ], [ -97.023156, 47.873978 ], [ -97.000356, 47.860915 ], [ -96.850955, 47.598287 ], [ -96.84243, 47.508225 ], [ -96.862312, 47.422333 ], [ -96.832946, 47.237588 ], [ -96.823222, 46.970861 ], [ -96.767458, 46.905163 ], [ -96.802013, 46.812464 ], [ -96.783009, 46.630418 ], [ -96.739054, 46.543708 ], [ -96.721999, 46.439986 ], [ -96.598233, 46.312563 ], [ -96.585647, 46.177309 ], [ -96.554835, 46.084824 ], [ -96.57794, 46.026874 ], [ -96.56328, 45.935238 ] ] ] } },
{ "type": "Feature", "properties": { "fips": "39" }, "geometry": { "type": "MultiPolygon", "coordinates": [ [ [ [ -84.052707, 38.770542 ], [ -84.212904, 38.805707 ], [ -84.231306, 38.830552 ], [ -84.234453, 38.893226 ], [ -84.304698, 39.006455 ], [ -84.432841, 39.094261 ], [ -84.493743, 39.10246 ], [ -84.620112, 39.073457 ], [ -84.744149, 39.147458 ], [ -84.820157, 39.10548 ], [ -84.806082, 41.696089 ], [ -83.453832, 41.732647 ], [ -83.446032, 41.706847 ], [ -83.409531, 41.691247 ], [ -83.326825, 41.701562 ], [ -83.23166, 41.644218 ], [ -83.086036, 41.60668 ], [ -83.028072, 41.555656 ], [ -82.934369, 41.514353 ], [ -82.875229, 41.529684 ], [ -82.85677, 41.548262 ], [ -82.859531, 41.576371 ], [ -82.834101, 41.587587 ], [ -82.785496, 41.540675 ], [ -82.717878, 41.54193 ], [ -82.713904, 41.501697 ], [ -82.616952, 41.428425 ], [ -82.481214, 41.381342 ], [ -82.361784, 41.426644 ], [ -82.254678, 41.434441 ], [ -82.184774, 41.47404 ], [ -82.011966, 41.515639 ], [ -81.87736, 41.483445 ], [ -81.794157, 41.496648 ], [ -81.738755, 41.48855 ], [ -81.286925, 41.760243 ], [ -81.248672, 41.761291 ], [ -81.01049, 41.853962 ], [ -80.900342, 41.868912 ], [ -80.800794, 41.909635 ], [ -80.519425, 41.977523 ], [ -80.518991, 40.638801 ], [ -80.627171, 40.619936 ], [ -80.667957, 40.582496 ], [ -80.599194, 40.482566 ], [ -80.619196, 40.381768 ], [ -80.599895, 40.317669 ], [ -80.705482, 40.153047 ], [ -80.740126, 39.970793 ], [ -80.808722, 39.91257 ], [ -80.829764, 39.711839 ], [ -80.88036, 39.620706 ], [ -80.943782, 39.606926 ], [ -81.020055, 39.55541 ], [ -81.215617, 39.388602 ], [ -81.270716, 39.385914 ], [ -81.375961, 39.341697 ], [ -81.412706, 39.394618 ], [ -81.456143, 39.409274 ], [ -81.542346, 39.352874 ], [ -81.605816, 39.275851 ], [ -81.695724, 39.242859 ], [ -81.749853, 39.186489 ], [ -81.747253, 39.095378 ], [ -81.814155, 39.073478 ], [ -81.764253, 39.015279 ], [ -81.759995, 38.925828 ], [ -81.908645, 38.87846 ], [ -81.928352, 38.895371 ], [ -81.89847, 38.929603 ], [ -81.935619, 38.9895 ], [ -82.002261, 39.027878 ], [ -82.035963, 39.025478 ], [ -82.051563, 38.994378 ], [ -82.093165, 38.97098 ], [ -82.139279, 38.866407 ], [ -82.221566, 38.787187 ], [ -82.188268, 38.734082 ], [ -82.177267, 38.603784 ], [ -82.26207, 38.598183 ], [ -82.291271, 38.578983 ], [ -82.313935, 38.468084 ], [ -82.34064, 38.440948 ], [ -82.560664, 38.404338 ], [ -82.593673, 38.421809 ], [ -82.696621, 38.542112 ], [ -82.730958, 38.559264 ], [ -82.789776, 38.559951 ], [ -82.839538, 38.586159 ], [ -82.869592, 38.678177 ], [ -82.871292, 38.739376 ], [ -82.889193, 38.756076 ], [ -82.979395, 38.725976 ], [ -83.030702, 38.72572 ], [ -83.142836, 38.625076 ], [ -83.2821, 38.602987 ], [ -83.369077, 38.659334 ], [ -83.520953, 38.703045 ], [ -83.626922, 38.679387 ], [ -83.649737, 38.632753 ], [ -83.679484, 38.630036 ], [ -83.769347, 38.65522 ], [ -83.870443, 38.761608 ], [ -83.962123, 38.787384 ], [ -84.052707, 38.770542 ] ] ], [ [ [ -82.686033, 41.587246 ], [ -82.735707, 41.603361 ], [ -82.718802, 41.619629 ], [ -82.677772, 41.617986 ], [ -82.686033, 41.587246 ] ] ], [ [ [ -82.797493, 41.658197 ], [ -82.827011, 41.633701 ], [ -82.842099, 41.628323 ], [ -82.834092, 41.657121 ], [ -82.797493, 41.658197 ] ] ], [ [ [ -82.805423, 41.67192 ], [ -82.826443, 41.684774 ], [ -82.782719, 41.694003 ], [ -82.805423, 41.67192 ] ] ], [ [ [ -82.835118, 41.708971 ], [ -82.813489, 41.723468 ], [ -82.808869, 41.708333 ], [ -82.835118, 41.708971 ] ] ] ] } },
{ "type": "Feature", "properties": { "fips": "40" }, "geometry": { "type": "Polygon", "coordinates": [ [ [ -98.364023, 34.157109 ], [ -98.475066, 34.064269 ], [ -98.504182, 34.072371 ], [ -98.553717, 34.13366 ], [ -98.599789, 34.160571 ], [ -98.76557, 34.136376 ], [ -98.858419, 34.152732 ], [ -98.966743, 34.201185 ], [ -99.19089, 34.215251 ], [ -99.211423, 34.337897 ], [ -99.261321, 34.403499 ], [ -99.356713, 34.442144 ], [ -99.407168, 34.372605 ], [ -99.44076, 34.374123 ], [ -99.515385, 34.414333 ], [ -99.574367, 34.418281 ], [ -99.616793, 34.375391 ], [ -99.69497, 34.378333 ], [ -99.923211, 34.574552 ], [ -100.000381, 34.560509 ], [ -100.000406, 36.499702 ], [ -103.002434, 36.500397 ], [ -103.002199, 37.000104 ], [ -94.61808, 36.998135 ], [ -94.617919, 36.499414 ], [ -94.431215, 35.39429 ], [ -94.490684, 33.625586 ], [ -94.52838, 33.615995 ], [ -94.735128, 33.691267 ], [ -94.760604, 33.727054 ], [ -94.8693, 33.745871 ], [ -95.039452, 33.860621 ], [ -95.067253, 33.917351 ], [ -95.226393, 33.961954 ], [ -95.252906, 33.933648 ], [ -95.255541, 33.892047 ], [ -95.287565, 33.873617 ], [ -95.407795, 33.866308 ], [ -95.544346, 33.880111 ], [ -95.559414, 33.930179 ], [ -95.599678, 33.934247 ], [ -95.757156, 33.867293 ], [ -95.763622, 33.847954 ], [ -95.82468, 33.837726 ], [ -95.949935, 33.857452 ], [ -96.14807, 33.837799 ], [ -96.181704, 33.758504 ], [ -96.304675, 33.745901 ], [ -96.36959, 33.716809 ], [ -96.423362, 33.776365 ], [ -96.500268, 33.772583 ], [ -96.612925, 33.833939 ], [ -96.615356, 33.881114 ], [ -96.65864, 33.900081 ], [ -96.67858, 33.892786 ], [ -96.712422, 33.831633 ], [ -96.761588, 33.824406 ], [ -96.85609, 33.84749 ], [ -96.88301, 33.868019 ], [ -96.899442, 33.933728 ], [ -96.922114, 33.959579 ], [ -96.97287, 33.935698 ], [ -96.985567, 33.886522 ], [ -97.047972, 33.817931 ], [ -97.097154, 33.727809 ], [ -97.13753, 33.718664 ], [ -97.172192, 33.737545 ], [ -97.204827, 33.799908 ], [ -97.1997, 33.827322 ], [ -97.166629, 33.847311 ], [ -97.180845, 33.895204 ], [ -97.210921, 33.916064 ], [ -97.310843, 33.872461 ], [ -97.372941, 33.819454 ], [ -97.426493, 33.819398 ], [ -97.462857, 33.841772 ], [ -97.458069, 33.901635 ], [ -97.50096, 33.919643 ], [ -97.555002, 33.897282 ], [ -97.587441, 33.902479 ], [ -97.589598, 33.953554 ], [ -97.671772, 33.99137 ], [ -97.785317, 33.890701 ], [ -97.834333, 33.857671 ], [ -97.877387, 33.850236 ], [ -97.977859, 33.889929 ], [ -97.94573, 33.989839 ], [ -98.08526, 34.003259 ], [ -98.16912, 34.114171 ], [ -98.364023, 34.157109 ] ] ] } },
{ "type": "Feature", "properties": { "fips": "41" }, "geometry": { "type": "Polygon", "coordinates": [ [ [ -117.026222, 42.000252 ], [ -124.211605, 41.99846 ], [ -124.299649, 42.051736 ], [ -124.356229, 42.114952 ], [ -124.361009, 42.180752 ], [ -124.410982, 42.250547 ], [ -124.410556, 42.307431 ], [ -124.429288, 42.331746 ], [ -124.435105, 42.440163 ], [ -124.390664, 42.566593 ], [ -124.401177, 42.627192 ], [ -124.416774, 42.661594 ], [ -124.45074, 42.675798 ], [ -124.473864, 42.732671 ], [ -124.514669, 42.736806 ], [ -124.552441, 42.840568 ], [ -124.456918, 43.000315 ], [ -124.38246, 43.270167 ], [ -124.402814, 43.305872 ], [ -124.315012, 43.388389 ], [ -124.233534, 43.55713 ], [ -124.150267, 43.91085 ], [ -124.1152, 44.286486 ], [ -124.084401, 44.415611 ], [ -124.067569, 44.428582 ], [ -124.079301, 44.430863 ], [ -124.084429, 44.486927 ], [ -124.067251, 44.60804 ], [ -124.084476, 44.611056 ], [ -124.065202, 44.622445 ], [ -124.058281, 44.658866 ], [ -124.074066, 44.798107 ], [ -124.025136, 44.928175 ], [ -124.004386, 45.046197 ], [ -124.015851, 45.064759 ], [ -123.989529, 45.094045 ], [ -123.975425, 45.145476 ], [ -123.964169, 45.317026 ], [ -123.972899, 45.33689 ], [ -124.007756, 45.336813 ], [ -123.973398, 45.354791 ], [ -123.965728, 45.386242 ], [ -123.976544, 45.489733 ], [ -123.957568, 45.510399 ], [ -123.939005, 45.661923 ], [ -123.943121, 45.727031 ], [ -123.982578, 45.761815 ], [ -123.962736, 45.869974 ], [ -123.993703, 45.946431 ], [ -123.937471, 45.977306 ], [ -123.927891, 46.009564 ], [ -123.947531, 46.116131 ], [ -124.024305, 46.229256 ], [ -124.011355, 46.236223 ], [ -123.9042, 46.169293 ], [ -123.854801, 46.157342 ], [ -123.841521, 46.169824 ], [ -123.864209, 46.189527 ], [ -123.636474, 46.214359 ], [ -123.622812, 46.23664 ], [ -123.586205, 46.228654 ], [ -123.547659, 46.259109 ], [ -123.484244, 46.269531 ], [ -123.427629, 46.229348 ], [ -123.430847, 46.181827 ], [ -123.371433, 46.146372 ], [ -123.280166, 46.144843 ], [ -123.166414, 46.188973 ], [ -123.115904, 46.185268 ], [ -122.904119, 46.083734 ], [ -122.813998, 45.960984 ], [ -122.785026, 45.867699 ], [ -122.795605, 45.81 ], [ -122.761451, 45.759163 ], [ -122.774511, 45.680437 ], [ -122.76381, 45.657138 ], [ -122.643907, 45.609739 ], [ -122.380302, 45.575941 ], [ -122.294901, 45.543541 ], [ -121.983038, 45.622812 ], [ -121.908267, 45.654399 ], [ -121.867167, 45.693277 ], [ -121.811304, 45.706761 ], [ -121.707358, 45.694809 ], [ -121.533106, 45.726541 ], [ -121.423592, 45.69399 ], [ -121.33777, 45.704949 ], [ -121.215779, 45.671238 ], [ -121.195233, 45.629513 ], [ -121.06437, 45.652549 ], [ -120.943977, 45.656445 ], [ -120.915876, 45.641345 ], [ -120.634968, 45.745847 ], [ -120.559465, 45.738348 ], [ -120.482362, 45.694449 ], [ -120.40396, 45.699249 ], [ -120.210754, 45.725951 ], [ -120.170453, 45.761951 ], [ -120.001148, 45.811902 ], [ -119.669877, 45.856867 ], [ -119.600549, 45.919581 ], [ -119.487829, 45.906307 ], [ -119.25715, 45.939926 ], [ -119.12612, 45.932859 ], [ -119.027056, 45.969134 ], [ -118.987129, 45.999855 ], [ -116.915989, 45.995413 ], [ -116.857254, 45.904159 ], [ -116.789099, 45.847749 ], [ -116.54809, 45.752364 ], [ -116.535396, 45.691734 ], [ -116.463504, 45.615785 ], [ -116.673793, 45.321511 ], [ -116.729607, 45.142091 ], [ -116.845369, 45.017059 ], [ -116.858277, 44.978008 ], [ -116.83199, 44.933007 ], [ -116.852427, 44.887577 ], [ -116.931499, 44.792281 ], [ -117.062273, 44.727143 ], [ -117.149242, 44.536151 ], [ -117.214889, 44.466901 ], [ -117.190107, 44.273958 ], [ -117.170342, 44.25889 ], [ -116.975905, 44.242844 ], [ -116.894083, 44.160191 ], [ -116.931719, 44.102474 ], [ -116.935301, 43.988616 ], [ -116.961535, 43.918388 ], [ -117.026634, 43.808104 ], [ -117.026222, 42.000252 ] ] ] } },
{ "type": "Feature", "properties": { "fips": "42" }, "geometry": { "type": "Polygon", "coordinates": [ [ [ -80.519342, 39.721403 ], [ -80.519425, 41.977523 ], [ -80.188085, 42.094257 ], [ -80.117368, 42.166341 ], [ -80.077388, 42.171262 ], [ -80.078781, 42.151457 ], [ -80.06108, 42.144857 ], [ -79.761951, 42.26986 ], [ -79.761374, 41.999067 ], [ -75.359579, 41.999445 ], [ -75.279094, 41.938917 ], [ -75.263005, 41.885109 ], [ -75.114399, 41.843583 ], [ -75.053431, 41.752538 ], [ -75.04049, 41.569688 ], [ -74.984226, 41.506299 ], [ -74.912517, 41.475605 ], [ -74.876721, 41.440338 ], [ -74.752562, 41.426518 ], [ -74.691129, 41.367324 ], [ -74.795847, 41.318951 ], [ -74.830057, 41.2872 ], [ -74.882139, 41.180836 ], [ -74.974338, 41.103912 ], [ -74.968389, 41.087797 ], [ -75.036982, 41.034702 ], [ -75.130575, 40.991093 ], [ -75.135526, 40.973807 ], [ -75.051029, 40.865662 ], [ -75.108505, 40.791094 ], [ -75.1344, 40.773765 ], [ -75.171587, 40.777745 ], [ -75.196533, 40.751631 ], [ -75.20392, 40.691498 ], [ -75.190161, 40.589321 ], [ -75.100325, 40.567811 ], [ -75.068615, 40.542223 ], [ -75.058848, 40.418065 ], [ -74.770706, 40.214908 ], [ -74.724304, 40.14701 ], [ -74.974713, 40.048711 ], [ -75.210425, 39.865913 ], [ -75.3065, 39.849812 ], [ -75.415041, 39.801786 ], [ -75.498843, 39.833312 ], [ -75.634706, 39.830164 ], [ -75.716969, 39.791998 ], [ -75.788359, 39.721811 ], [ -80.519342, 39.721403 ] ] ] } },
{ "type": "Feature", "properties": { "fips": "44" }, "geometry": { "type": "MultiPolygon", "coordinates": [ [ [ [ -71.576661, 41.224434 ], [ -71.555006, 41.216822 ], [ -71.565752, 41.184373 ], [ -71.543872, 41.161321 ], [ -71.599993, 41.146932 ], [ -71.613133, 41.160281 ], [ -71.576661, 41.224434 ] ] ], [ [ [ -71.447712, 41.5804 ], [ -71.417398, 41.534536 ], [ -71.418404, 41.472652 ], [ -71.455845, 41.432986 ], [ -71.455371, 41.407962 ], [ -71.483295, 41.371722 ], [ -71.555381, 41.373316 ], [ -71.862772, 41.309791 ], [ -71.83124, 41.344645 ], [ -71.842563, 41.409855 ], [ -71.797683, 41.416709 ], [ -71.799242, 42.008065 ], [ -71.381401, 42.018798 ], [ -71.3766, 41.893999 ], [ -71.339298, 41.893599 ], [ -71.327896, 41.780501 ], [ -71.261392, 41.752301 ], [ -71.224798, 41.710498 ], [ -71.25956, 41.642595 ], [ -71.280366, 41.672575 ], [ -71.301396, 41.649978 ], [ -71.291217, 41.702666 ], [ -71.31482, 41.723808 ], [ -71.353748, 41.724702 ], [ -71.37791, 41.666646 ], [ -71.390551, 41.684096 ], [ -71.445923, 41.691144 ], [ -71.444468, 41.664409 ], [ -71.409302, 41.662643 ], [ -71.40377, 41.589321 ], [ -71.447712, 41.5804 ] ] ], [ [ [ -71.343013, 41.495615 ], [ -71.326769, 41.491286 ], [ -71.327822, 41.482985 ], [ -71.343013, 41.495615 ] ] ], [ [ [ -71.399568, 41.448596 ], [ -71.378914, 41.504948 ], [ -71.392137, 41.524468 ], [ -71.370194, 41.573963 ], [ -71.360403, 41.483121 ], [ -71.399568, 41.448596 ] ] ], [ [ [ -71.12057, 41.497448 ], [ -71.196857, 41.461116 ], [ -71.21616, 41.62549 ], [ -71.240709, 41.619225 ], [ -71.227989, 41.528297 ], [ -71.24071, 41.474872 ], [ -71.285639, 41.487805 ], [ -71.311394, 41.450802 ], [ -71.362743, 41.460379 ], [ -71.316519, 41.47756 ], [ -71.330831, 41.518364 ], [ -71.285142, 41.577127 ], [ -71.271862, 41.623986 ], [ -71.212136, 41.641945 ], [ -71.19564, 41.67509 ], [ -71.134688, 41.660502 ], [ -71.12057, 41.497448 ] ] ], [ [ [ -71.326103, 41.578583 ], [ -71.325877, 41.623988 ], [ -71.34657, 41.632229 ], [ -71.366165, 41.66098 ], [ -71.338696, 41.658782 ], [ -71.343666, 41.6399 ], [ -71.30555, 41.622523 ], [ -71.326103, 41.578583 ] ] ], [ [ [ -71.274315, 41.638125 ], [ -71.286755, 41.642725 ], [ -71.278171, 41.647309 ], [ -71.274315, 41.638125 ] ] ] ] } },
{ "type": "Feature", "properties": { "fips": "45" }, "geometry": { "type": "Polygon", "coordinates": [ [ [ -81.696934, 33.116551 ], [ -81.852136, 33.247544 ], [ -81.902737, 33.331242 ], [ -81.912572, 33.408811 ], [ -82.046335, 33.56383 ], [ -82.179854, 33.615945 ], [ -82.247472, 33.752591 ], [ -82.301457, 33.801864 ], [ -82.564582, 33.95581 ], [ -82.640701, 34.088341 ], [ -82.67732, 34.131657 ], [ -82.717507, 34.150504 ], [ -82.755028, 34.276067 ], [ -82.873831, 34.471508 ], [ -82.902665, 34.485902 ], [ -83.034712, 34.483495 ], [ -83.087189, 34.515939 ], [ -83.167523, 34.600424 ], [ -83.240676, 34.624307 ], [ -83.351293, 34.701703 ], [ -83.32406, 34.788691 ], [ -83.267293, 34.832748 ], [ -83.242962, 34.877749 ], [ -83.143261, 34.924756 ], [ -83.108535, 35.000771 ], [ -82.78113, 35.084585 ], [ -82.781973, 35.066817 ], [ -82.764464, 35.068177 ], [ -82.686496, 35.121822 ], [ -82.580127, 35.141963 ], [ -82.384029, 35.210542 ], [ -81.043407, 35.14839 ], [ -81.032547, 35.109102 ], [ -81.058029, 35.07319 ], [ -81.041489, 35.044703 ], [ -80.93495, 35.107409 ], [ -80.782042, 34.935782 ], [ -80.79675, 34.825281 ], [ -80.777712, 34.819697 ], [ -79.688088, 34.804897 ], [ -79.358317, 34.545358 ], [ -78.541087, 33.851112 ], [ -78.714116, 33.800138 ], [ -78.812931, 33.743472 ], [ -78.938076, 33.639826 ], [ -79.084588, 33.483669 ], [ -79.135441, 33.403867 ], [ -79.180318, 33.254141 ], [ -79.172394, 33.206577 ], [ -79.18787, 33.173712 ], [ -79.24609, 33.124865 ], [ -79.329909, 33.089986 ], [ -79.359961, 33.006672 ], [ -79.423447, 33.015085 ], [ -79.483499, 33.001265 ], [ -79.522449, 33.03535 ], [ -79.55756, 33.021269 ], [ -79.617611, 32.952726 ], [ -79.606194, 32.925953 ], [ -79.572614, 32.933885 ], [ -79.576006, 32.906235 ], [ -79.695141, 32.850398 ], [ -79.726389, 32.805996 ], [ -79.866742, 32.757422 ], [ -79.884961, 32.684402 ], [ -79.975248, 32.639537 ], [ -79.999374, 32.611851 ], [ -80.121368, 32.590523 ], [ -80.171764, 32.546118 ], [ -80.20523, 32.555547 ], [ -80.332438, 32.478104 ], [ -80.363956, 32.496098 ], [ -80.413487, 32.470672 ], [ -80.423454, 32.497989 ], [ -80.472068, 32.496964 ], [ -80.480156, 32.447048 ], [ -80.429941, 32.401782 ], [ -80.455192, 32.326458 ], [ -80.658634, 32.248638 ], [ -80.721463, 32.160427 ], [ -80.858735, 32.099581 ], [ -80.905378, 32.051943 ], [ -80.885517, 32.0346 ], [ -81.117234, 32.117605 ], [ -81.122333, 32.305395 ], [ -81.134332, 32.341693 ], [ -81.168032, 32.368391 ], [ -81.199029, 32.467286 ], [ -81.275415, 32.539457 ], [ -81.348155, 32.569294 ], [ -81.41866, 32.629392 ], [ -81.404949, 32.747027 ], [ -81.49983, 32.963816 ], [ -81.496637, 33.010224 ], [ -81.620287, 33.095408 ], [ -81.696934, 33.116551 ] ] ] } },
{ "type": "Feature", "properties": { "fips": "46" }, "geometry": { "type": "Polygon", "coordinates": [ [ [ -98.49855, 42.99856 ], [ -104.053127, 43.000585 ], [ -104.045443, 45.94531 ], [ -96.56328, 45.935238 ], [ -96.583085, 45.820024 ], [ -96.672665, 45.732336 ], [ -96.835769, 45.649648 ], [ -96.857751, 45.605962 ], [ -96.76528, 45.521414 ], [ -96.692541, 45.417338 ], [ -96.521787, 45.375645 ], [ -96.489065, 45.357071 ], [ -96.453067, 45.298115 ], [ -96.453049, 43.500415 ], [ -96.598928, 43.500457 ], [ -96.58407, 43.468856 ], [ -96.60286, 43.450907 ], [ -96.521697, 43.386897 ], [ -96.530392, 43.300034 ], [ -96.56911, 43.295535 ], [ -96.584124, 43.268101 ], [ -96.557126, 43.224192 ], [ -96.475571, 43.221054 ], [ -96.436589, 43.120842 ], [ -96.466017, 43.062235 ], [ -96.513111, 43.02788 ], [ -96.510749, 42.944397 ], [ -96.549513, 42.839143 ], [ -96.632142, 42.770863 ], [ -96.639704, 42.737071 ], [ -96.630617, 42.70588 ], [ -96.575299, 42.682665 ], [ -96.516338, 42.630435 ], [ -96.476952, 42.556079 ], [ -96.481308, 42.516556 ], [ -96.443408, 42.489495 ], [ -96.48749, 42.479846 ], [ -96.611489, 42.506088 ], [ -96.708049, 42.601594 ], [ -96.724033, 42.665971 ], [ -96.906797, 42.7338 ], [ -97.13746, 42.782313 ], [ -97.257089, 42.853854 ], [ -97.42319, 42.861168 ], [ -97.686506, 42.842435 ], [ -97.84527, 42.867734 ], [ -97.875345, 42.858724 ], [ -97.888562, 42.817251 ], [ -97.936716, 42.775754 ], [ -98.035034, 42.764205 ], [ -98.165835, 42.837011 ], [ -98.447047, 42.935117 ], [ -98.49855, 42.99856 ] ] ] } },
{ "type": "Feature", "properties": { "fips": "47" }, "geometry": { "type": "Polygon", "coordinates": [ [ [ -87.671405, 35.003537 ], [ -89.883365, 34.994261 ], [ -90.309297, 34.995694 ], [ -90.309877, 35.00975 ], [ -90.295596, 35.040093 ], [ -90.193859, 35.061646 ], [ -90.160058, 35.12883 ], [ -90.100593, 35.116691 ], [ -90.065392, 35.137691 ], [ -90.07741, 35.225479 ], [ -90.105093, 35.254288 ], [ -90.152094, 35.255989 ], [ -90.168871, 35.281997 ], [ -90.158913, 35.300637 ], [ -90.114893, 35.303887 ], [ -90.086691, 35.369935 ], [ -90.093589, 35.393333 ], [ -90.143633, 35.374745 ], [ -90.179265, 35.385194 ], [ -90.169002, 35.421853 ], [ -90.107723, 35.476935 ], [ -90.059068, 35.457889 ], [ -90.034014, 35.468821 ], [ -90.032938, 35.55344 ], [ -89.957347, 35.528683 ], [ -89.909797, 35.537914 ], [ -89.884932, 35.655107 ], [ -89.937383, 35.665711 ], [ -89.955753, 35.690621 ], [ -89.956254, 35.733386 ], [ -89.909996, 35.759396 ], [ -89.865631, 35.746577 ], [ -89.821216, 35.756716 ], [ -89.703875, 35.820281 ], [ -89.709261, 35.838911 ], [ -89.773564, 35.871697 ], [ -89.765689, 35.891299 ], [ -89.73361, 35.904699 ], [ -89.688141, 35.896946 ], [ -89.686924, 35.947716 ], [ -89.733095, 36.000608 ], [ -89.706932, 36.000981 ], [ -89.684439, 36.051719 ], [ -89.594, 36.12719 ], [ -89.591605, 36.144096 ], [ -89.699817, 36.248384 ], [ -89.602374, 36.238106 ], [ -89.534745, 36.252576 ], [ -89.539487, 36.277368 ], [ -89.620255, 36.323006 ], [ -89.605668, 36.342234 ], [ -89.531822, 36.339246 ], [ -89.513178, 36.359897 ], [ -89.519501, 36.475419 ], [ -89.5391, 36.498201 ], [ -89.485106, 36.497692 ], [ -89.493198, 36.470124 ], [ -89.471718, 36.457001 ], [ -89.417293, 36.499033 ], [ -89.282298, 36.506782 ], [ -88.053205, 36.497129 ], [ -88.032489, 36.540662 ], [ -88.070532, 36.678118 ], [ -87.849567, 36.663701 ], [ -87.853204, 36.633247 ], [ -86.605042, 36.652125 ], [ -86.564143, 36.633472 ], [ -86.468497, 36.651841 ], [ -85.551483, 36.615727 ], [ -85.276284, 36.626511 ], [ -83.690714, 36.582581 ], [ -83.675413, 36.600814 ], [ -81.934144, 36.594213 ], [ -81.922644, 36.616213 ], [ -81.6469, 36.611918 ], [ -81.707963, 36.536209 ], [ -81.695907, 36.49158 ], [ -81.715082, 36.453365 ], [ -81.725938, 36.340364 ], [ -81.764927, 36.338672 ], [ -81.793688, 36.360428 ], [ -81.908137, 36.302013 ], [ -82.02664, 36.130222 ], [ -82.080143, 36.10572 ], [ -82.127146, 36.104417 ], [ -82.147948, 36.149516 ], [ -82.211251, 36.159012 ], [ -82.237737, 36.139189 ], [ -82.348422, 36.115929 ], [ -82.409458, 36.083409 ], [ -82.462958, 36.007309 ], [ -82.557529, 35.954671 ], [ -82.611262, 35.973155 ], [ -82.602877, 36.039833 ], [ -82.637165, 36.065805 ], [ -82.754465, 36.004304 ], [ -82.830112, 35.932972 ], [ -82.852554, 35.949089 ], [ -82.898505, 35.945101 ], [ -82.913338, 35.924113 ], [ -82.89798, 35.881278 ], [ -82.98397, 35.77801 ], [ -83.164909, 35.759965 ], [ -83.251247, 35.719916 ], [ -83.254231, 35.695807 ], [ -83.297154, 35.65775 ], [ -83.445802, 35.611803 ], [ -83.498335, 35.562981 ], [ -83.756917, 35.563604 ], [ -83.880074, 35.518745 ], [ -84.00225, 35.422548 ], [ -84.038081, 35.348363 ], [ -84.02141, 35.301383 ], [ -84.055712, 35.268182 ], [ -84.097508, 35.247382 ], [ -84.223718, 35.269078 ], [ -84.29024, 35.225572 ], [ -84.321869, 34.988408 ], [ -87.671405, 35.003537 ] ] ] } },
{ "type": "Feature", "properties": { "fips": "48" }, "geometry": { "type": "MultiPolygon", "coordinates": [ [ [ [ -101.944913, 29.801468 ], [ -102.050044, 29.78507 ], [ -102.116076, 29.792527 ], [ -102.323389, 29.875193 ], [ -102.364647, 29.843624 ], [ -102.386677, 29.76148 ], [ -102.486819, 29.786725 ], [ -102.554915, 29.748966 ], [ -102.665194, 29.737421 ], [ -102.689738, 29.722349 ], [ -102.745494, 29.592967 ], [ -102.808692, 29.522319 ], [ -102.83332, 29.408981 ], [ -102.875813, 29.353715 ], [ -102.895886, 29.284778 ], [ -102.866846, 29.225015 ], [ -102.995688, 29.161219 ], [ -103.10443, 29.03359 ], [ -103.115328, 28.98527 ], [ -103.163865, 28.972099 ], [ -103.383508, 29.024112 ], [ -103.471037, 29.075368 ], [ -103.503236, 29.11911 ], [ -103.558679, 29.154962 ], [ -103.714867, 29.184137 ], [ -103.792005, 29.262695 ], [ -104.025488, 29.314404 ], [ -104.167506, 29.402928 ], [ -104.235847, 29.496744 ], [ -104.394351, 29.560535 ], [ -104.515512, 29.641493 ], [ -104.566055, 29.771379 ], [ -104.679877, 29.920946 ], [ -104.693592, 30.019077 ], [ -104.687296, 30.179464 ], [ -104.708916, 30.235826 ], [ -104.859521, 30.390413 ], [ -104.872808, 30.500145 ], [ -104.929778, 30.59924 ], [ -104.972071, 30.61026 ], [ -105.044407, 30.683895 ], [ -105.211234, 30.799609 ], [ -105.265479, 30.802536 ], [ -105.394627, 30.85892 ], [ -105.411833, 30.893367 ], [ -105.55679, 30.989469 ], [ -105.60333, 31.082625 ], [ -105.750519, 31.16494 ], [ -105.869353, 31.288634 ], [ -105.923131, 31.312089 ], [ -105.981027, 31.375122 ], [ -106.132782, 31.425367 ], [ -106.2092, 31.469234 ], [ -106.381039, 31.73211 ], [ -106.436743, 31.756872 ], [ -106.472514, 31.751802 ], [ -106.627808, 31.860593 ], [ -106.598639, 32.000754 ], [ -103.064423, 32.000518 ], [ -103.064625, 32.999899 ], [ -103.043531, 34.018014 ], [ -103.041669, 36.478514 ], [ -103.002434, 36.500397 ], [ -100.000406, 36.499702 ], [ -100.000381, 34.560509 ], [ -99.923211, 34.574552 ], [ -99.69497, 34.378333 ], [ -99.616793, 34.375391 ], [ -99.574367, 34.418281 ], [ -99.515385, 34.414333 ], [ -99.44076, 34.374123 ], [ -99.407168, 34.372605 ], [ -99.356713, 34.442144 ], [ -99.261321, 34.403499 ], [ -99.211423, 34.337897 ], [ -99.19089, 34.215251 ], [ -98.966743, 34.201185 ], [ -98.858419, 34.152732 ], [ -98.76557, 34.136376 ], [ -98.599789, 34.160571 ], [ -98.553717, 34.13366 ], [ -98.504182, 34.072371 ], [ -98.475066, 34.064269 ], [ -98.364023, 34.157109 ], [ -98.16912, 34.114171 ], [ -98.08526, 34.003259 ], [ -97.94573, 33.989839 ], [ -97.977859, 33.889929 ], [ -97.877387, 33.850236 ], [ -97.834333, 33.857671 ], [ -97.785317, 33.890701 ], [ -97.671772, 33.99137 ], [ -97.589598, 33.953554 ], [ -97.587441, 33.902479 ], [ -97.555002, 33.897282 ], [ -97.50096, 33.919643 ], [ -97.458069, 33.901635 ], [ -97.462857, 33.841772 ], [ -97.426493, 33.819398 ], [ -97.372941, 33.819454 ], [ -97.310843, 33.872461 ], [ -97.210921, 33.916064 ], [ -97.180845, 33.895204 ], [ -97.166629, 33.847311 ], [ -97.1997, 33.827322 ], [ -97.204827, 33.799908 ], [ -97.172192, 33.737545 ], [ -97.13753, 33.718664 ], [ -97.097154, 33.727809 ], [ -97.047972, 33.817931 ], [ -96.985567, 33.886522 ], [ -96.97287, 33.935698 ], [ -96.922114, 33.959579 ], [ -96.899442, 33.933728 ], [ -96.88301, 33.868019 ], [ -96.85609, 33.84749 ], [ -96.761588, 33.824406 ], [ -96.712422, 33.831633 ], [ -96.67858, 33.892786 ], [ -96.65864, 33.900081 ], [ -96.615356, 33.881114 ], [ -96.612925, 33.833939 ], [ -96.500268, 33.772583 ], [ -96.423362, 33.776365 ], [ -96.36959, 33.716809 ], [ -96.304675, 33.745901 ], [ -96.181704, 33.758504 ], [ -96.14807, 33.837799 ], [ -95.949935, 33.857452 ], [ -95.82468, 33.837726 ], [ -95.763622, 33.847954 ], [ -95.757156, 33.867293 ], [ -95.599678, 33.934247 ], [ -95.559414, 33.930179 ], [ -95.544346, 33.880111 ], [ -95.407795, 33.866308 ], [ -95.287565, 33.873617 ], [ -95.255541, 33.892047 ], [ -95.252906, 33.933648 ], [ -95.226393, 33.961954 ], [ -95.067253, 33.917351 ], [ -95.039452, 33.860621 ], [ -94.8693, 33.745871 ], [ -94.760604, 33.727054 ], [ -94.735128, 33.691267 ], [ -94.52838, 33.615995 ], [ -94.485875, 33.637867 ], [ -94.464336, 33.598819 ], [ -94.355945, 33.54318 ], [ -94.252656, 33.586144 ], [ -94.181805, 33.593217 ], [ -94.085243, 33.575546 ], [ -94.04345, 33.552253 ], [ -94.04272, 31.999265 ], [ -93.840029, 31.800596 ], [ -93.812477, 31.715246 ], [ -93.834924, 31.586211 ], [ -93.798087, 31.534044 ], [ -93.729613, 31.487922 ], [ -93.695866, 31.409392 ], [ -93.640805, 31.372546 ], [ -93.671676, 31.299586 ], [ -93.614402, 31.260869 ], [ -93.598828, 31.174679 ], [ -93.588503, 31.165581 ], [ -93.548931, 31.186601 ], [ -93.531744, 31.180817 ], [ -93.530936, 30.924534 ], [ -93.558617, 30.869424 ], [ -93.563292, 30.818503 ], [ -93.740045, 30.538765 ], [ -93.710117, 30.5064 ], [ -93.698302, 30.438657 ], [ -93.757654, 30.390423 ], [ -93.765822, 30.333318 ], [ -93.720575, 30.295961 ], [ -93.695252, 30.1476 ], [ -93.712101, 30.067346 ], [ -93.789431, 29.987812 ], [ -93.890679, 29.843159 ], [ -93.89847, 29.771577 ], [ -93.837971, 29.690619 ], [ -93.866981, 29.673085 ], [ -94.001406, 29.681486 ], [ -94.132577, 29.646217 ], [ -94.594853, 29.467903 ], [ -94.694158, 29.415632 ], [ -94.731047, 29.369141 ], [ -94.778691, 29.361483 ], [ -94.766848, 29.393489 ], [ -94.6724, 29.476843 ], [ -94.608557, 29.483345 ], [ -94.566674, 29.531988 ], [ -94.532348, 29.5178 ], [ -94.495025, 29.525031 ], [ -94.553988, 29.573882 ], [ -94.740699, 29.525858 ], [ -94.780938, 29.531093 ], [ -94.790605, 29.548401 ], [ -94.755237, 29.562782 ], [ -94.708741, 29.625226 ], [ -94.693154, 29.694453 ], [ -94.695317, 29.723052 ], [ -94.740919, 29.787081 ], [ -94.816085, 29.75671 ], [ -94.893107, 29.661336 ], [ -94.921318, 29.658178 ], [ -94.936089, 29.692704 ], [ -94.965963, 29.70033 ], [ -95.015636, 29.639457 ], [ -94.982706, 29.601344 ], [ -95.018253, 29.554885 ], [ -94.981916, 29.511141 ], [ -94.909465, 29.496838 ], [ -94.930861, 29.450504 ], [ -94.8908, 29.433432 ], [ -94.886536, 29.297826 ], [ -94.824953, 29.306005 ], [ -94.810696, 29.353435 ], [ -94.784895, 29.335535 ], [ -94.72253, 29.331446 ], [ -95.081773, 29.111222 ], [ -95.38239, 28.866348 ], [ -95.439594, 28.859022 ], [ -95.812504, 28.664942 ], [ -96.220376, 28.491966 ], [ -96.378616, 28.383909 ], [ -96.335119, 28.437795 ], [ -96.21505, 28.509679 ], [ -95.98616, 28.606319 ], [ -95.978526, 28.650594 ], [ -96.047737, 28.649067 ], [ -96.228909, 28.580873 ], [ -96.233998, 28.601738 ], [ -96.212624, 28.622604 ], [ -96.230944, 28.641433 ], [ -96.19125, 28.69436 ], [ -96.222802, 28.698431 ], [ -96.287942, 28.683164 ], [ -96.304227, 28.671459 ], [ -96.303718, 28.644996 ], [ -96.487943, 28.569677 ], [ -96.485907, 28.607845 ], [ -96.510844, 28.61497 ], [ -96.499648, 28.635835 ], [ -96.563262, 28.644487 ], [ -96.572931, 28.667897 ], [ -96.559699, 28.691306 ], [ -96.584127, 28.722859 ], [ -96.664534, 28.696904 ], [ -96.61059, 28.638889 ], [ -96.622804, 28.622095 ], [ -96.611099, 28.585962 ], [ -96.565297, 28.5824 ], [ -96.526111, 28.557972 ], [ -96.403973, 28.44245 ], [ -96.672677, 28.335579 ], [ -96.705247, 28.348811 ], [ -96.710336, 28.406827 ], [ -96.775985, 28.405809 ], [ -96.794815, 28.364587 ], [ -96.791761, 28.31217 ], [ -96.809573, 28.290287 ], [ -96.787181, 28.255681 ], [ -96.800413, 28.224128 ], [ -96.934765, 28.123873 ], [ -97.000414, 28.137614 ], [ -97.027386, 28.124382 ], [ -97.025859, 28.041939 ], [ -97.129168, 27.919801 ], [ -97.187183, 27.824126 ], [ -97.225176, 27.825723 ], [ -97.250797, 27.876035 ], [ -97.273698, 27.881633 ], [ -97.379042, 27.837867 ], [ -97.393291, 27.782905 ], [ -97.368355, 27.741683 ], [ -97.253955, 27.696696 ], [ -97.294054, 27.5941 ], [ -97.321535, 27.571199 ], [ -97.401942, 27.335574 ], [ -97.508304, 27.275014 ], [ -97.532223, 27.278577 ], [ -97.546981, 27.290791 ], [ -97.498126, 27.308602 ], [ -97.502706, 27.322343 ], [ -97.483877, 27.338628 ], [ -97.501688, 27.366618 ], [ -97.640111, 27.270943 ], [ -97.628916, 27.242953 ], [ -97.54291, 27.229213 ], [ -97.42408, 27.264073 ], [ -97.443673, 27.116235 ], [ -97.461739, 27.095624 ], [ -97.495836, 27.094098 ], [ -97.477515, 27.066108 ], [ -97.478533, 26.999186 ], [ -97.555378, 26.99028 ], [ -97.540111, 26.900967 ], [ -97.563266, 26.842188 ], [ -97.471663, 26.758727 ], [ -97.445708, 26.609362 ], [ -97.416955, 26.553637 ], [ -97.441383, 26.455418 ], [ -97.411612, 26.447275 ], [ -97.4195, 26.413178 ], [ -97.395072, 26.417249 ], [ -97.369627, 26.394603 ], [ -97.391001, 26.332262 ], [ -97.358176, 26.356435 ], [ -97.330441, 26.350582 ], [ -97.354359, 26.313941 ], [ -97.343927, 26.267376 ], [ -97.311866, 26.273737 ], [ -97.32128, 26.228699 ], [ -97.296598, 26.200709 ], [ -97.306776, 26.159487 ], [ -97.282094, 26.120301 ], [ -97.295072, 26.108342 ], [ -97.270898, 26.086459 ], [ -97.199651, 26.077044 ], [ -97.195071, 26.04193 ], [ -97.226114, 26.024372 ], [ -97.216954, 25.993838 ], [ -97.167208, 26.007069 ], [ -97.18273, 26.053126 ], [ -97.152009, 26.062108 ], [ -97.145567, 25.971132 ], [ -97.348275, 25.931143 ], [ -97.366723, 25.885066 ], [ -97.408357, 25.856459 ], [ -97.511161, 25.887458 ], [ -97.582565, 25.937857 ], [ -97.671568, 26.033955 ], [ -97.888699, 26.064931 ], [ -98.008307, 26.061147 ], [ -98.044517, 26.043746 ], [ -98.241664, 26.074544 ], [ -98.386694, 26.157872 ], [ -98.438822, 26.212022 ], [ -98.705676, 26.27748 ], [ -98.807348, 26.369421 ], [ -98.861354, 26.36599 ], [ -99.047575, 26.406922 ], [ -99.105719, 26.43872 ], [ -99.167996, 26.557799 ], [ -99.268613, 26.843213 ], [ -99.321819, 26.906846 ], [ -99.379149, 26.93449 ], [ -99.446524, 27.023008 ], [ -99.452316, 27.062669 ], [ -99.429879, 27.094323 ], [ -99.426348, 27.176262 ], [ -99.441549, 27.24992 ], [ -99.537771, 27.316073 ], [ -99.492831, 27.390491 ], [ -99.480219, 27.485796 ], [ -99.519381, 27.573569 ], [ -99.541644, 27.605772 ], [ -99.600619, 27.641314 ], [ -99.666175, 27.638324 ], [ -99.843463, 27.77456 ], [ -99.876174, 27.806276 ], [ -99.901486, 27.864162 ], [ -99.895828, 27.904178 ], [ -99.991447, 27.99456 ], [ -100.083393, 28.144035 ], [ -100.202448, 28.190554 ], [ -100.291391, 28.275398 ], [ -100.346986, 28.407232 ], [ -100.333814, 28.499252 ], [ -100.386963, 28.514023 ], [ -100.429856, 28.596441 ], [ -100.500354, 28.66196 ], [ -100.507613, 28.740599 ], [ -100.535438, 28.805195 ], [ -100.651512, 28.943432 ], [ -100.645894, 28.986421 ], [ -100.674656, 29.099777 ], [ -100.797671, 29.246943 ], [ -100.995607, 29.363403 ], [ -101.060151, 29.458661 ], [ -101.137503, 29.473542 ], [ -101.235275, 29.524854 ], [ -101.250383, 29.624171 ], [ -101.343743, 29.662047 ], [ -101.403926, 29.757587 ], [ -101.625958, 29.771063 ], [ -101.646418, 29.754304 ], [ -101.944913, 29.801468 ] ] ], [ [ [ -97.370731, 26.909706 ], [ -97.333028, 26.736479 ], [ -97.194644, 26.306513 ], [ -97.154271, 26.066841 ], [ -97.169842, 26.077853 ], [ -97.214885, 26.353606 ], [ -97.276425, 26.521729 ], [ -97.31073, 26.556558 ], [ -97.345822, 26.700589 ], [ -97.370438, 26.723896 ], [ -97.368343, 26.795649 ], [ -97.387459, 26.820789 ], [ -97.390078, 27.156512 ], [ -97.357606, 27.307875 ], [ -97.361796, 27.359988 ], [ -97.231383, 27.632336 ], [ -97.200743, 27.650144 ], [ -97.203089, 27.688001 ], [ -97.103326, 27.789068 ], [ -97.092589, 27.819183 ], [ -97.134489, 27.825206 ], [ -97.056713, 27.842294 ], [ -96.985745, 27.954048 ], [ -96.967807, 28.020041 ], [ -96.952618, 28.01644 ], [ -96.927085, 28.057292 ], [ -96.886233, 28.084396 ], [ -96.879424, 28.131402 ], [ -96.827049, 28.112417 ], [ -96.81042, 28.126034 ], [ -96.816443, 28.174808 ], [ -96.703838, 28.198246 ], [ -96.703314, 28.216446 ], [ -96.662462, 28.227314 ], [ -96.592934, 28.296972 ], [ -96.450998, 28.337039 ], [ -96.403206, 28.371475 ], [ -96.397846, 28.343513 ], [ -96.4137, 28.327343 ], [ -96.621534, 28.2297 ], [ -96.849624, 28.064939 ], [ -97.001441, 27.911442 ], [ -97.166682, 27.676583 ], [ -97.276091, 27.472145 ], [ -97.350398, 27.268105 ], [ -97.377001, 27.101021 ], [ -97.370731, 26.909706 ] ] ] ] } },
{ "type": "Feature", "properties": { "fips": "49" }, "geometry": { "type": "Polygon", "coordinates": [ [ [ -109.045223, 36.999084 ], [ -114.0506, 37.000396 ], [ -114.041723, 41.99372 ], [ -111.046689, 42.001567 ], [ -111.046723, 40.997959 ], [ -109.050076, 41.000659 ], [ -109.060062, 38.275489 ], [ -109.042062, 38.15549 ], [ -109.045223, 36.999084 ] ] ] } },
{ "type": "Feature", "properties": { "fips": "50" }, "geometry": { "type": "Polygon", "coordinates": [ [ [ -72.458519, 42.726853 ], [ -73.276421, 42.746019 ], [ -73.290944, 42.80192 ], [ -73.278673, 42.83341 ], [ -73.242042, 43.534925 ], [ -73.306234, 43.628018 ], [ -73.366537, 43.623462 ], [ -73.400295, 43.568889 ], [ -73.431229, 43.588285 ], [ -73.421606, 43.646577 ], [ -73.350431, 43.771438 ], [ -73.388389, 43.832404 ], [ -73.405999, 44.016229 ], [ -73.437429, 44.046861 ], [ -73.390583, 44.190886 ], [ -73.324681, 44.243614 ], [ -73.315016, 44.388513 ], [ -73.293613, 44.438903 ], [ -73.306707, 44.500334 ], [ -73.374389, 44.575455 ], [ -73.390231, 44.618353 ], [ -73.339958, 44.778893 ], [ -73.369647, 44.829136 ], [ -73.343124, 45.01084 ], [ -71.464555, 45.013637 ], [ -71.53698, 44.994177 ], [ -71.495844, 44.90498 ], [ -71.627358, 44.747544 ], [ -71.536251, 44.587939 ], [ -71.580263, 44.506509 ], [ -71.708934, 44.411611 ], [ -71.793924, 44.399271 ], [ -71.816065, 44.366817 ], [ -72.012173, 44.321408 ], [ -72.05888, 44.28624 ], [ -72.064285, 44.187888 ], [ -72.040082, 44.155748 ], [ -72.112813, 43.98802 ], [ -72.104421, 43.950536 ], [ -72.121002, 43.918956 ], [ -72.167224, 43.886113 ], [ -72.204792, 43.771926 ], [ -72.302867, 43.702718 ], [ -72.32962, 43.600201 ], [ -72.395825, 43.52056 ], [ -72.39715, 43.316515 ], [ -72.4521, 43.161414 ], [ -72.432661, 43.114077 ], [ -72.443762, 43.006245 ], [ -72.556214, 42.86695 ], [ -72.542784, 42.808482 ], [ -72.478453, 42.762296 ], [ -72.458519, 42.726853 ] ] ] } },
{ "type": "Feature", "properties": { "fips": "51" }, "geometry": { "type": "MultiPolygon", "coordinates": [ [ [ [ -81.934144, 36.594213 ], [ -83.675413, 36.600814 ], [ -83.527212, 36.665984 ], [ -83.460808, 36.664885 ], [ -83.136395, 36.743088 ], [ -83.131694, 36.781488 ], [ -83.07259, 36.854589 ], [ -82.91169, 36.874248 ], [ -82.861943, 36.924236 ], [ -82.867535, 36.977518 ], [ -82.722472, 37.045101 ], [ -82.721941, 37.105689 ], [ -82.565329, 37.196118 ], [ -82.350948, 37.267077 ], [ -81.968297, 37.537798 ], [ -81.92787, 37.512118 ], [ -81.996578, 37.476705 ], [ -81.987006, 37.454878 ], [ -81.935621, 37.438397 ], [ -81.925643, 37.357316 ], [ -81.878713, 37.331753 ], [ -81.843167, 37.285586 ], [ -81.757631, 37.274003 ], [ -81.744291, 37.244178 ], [ -81.678603, 37.202467 ], [ -81.557315, 37.207697 ], [ -81.507325, 37.2338 ], [ -81.504168, 37.250115 ], [ -81.409729, 37.284837 ], [ -81.362156, 37.337687 ], [ -81.225104, 37.234874 ], [ -81.112596, 37.278497 ], [ -80.966556, 37.292158 ], [ -80.900535, 37.315 ], [ -80.849451, 37.346909 ], [ -80.872589, 37.372347 ], [ -80.859556, 37.429568 ], [ -80.770082, 37.372363 ], [ -80.511391, 37.481672 ], [ -80.494867, 37.43507 ], [ -80.475601, 37.422949 ], [ -80.314806, 37.500943 ], [ -80.330306, 37.536244 ], [ -80.220984, 37.627767 ], [ -80.267455, 37.646108 ], [ -80.296138, 37.691783 ], [ -80.263936, 37.719137 ], [ -80.257411, 37.756084 ], [ -80.162202, 37.875122 ], [ -80.002507, 37.992767 ], [ -79.931034, 38.101402 ], [ -79.938394, 38.130563 ], [ -79.921196, 38.180378 ], [ -79.788945, 38.268703 ], [ -79.808711, 38.309429 ], [ -79.731661, 38.374143 ], [ -79.689544, 38.442511 ], [ -79.699006, 38.475148 ], [ -79.669128, 38.510883 ], [ -79.649075, 38.591515 ], [ -79.53687, 38.550917 ], [ -79.476638, 38.457228 ], [ -79.312276, 38.411876 ], [ -79.280263, 38.425475 ], [ -79.210026, 38.494231 ], [ -79.055354, 38.782213 ], [ -78.999752, 38.846162 ], [ -78.869276, 38.762991 ], [ -78.788031, 38.885123 ], [ -78.601655, 38.964603 ], [ -78.554222, 39.019672 ], [ -78.571901, 39.031995 ], [ -78.439429, 39.132146 ], [ -78.41074, 39.171983 ], [ -78.438651, 39.198049 ], [ -78.34048, 39.353492 ], [ -78.362267, 39.357784 ], [ -78.347087, 39.466012 ], [ -77.828157, 39.132329 ], [ -77.750267, 39.289284 ], [ -77.719029, 39.321125 ], [ -77.592739, 39.30129 ], [ -77.45768, 39.22502 ], [ -77.478596, 39.189168 ], [ -77.516426, 39.170891 ], [ -77.519929, 39.120925 ], [ -77.458202, 39.073723 ], [ -77.340287, 39.062991 ], [ -77.261403, 39.031009 ], [ -77.249803, 38.985909 ], [ -77.148179, 38.965002 ], [ -77.040599, 38.871212 ], [ -77.041398, 38.763914 ], [ -77.074599, 38.711015 ], [ -77.132501, 38.673816 ], [ -77.1302, 38.635017 ], [ -77.202002, 38.617217 ], [ -77.216303, 38.637817 ], [ -77.246704, 38.635217 ], [ -77.247003, 38.590618 ], [ -77.26443, 38.582845 ], [ -77.26083, 38.56533 ], [ -77.322622, 38.467131 ], [ -77.317288, 38.383576 ], [ -77.279633, 38.339444 ], [ -77.240072, 38.331598 ], [ -77.162692, 38.345994 ], [ -77.138224, 38.367917 ], [ -77.08481, 38.368297 ], [ -77.043526, 38.400548 ], [ -77.011827, 38.374554 ], [ -77.030683, 38.311623 ], [ -76.96215, 38.256486 ], [ -76.962311, 38.214075 ], [ -76.838795, 38.163476 ], [ -76.760241, 38.166581 ], [ -76.721722, 38.137635 ], [ -76.701297, 38.155718 ], [ -76.613939, 38.148587 ], [ -76.600937, 38.110084 ], [ -76.543155, 38.076971 ], [ -76.516547, 38.026566 ], [ -76.236725, 37.889174 ], [ -76.251358, 37.833072 ], [ -76.275178, 37.812664 ], [ -76.293525, 37.822717 ], [ -76.307482, 37.81235 ], [ -76.312858, 37.720338 ], [ -76.300067, 37.695364 ], [ -76.339892, 37.655966 ], [ -76.292534, 37.636098 ], [ -76.28037, 37.613715 ], [ -76.36232, 37.610368 ], [ -76.472392, 37.665772 ], [ -76.510187, 37.642324 ], [ -76.536548, 37.663574 ], [ -76.537228, 37.698892 ], [ -76.584289, 37.76889 ], [ -76.651413, 37.796239 ], [ -76.680197, 37.825654 ], [ -76.701606, 37.822677 ], [ -76.747552, 37.875864 ], [ -76.784618, 37.869569 ], [ -76.723863, 37.788503 ], [ -76.683775, 37.781391 ], [ -76.677002, 37.7561 ], [ -76.61971, 37.744795 ], [ -76.574049, 37.646781 ], [ -76.542666, 37.616857 ], [ -76.435474, 37.612807 ], [ -76.410781, 37.581815 ], [ -76.300144, 37.561734 ], [ -76.360474, 37.51924 ], [ -76.32947, 37.49492 ], [ -76.293599, 37.516499 ], [ -76.265056, 37.481365 ], [ -76.245283, 37.386839 ], [ -76.275552, 37.309964 ], [ -76.337476, 37.364014 ], [ -76.415167, 37.402133 ], [ -76.445333, 37.36646 ], [ -76.381075, 37.28534 ], [ -76.349489, 37.273963 ], [ -76.48284, 37.254831 ], [ -76.50364, 37.233856 ], [ -76.471799, 37.216016 ], [ -76.389793, 37.222981 ], [ -76.399659, 37.160272 ], [ -76.348658, 37.170655 ], [ -76.334017, 37.144223 ], [ -76.292344, 37.126615 ], [ -76.271262, 37.084544 ], [ -76.304272, 37.001378 ], [ -76.340666, 37.015246 ], [ -76.411768, 36.962847 ], [ -76.428869, 36.969947 ], [ -76.464471, 37.027547 ], [ -76.518242, 37.055351 ], [ -76.526203, 37.077773 ], [ -76.564219, 37.077507 ], [ -76.618252, 37.119347 ], [ -76.622252, 37.142146 ], [ -76.604476, 37.160034 ], [ -76.649869, 37.220914 ], [ -76.730951, 37.213813 ], [ -76.75047, 37.190098 ], [ -76.780532, 37.209336 ], [ -76.802511, 37.198308 ], [ -76.73032, 37.145395 ], [ -76.685614, 37.198851 ], [ -76.663774, 37.173875 ], [ -76.662558, 37.045748 ], [ -76.586491, 37.02874 ], [ -76.500355, 36.965212 ], [ -76.469914, 36.882898 ], [ -76.441605, 36.906116 ], [ -76.387567, 36.899547 ], [ -76.385867, 36.923247 ], [ -76.328864, 36.918447 ], [ -76.327365, 36.959447 ], [ -76.297663, 36.968147 ], [ -76.095508, 36.908817 ], [ -76.033454, 36.931946 ], [ -75.996252, 36.922047 ], [ -75.867044, 36.550754 ], [ -80.169535, 36.54319 ], [ -81.677535, 36.588117 ], [ -81.6469, 36.611918 ], [ -81.922644, 36.616213 ], [ -81.934144, 36.594213 ] ] ], [ [ [ -75.665957, 37.439209 ], [ -75.735829, 37.335426 ], [ -75.798448, 37.296285 ], [ -75.789929, 37.228134 ], [ -75.800755, 37.197297 ], [ -75.897298, 37.118037 ], [ -75.92552, 37.133601 ], [ -75.97043, 37.118608 ], [ -76.025753, 37.257407 ], [ -76.018645, 37.31782 ], [ -75.987122, 37.368548 ], [ -75.981624, 37.434116 ], [ -75.924756, 37.600215 ], [ -75.803041, 37.762464 ], [ -75.818125, 37.791698 ], [ -75.743097, 37.806656 ], [ -75.689837, 37.861817 ], [ -75.687584, 37.88634 ], [ -75.709626, 37.900622 ], [ -75.757694, 37.903912 ], [ -75.712065, 37.936082 ], [ -75.693942, 37.930362 ], [ -75.624341, 37.994211 ], [ -75.242266, 38.027209 ], [ -75.359036, 37.864143 ], [ -75.437868, 37.872324 ], [ -75.514921, 37.799149 ], [ -75.581333, 37.683593 ], [ -75.610808, 37.605909 ], [ -75.594044, 37.569698 ], [ -75.666178, 37.472124 ], [ -75.665957, 37.439209 ] ] ], [ [ [ -75.999658, 37.848198 ], [ -75.973607, 37.835817 ], [ -75.982158, 37.806226 ], [ -75.9983, 37.812626 ], [ -75.999658, 37.848198 ] ] ], [ [ [ -76.032491, 37.915008 ], [ -76.041402, 37.954006 ], [ -75.993905, 37.953489 ], [ -76.032491, 37.915008 ] ] ] ] } },
{ "type": "Feature", "properties": { "fips": "53" }, "geometry": { "type": "MultiPolygon", "coordinates": [ [ [ [ -122.813998, 45.960984 ], [ -122.904119, 46.083734 ], [ -123.115904, 46.185268 ], [ -123.166414, 46.188973 ], [ -123.280166, 46.144843 ], [ -123.371433, 46.146372 ], [ -123.430847, 46.181827 ], [ -123.427629, 46.229348 ], [ -123.474844, 46.267831 ], [ -123.669501, 46.266832 ], [ -123.700764, 46.305278 ], [ -123.766682, 46.273499 ], [ -123.806139, 46.283588 ], [ -123.875525, 46.239787 ], [ -123.919581, 46.251217 ], [ -124.001264, 46.31326 ], [ -124.029924, 46.308312 ], [ -124.044018, 46.275925 ], [ -124.082187, 46.269159 ], [ -124.057425, 46.409315 ], [ -124.068655, 46.634879 ], [ -124.048444, 46.645827 ], [ -124.035874, 46.630822 ], [ -124.050842, 46.617421 ], [ -124.023566, 46.582559 ], [ -124.026032, 46.462978 ], [ -123.990615, 46.463019 ], [ -123.983688, 46.498542 ], [ -123.968044, 46.473497 ], [ -123.943667, 46.477197 ], [ -123.894254, 46.537028 ], [ -123.955556, 46.60357 ], [ -123.960642, 46.636364 ], [ -123.921913, 46.650262 ], [ -123.923269, 46.672708 ], [ -123.84621, 46.716795 ], [ -123.898641, 46.750205 ], [ -123.916874, 46.726739 ], [ -123.974994, 46.733391 ], [ -123.966886, 46.705184 ], [ -124.003458, 46.702337 ], [ -124.092176, 46.741624 ], [ -124.108078, 46.836388 ], [ -124.138225, 46.905534 ], [ -124.093392, 46.901168 ], [ -124.089286, 46.867716 ], [ -124.073113, 46.861493 ], [ -124.046344, 46.893972 ], [ -123.985082, 46.921916 ], [ -123.86018, 46.948556 ], [ -123.898245, 46.971927 ], [ -124.012218, 46.985176 ], [ -124.005248, 47.003915 ], [ -124.026345, 47.030187 ], [ -124.122057, 47.04165 ], [ -124.151288, 47.021112 ], [ -124.124386, 46.94387 ], [ -124.180111, 46.926357 ], [ -124.169113, 46.994508 ], [ -124.182802, 47.134041 ], [ -124.236349, 47.287287 ], [ -124.319379, 47.355559 ], [ -124.355955, 47.545698 ], [ -124.425195, 47.738434 ], [ -124.47657, 47.769671 ], [ -124.489737, 47.816988 ], [ -124.625512, 47.887963 ], [ -124.672427, 47.964414 ], [ -124.696542, 48.069274 ], [ -124.687101, 48.098657 ], [ -124.733174, 48.163393 ], [ -124.696111, 48.198599 ], [ -124.690389, 48.219745 ], [ -124.70592, 48.239894 ], [ -124.684677, 48.255228 ], [ -124.65894, 48.331057 ], [ -124.727022, 48.371101 ], [ -124.725839, 48.386012 ], [ -124.597331, 48.381882 ], [ -124.395593, 48.288772 ], [ -124.272017, 48.25441 ], [ -124.238582, 48.262471 ], [ -124.101773, 48.216883 ], [ -124.107215, 48.200082 ], [ -124.050734, 48.177747 ], [ -123.981032, 48.164761 ], [ -123.858821, 48.154273 ], [ -123.702743, 48.166783 ], [ -123.628819, 48.139279 ], [ -123.590839, 48.134949 ], [ -123.551131, 48.151382 ], [ -123.507235, 48.131807 ], [ -123.440128, 48.142014 ], [ -123.441972, 48.124259 ], [ -123.424668, 48.118065 ], [ -123.332699, 48.11297 ], [ -123.239129, 48.118217 ], [ -123.133445, 48.177276 ], [ -123.143229, 48.156633 ], [ -123.06621, 48.120469 ], [ -123.038727, 48.081138 ], [ -122.929095, 48.096244 ], [ -122.917942, 48.091535 ], [ -122.926851, 48.064593 ], [ -122.877641, 48.047025 ], [ -122.849273, 48.053808 ], [ -122.878255, 48.076072 ], [ -122.876282, 48.110877 ], [ -122.833173, 48.134406 ], [ -122.760448, 48.14324 ], [ -122.748911, 48.117026 ], [ -122.801399, 48.087561 ], [ -122.766648, 48.04429 ], [ -122.74229, 48.049324 ], [ -122.748345, 48.072097 ], [ -122.733257, 48.091232 ], [ -122.68724, 48.101662 ], [ -122.669868, 48.017217 ], [ -122.723374, 48.008095 ], [ -122.718082, 47.987739 ], [ -122.6788, 47.96793 ], [ -122.68445, 47.939593 ], [ -122.657722, 47.931156 ], [ -122.646494, 47.894771 ], [ -122.610341, 47.887343 ], [ -122.63636, 47.866186 ], [ -122.69376, 47.868002 ], [ -122.683742, 47.838773 ], [ -122.748061, 47.800546 ], [ -122.758498, 47.746036 ], [ -122.733012, 47.737625 ], [ -122.682015, 47.800882 ], [ -122.608105, 47.856728 ], [ -122.573672, 47.857582 ], [ -122.588235, 47.912923 ], [ -122.620316, 47.931553 ], [ -122.611956, 47.940772 ], [ -122.527593, 47.905882 ], [ -122.506122, 47.831745 ], [ -122.482529, 47.815511 ], [ -122.495458, 47.786692 ], [ -122.471844, 47.749819 ], [ -122.554454, 47.745704 ], [ -122.543161, 47.710941 ], [ -122.504604, 47.699136 ], [ -122.518277, 47.65132 ], [ -122.493205, 47.635122 ], [ -122.49824, 47.598242 ], [ -122.479089, 47.583654 ], [ -122.534664, 47.566122 ], [ -122.546611, 47.52355 ], [ -122.452399, 47.503471 ], [ -122.460029, 47.486861 ], [ -122.433386, 47.46643 ], [ -122.437657, 47.407424 ], [ -122.373629, 47.388718 ], [ -122.493123, 47.330253 ], [ -122.51885, 47.33332 ], [ -122.52603, 47.358908 ], [ -122.551536, 47.35954 ], [ -122.575985, 47.32642 ], [ -122.4442, 47.266723 ], [ -122.409199, 47.288556 ], [ -122.443008, 47.306333 ], [ -122.324833, 47.348521 ], [ -122.328434, 47.400621 ], [ -122.355135, 47.441921 ], [ -122.383136, 47.450521 ], [ -122.361336, 47.481421 ], [ -122.396538, 47.51522 ], [ -122.398338, 47.55012 ], [ -122.421139, 47.57602 ], [ -122.339513, 47.599113 ], [ -122.429841, 47.658919 ], [ -122.37314, 47.729219 ], [ -122.394944, 47.803318 ], [ -122.33595, 47.852306 ], [ -122.307048, 47.949117 ], [ -122.230046, 47.970917 ], [ -122.224979, 48.016626 ], [ -122.343241, 48.097631 ], [ -122.365078, 48.125822 ], [ -122.362044, 48.187568 ], [ -122.396121, 48.229233 ], [ -122.449605, 48.232598 ], [ -122.442051, 48.20935 ], [ -122.479008, 48.175703 ], [ -122.358375, 48.056133 ], [ -122.4675, 48.130353 ], [ -122.489986, 48.120617 ], [ -122.512031, 48.133931 ], [ -122.53722, 48.183745 ], [ -122.530996, 48.249821 ], [ -122.480925, 48.251706 ], [ -122.463962, 48.270541 ], [ -122.406516, 48.25183 ], [ -122.371693, 48.287839 ], [ -122.408718, 48.326413 ], [ -122.533452, 48.383409 ], [ -122.554536, 48.40604 ], [ -122.557298, 48.444438 ], [ -122.649839, 48.408526 ], [ -122.678928, 48.439466 ], [ -122.654844, 48.454087 ], [ -122.657753, 48.47294 ], [ -122.712322, 48.464143 ], [ -122.684521, 48.509123 ], [ -122.606961, 48.522152 ], [ -122.568071, 48.50821 ], [ -122.537355, 48.466749 ], [ -122.471832, 48.470724 ], [ -122.498463, 48.556206 ], [ -122.534787, 48.57596 ], [ -122.495904, 48.575927 ], [ -122.478431, 48.559303 ], [ -122.44456, 48.570115 ], [ -122.425271, 48.599522 ], [ -122.500308, 48.656163 ], [ -122.519172, 48.713095 ], [ -122.490401, 48.751128 ], [ -122.535803, 48.776128 ], [ -122.596844, 48.771492 ], [ -122.637146, 48.735708 ], [ -122.612562, 48.714932 ], [ -122.615169, 48.693839 ], [ -122.673472, 48.733082 ], [ -122.646777, 48.785011 ], [ -122.693683, 48.804475 ], [ -122.709815, 48.786205 ], [ -122.717073, 48.84719 ], [ -122.793175, 48.892927 ], [ -122.751289, 48.911239 ], [ -122.746596, 48.930731 ], [ -122.821631, 48.941369 ], [ -122.75802, 49.002357 ], [ -117.032351, 48.999188 ], [ -117.039813, 46.425425 ], [ -117.061045, 46.367747 ], [ -116.985333, 46.294617 ], [ -116.925621, 46.158888 ], [ -116.94353, 46.062173 ], [ -116.915989, 45.995413 ], [ -118.987129, 45.999855 ], [ -119.027056, 45.969134 ], [ -119.12612, 45.932859 ], [ -119.25715, 45.939926 ], [ -119.487829, 45.906307 ], [ -119.600549, 45.919581 ], [ -119.669877, 45.856867 ], [ -120.001148, 45.811902 ], [ -120.170453, 45.761951 ], [ -120.210754, 45.725951 ], [ -120.40396, 45.699249 ], [ -120.482362, 45.694449 ], [ -120.559465, 45.738348 ], [ -120.634968, 45.745847 ], [ -120.915876, 45.641345 ], [ -120.943977, 45.656445 ], [ -121.06437, 45.652549 ], [ -121.195233, 45.629513 ], [ -121.215779, 45.671238 ], [ -121.33777, 45.704949 ], [ -121.423592, 45.69399 ], [ -121.533106, 45.726541 ], [ -121.707358, 45.694809 ], [ -121.811304, 45.706761 ], [ -121.867167, 45.693277 ], [ -121.908267, 45.654399 ], [ -121.983038, 45.622812 ], [ -122.294901, 45.543541 ], [ -122.380302, 45.575941 ], [ -122.643907, 45.609739 ], [ -122.76381, 45.657138 ], [ -122.774511, 45.680437 ], [ -122.761451, 45.759163 ], [ -122.795605, 45.81 ], [ -122.785026, 45.867699 ], [ -122.813998, 45.960984 ] ] ], [ [ [ -122.583985, 48.551534 ], [ -122.572967, 48.529028 ], [ -122.649256, 48.528769 ], [ -122.652385, 48.583432 ], [ -122.583985, 48.551534 ] ] ], [ [ [ -122.772384, 48.552143 ], [ -122.788503, 48.530393 ], [ -122.779124, 48.508911 ], [ -122.817912, 48.483888 ], [ -122.803521, 48.428748 ], [ -122.883759, 48.418793 ], [ -122.889016, 48.435947 ], [ -122.928004, 48.439966 ], [ -122.91646, 48.453263 ], [ -122.926901, 48.460874 ], [ -123.039156, 48.460003 ], [ -123.119451, 48.492576 ], [ -123.163234, 48.529544 ], [ -123.173061, 48.579086 ], [ -123.203026, 48.596178 ], [ -123.178425, 48.622115 ], [ -123.107362, 48.622451 ], [ -123.101552, 48.59782 ], [ -123.048403, 48.569216 ], [ -122.987296, 48.561895 ], [ -123.034101, 48.591767 ], [ -123.023433, 48.599477 ], [ -123.048652, 48.621002 ], [ -122.942367, 48.706723 ], [ -122.894599, 48.71503 ], [ -122.743049, 48.661991 ], [ -122.809622, 48.619035 ], [ -122.772384, 48.552143 ] ] ], [ [ [ -122.722407, 48.540606 ], [ -122.739898, 48.583949 ], [ -122.714512, 48.60878 ], [ -122.670638, 48.568812 ], [ -122.68944, 48.543903 ], [ -122.722407, 48.540606 ] ] ], [ [ [ -122.657016, 48.609891 ], [ -122.686136, 48.613267 ], [ -122.699266, 48.621115 ], [ -122.674173, 48.629944 ], [ -122.657016, 48.609891 ] ] ], [ [ [ -123.106165, 48.633473 ], [ -123.215917, 48.669352 ], [ -123.236567, 48.68895 ], [ -123.172066, 48.679866 ], [ -123.106165, 48.633473 ] ] ], [ [ [ -122.616956, 48.645563 ], [ -122.673538, 48.680809 ], [ -122.691795, 48.711498 ], [ -122.718833, 48.716818 ], [ -122.715709, 48.748672 ], [ -122.618225, 48.670721 ], [ -122.616956, 48.645563 ] ] ], [ [ [ -123.014449, 48.684978 ], [ -123.042337, 48.675663 ], [ -123.03636, 48.69008 ], [ -123.070427, 48.699971 ], [ -123.009787, 48.722291 ], [ -123.014449, 48.684978 ] ] ], [ [ [ -123.083834, 48.976139 ], [ -123.090546, 49.001976 ], [ -123.035393, 49.002154 ], [ -123.021459, 48.977299 ], [ -123.083834, 48.976139 ] ] ], [ [ [ -122.326115, 48.010295 ], [ -122.321721, 48.019977 ], [ -122.303455, 48.005603 ], [ -122.326115, 48.010295 ] ] ], [ [ [ -122.44076, 47.951845 ], [ -122.487505, 47.990729 ], [ -122.546824, 47.967215 ], [ -122.542924, 47.996404 ], [ -122.607342, 48.030992 ], [ -122.593621, 48.0472 ], [ -122.614028, 48.072788 ], [ -122.598301, 48.110616 ], [ -122.609568, 48.15186 ], [ -122.633167, 48.163281 ], [ -122.679556, 48.155113 ], [ -122.693084, 48.181509 ], [ -122.770045, 48.224395 ], [ -122.673731, 48.354683 ], [ -122.664659, 48.401508 ], [ -122.63582, 48.395128 ], [ -122.60198, 48.409907 ], [ -122.585038, 48.395166 ], [ -122.585162, 48.353304 ], [ -122.506568, 48.310041 ], [ -122.530976, 48.282445 ], [ -122.618466, 48.294159 ], [ -122.623779, 48.269431 ], [ -122.652639, 48.265081 ], [ -122.668385, 48.223967 ], [ -122.628352, 48.222467 ], [ -122.588138, 48.18594 ], [ -122.558205, 48.119579 ], [ -122.571853, 48.102143 ], [ -122.54512, 48.05255 ], [ -122.513994, 48.059077 ], [ -122.525422, 48.096537 ], [ -122.513276, 48.097538 ], [ -122.431266, 48.045001 ], [ -122.376259, 48.034457 ], [ -122.349597, 47.958796 ], [ -122.3773, 47.905941 ], [ -122.431035, 47.914732 ], [ -122.445519, 47.930226 ], [ -122.44076, 47.951845 ] ] ] ] } },
{ "type": "Feature", "properties": { "fips": "54" }, "geometry": { "type": "Polygon", "coordinates": [ [ [ -81.362156, 37.337687 ], [ -81.409729, 37.284837 ], [ -81.504168, 37.250115 ], [ -81.507325, 37.2338 ], [ -81.560625, 37.206663 ], [ -81.678603, 37.202467 ], [ -81.744291, 37.244178 ], [ -81.757631, 37.274003 ], [ -81.854059, 37.291352 ], [ -81.878713, 37.331753 ], [ -81.926589, 37.358942 ], [ -81.935621, 37.438397 ], [ -81.99227, 37.460916 ], [ -81.992916, 37.482969 ], [ -81.92787, 37.512118 ], [ -81.968297, 37.537798 ], [ -82.048521, 37.531078 ], [ -82.116584, 37.559588 ], [ -82.141814, 37.595052 ], [ -82.297011, 37.687273 ], [ -82.325739, 37.735799 ], [ -82.329867, 37.775897 ], [ -82.500386, 37.936518 ], [ -82.465473, 37.98478 ], [ -82.519665, 38.008538 ], [ -82.547284, 38.061094 ], [ -82.636466, 38.13786 ], [ -82.644739, 38.165487 ], [ -82.60423, 38.247303 ], [ -82.584001, 38.246371 ], [ -82.574656, 38.263873 ], [ -82.596281, 38.417681 ], [ -82.520178, 38.407582 ], [ -82.330335, 38.4445 ], [ -82.291271, 38.578983 ], [ -82.26207, 38.598183 ], [ -82.177267, 38.603784 ], [ -82.188268, 38.734082 ], [ -82.221566, 38.787187 ], [ -82.139279, 38.866407 ], [ -82.093165, 38.97098 ], [ -82.051563, 38.994378 ], [ -82.035963, 39.025478 ], [ -82.002261, 39.027878 ], [ -81.935619, 38.9895 ], [ -81.89847, 38.929603 ], [ -81.928352, 38.895371 ], [ -81.908645, 38.87846 ], [ -81.759995, 38.925828 ], [ -81.764253, 39.015279 ], [ -81.814155, 39.073478 ], [ -81.747253, 39.095378 ], [ -81.749853, 39.186489 ], [ -81.695724, 39.242859 ], [ -81.605816, 39.275851 ], [ -81.542346, 39.352874 ], [ -81.456143, 39.409274 ], [ -81.412706, 39.394618 ], [ -81.375961, 39.341697 ], [ -81.270716, 39.385914 ], [ -81.215617, 39.388602 ], [ -81.020055, 39.55541 ], [ -80.943782, 39.606926 ], [ -80.88036, 39.620706 ], [ -80.829764, 39.711839 ], [ -80.808722, 39.91257 ], [ -80.740126, 39.970793 ], [ -80.705482, 40.153047 ], [ -80.599895, 40.317669 ], [ -80.619196, 40.381768 ], [ -80.599194, 40.482566 ], [ -80.667957, 40.582496 ], [ -80.634355, 40.616095 ], [ -80.518991, 40.638801 ], [ -80.519342, 39.721403 ], [ -79.476662, 39.721078 ], [ -79.486873, 39.205961 ], [ -79.25688, 39.356077 ], [ -79.213192, 39.367897 ], [ -79.08445, 39.471356 ], [ -79.04244, 39.479339 ], [ -78.968996, 39.441543 ], [ -78.874744, 39.522611 ], [ -78.787461, 39.627492 ], [ -78.760497, 39.609984 ], [ -78.76749, 39.587487 ], [ -78.676219, 39.540622 ], [ -78.468639, 39.516789 ], [ -78.436939, 39.538959 ], [ -78.432033, 39.561053 ], [ -78.458456, 39.581158 ], [ -78.43025, 39.62329 ], [ -78.355218, 39.640576 ], [ -78.271122, 39.619642 ], [ -78.176625, 39.695967 ], [ -78.074595, 39.666686 ], [ -78.009985, 39.602893 ], [ -77.902649, 39.587796 ], [ -77.865423, 39.516472 ], [ -77.807821, 39.490241 ], [ -77.739204, 39.38573 ], [ -77.760586, 39.338864 ], [ -77.719029, 39.321125 ], [ -77.750267, 39.289284 ], [ -77.828157, 39.132329 ], [ -78.347087, 39.466012 ], [ -78.362267, 39.357784 ], [ -78.34048, 39.353492 ], [ -78.438651, 39.198049 ], [ -78.41074, 39.171983 ], [ -78.439429, 39.132146 ], [ -78.571901, 39.031995 ], [ -78.554222, 39.019672 ], [ -78.601655, 38.964603 ], [ -78.788031, 38.885123 ], [ -78.869276, 38.762991 ], [ -78.999752, 38.846162 ], [ -79.055354, 38.782213 ], [ -79.210026, 38.494231 ], [ -79.280263, 38.425475 ], [ -79.312276, 38.411876 ], [ -79.476638, 38.457228 ], [ -79.53687, 38.550917 ], [ -79.649075, 38.591515 ], [ -79.669128, 38.510883 ], [ -79.699006, 38.475148 ], [ -79.689544, 38.442511 ], [ -79.731661, 38.374143 ], [ -79.808711, 38.309429 ], [ -79.788945, 38.268703 ], [ -79.921196, 38.180378 ], [ -79.938394, 38.130563 ], [ -79.931034, 38.101402 ], [ -80.002507, 37.992767 ], [ -80.162202, 37.875122 ], [ -80.257411, 37.756084 ], [ -80.263936, 37.719137 ], [ -80.296138, 37.691783 ], [ -80.267455, 37.646108 ], [ -80.220984, 37.627767 ], [ -80.330306, 37.536244 ], [ -80.314806, 37.500943 ], [ -80.475601, 37.422949 ], [ -80.494867, 37.43507 ], [ -80.511391, 37.481672 ], [ -80.770082, 37.372363 ], [ -80.859556, 37.429568 ], [ -80.872589, 37.372347 ], [ -80.849451, 37.346909 ], [ -80.900535, 37.315 ], [ -80.966556, 37.292158 ], [ -81.112596, 37.278497 ], [ -81.225104, 37.234874 ], [ -81.362156, 37.337687 ] ] ] } },
{ "type": "Feature", "properties": { "fips": "55" }, "geometry": { "type": "MultiPolygon", "coordinates": [ [ [ [ -91.100565, 42.883078 ], [ -91.14556, 42.90798 ], [ -91.178251, 43.124982 ], [ -91.057918, 43.255366 ], [ -91.107237, 43.313645 ], [ -91.210233, 43.372064 ], [ -91.217706, 43.50055 ], [ -91.268748, 43.615348 ], [ -91.262436, 43.792166 ], [ -91.284138, 43.847065 ], [ -91.43738, 43.999962 ], [ -91.59207, 44.031372 ], [ -91.721552, 44.130342 ], [ -91.875158, 44.200575 ], [ -91.918625, 44.322671 ], [ -91.9636, 44.362112 ], [ -92.233897, 44.446334 ], [ -92.291005, 44.485464 ], [ -92.314071, 44.538014 ], [ -92.340058, 44.555273 ], [ -92.549685, 44.576 ], [ -92.632105, 44.649027 ], [ -92.802402, 44.745167 ], [ -92.765461, 44.836202 ], [ -92.750645, 44.937299 ], [ -92.792875, 45.078489 ], [ -92.760615, 45.278827 ], [ -92.704794, 45.326526 ], [ -92.664102, 45.393309 ], [ -92.680234, 45.464344 ], [ -92.72623, 45.531085 ], [ -92.883749, 45.575483 ], [ -92.869193, 45.717568 ], [ -92.784621, 45.764196 ], [ -92.707702, 45.894901 ], [ -92.294033, 46.074377 ], [ -92.292192, 46.663242 ], [ -92.207092, 46.651941 ], [ -92.187592, 46.678941 ], [ -92.189091, 46.717541 ], [ -92.11659, 46.74864 ], [ -92.08949, 46.74924 ], [ -92.03399, 46.708939 ], [ -91.961889, 46.682539 ], [ -91.790132, 46.694675 ], [ -91.590684, 46.754331 ], [ -91.511077, 46.757453 ], [ -91.368819, 46.793836 ], [ -91.314815, 46.826825 ], [ -91.256705, 46.836887 ], [ -91.226796, 46.86361 ], [ -91.178292, 46.844259 ], [ -91.140165, 46.873201 ], [ -91.134948, 46.858986 ], [ -91.10549, 46.85762 ], [ -91.090916, 46.88267 ], [ -91.052991, 46.881325 ], [ -90.968419, 46.94391 ], [ -90.921811, 46.931322 ], [ -90.855874, 46.962232 ], [ -90.785606, 46.926431 ], [ -90.751031, 46.887963 ], [ -90.798936, 46.823143 ], [ -90.885021, 46.756341 ], [ -90.853829, 46.693457 ], [ -90.911281, 46.663083 ], [ -90.951543, 46.600621 ], [ -90.94193, 46.588419 ], [ -90.905572, 46.583524 ], [ -90.770192, 46.636127 ], [ -90.73726, 46.692267 ], [ -90.558141, 46.586384 ], [ -90.505909, 46.589614 ], [ -90.418136, 46.566094 ], [ -90.400429, 46.544384 ], [ -90.284545, 46.518714 ], [ -90.204572, 46.478998 ], [ -90.166919, 46.439851 ], [ -90.119691, 46.359755 ], [ -90.120489, 46.336852 ], [ -89.125136, 46.144531 ], [ -88.815629, 46.02232 ], [ -88.679132, 46.013538 ], [ -88.666056, 45.988191 ], [ -88.616405, 45.9877 ], [ -88.532414, 46.021212 ], [ -88.507188, 46.0183 ], [ -88.489608, 45.991381 ], [ -88.376447, 45.989458 ], [ -88.295559, 45.951459 ], [ -88.250133, 45.963147 ], [ -88.239672, 45.948982 ], [ -88.139372, 45.929932 ], [ -88.073134, 45.871952 ], [ -88.13364, 45.823128 ], [ -88.130434, 45.81002 ], [ -88.072091, 45.780261 ], [ -87.991447, 45.795393 ], [ -87.868111, 45.749477 ], [ -87.780808, 45.680349 ], [ -87.823672, 45.659817 ], [ -87.792016, 45.616756 ], [ -87.792769, 45.499967 ], [ -87.860432, 45.423504 ], [ -87.888052, 45.354697 ], [ -87.850133, 45.340435 ], [ -87.751452, 45.351755 ], [ -87.693956, 45.389893 ], [ -87.657349, 45.368752 ], [ -87.648126, 45.339396 ], [ -87.741732, 45.198201 ], [ -87.731389, 45.170989 ], [ -87.659952, 45.107512 ], [ -87.587147, 45.089495 ], [ -87.625748, 45.045157 ], [ -87.630298, 44.976865 ], [ -87.766872, 44.965254 ], [ -87.839028, 44.931718 ], [ -87.832764, 44.880939 ], [ -87.866237, 44.840481 ], [ -87.901137, 44.827365 ], [ -87.941453, 44.75608 ], [ -87.983494, 44.720196 ], [ -88.009766, 44.637081 ], [ -87.998716, 44.609288 ], [ -88.042414, 44.566589 ], [ -88.005518, 44.539216 ], [ -87.929001, 44.535993 ], [ -87.901179, 44.584545 ], [ -87.866884, 44.608434 ], [ -87.756031, 44.649129 ], [ -87.71978, 44.693246 ], [ -87.720889, 44.724548 ], [ -87.610063, 44.838384 ], [ -87.515142, 44.869596 ], [ -87.478489, 44.863572 ], [ -87.437084, 44.892718 ], [ -87.410015, 44.86199 ], [ -87.384821, 44.865532 ], [ -87.405005, 44.911806 ], [ -87.322117, 45.034201 ], [ -87.264877, 45.081361 ], [ -87.238224, 45.167259 ], [ -87.195213, 45.16311 ], [ -87.119972, 45.191103 ], [ -87.108743, 45.257003 ], [ -87.078316, 45.265723 ], [ -87.057627, 45.292838 ], [ -86.994112, 45.298061 ], [ -86.970355, 45.278455 ], [ -86.984398, 45.264366 ], [ -86.973022, 45.246399 ], [ -86.985973, 45.215872 ], [ -87.032546, 45.222274 ], [ -87.040909, 45.211535 ], [ -87.045225, 45.158401 ], [ -87.028847, 45.14637 ], [ -87.054342, 45.119968 ], [ -87.048213, 45.089124 ], [ -87.081866, 45.059103 ], [ -87.121156, 45.058311 ], [ -87.139384, 45.012565 ], [ -87.163529, 45.00489 ], [ -87.189407, 44.968632 ], [ -87.1717, 44.931476 ], [ -87.215977, 44.906597 ], [ -87.204545, 44.875593 ], [ -87.267441, 44.846851 ], [ -87.313751, 44.793766 ], [ -87.353789, 44.701915 ], [ -87.468093, 44.551925 ], [ -87.545382, 44.321385 ], [ -87.508419, 44.229669 ], [ -87.512903, 44.192808 ], [ -87.563181, 44.144195 ], [ -87.646583, 44.104694 ], [ -87.656083, 44.051794 ], [ -87.683361, 44.020139 ], [ -87.736178, 43.880421 ], [ -87.726407, 43.810445 ], [ -87.700251, 43.76735 ], [ -87.702685, 43.687596 ], [ -87.790135, 43.563054 ], [ -87.793239, 43.492783 ], [ -87.872504, 43.380178 ], [ -87.911787, 43.250406 ], [ -87.881085, 43.170609 ], [ -87.900485, 43.12591 ], [ -87.866484, 43.074412 ], [ -87.895084, 43.042313 ], [ -87.895784, 43.015814 ], [ -87.845181, 42.962015 ], [ -87.84778, 42.889216 ], [ -87.823278, 42.835318 ], [ -87.766675, 42.784896 ], [ -87.819674, 42.61582 ], [ -87.800477, 42.49192 ], [ -90.640927, 42.508302 ], [ -90.645627, 42.5441 ], [ -90.709204, 42.636078 ], [ -90.949213, 42.685573 ], [ -91.053733, 42.738238 ], [ -91.100565, 42.883078 ] ] ], [ [ [ -90.602552, 46.872706 ], [ -90.568874, 46.847252 ], [ -90.683356, 46.813275 ], [ -90.657179, 46.7888 ], [ -90.716456, 46.785418 ], [ -90.788515, 46.753313 ], [ -90.790231, 46.786103 ], [ -90.733001, 46.800219 ], [ -90.602552, 46.872706 ] ] ], [ [ [ -90.64412, 46.908373 ], [ -90.654805, 46.919259 ], [ -90.634507, 46.942944 ], [ -90.528804, 46.968497 ], [ -90.508157, 46.956836 ], [ -90.549104, 46.915461 ], [ -90.64412, 46.908373 ] ] ], [ [ [ -90.455502, 47.051331 ], [ -90.437271, 47.073483 ], [ -90.39383, 47.075941 ], [ -90.413428, 47.01317 ], [ -90.464079, 46.994636 ], [ -90.455502, 47.051331 ] ] ], [ [ [ -87.497254, 45.061278 ], [ -87.490151, 45.055039 ], [ -87.506184, 45.059565 ], [ -87.497254, 45.061278 ] ] ], [ [ [ -86.934724, 45.421123 ], [ -86.853145, 45.405547 ], [ -86.830353, 45.410852 ], [ -86.828661, 45.428539 ], [ -86.805868, 45.412903 ], [ -86.863563, 45.364888 ], [ -86.869041, 45.333223 ], [ -86.895055, 45.329035 ], [ -86.899891, 45.295185 ], [ -86.956129, 45.342267 ], [ -86.934724, 45.421123 ] ] ] ] } },
{ "type": "Feature", "properties": { "fips": "56" }, "geometry": { "type": "Polygon", "coordinates": [ [ [ -104.053249, 41.001406 ], [ -111.046723, 40.997959 ], [ -111.056888, 44.866658 ], [ -111.044275, 45.001345 ], [ -104.057698, 44.997431 ], [ -104.053249, 41.001406 ] ] ] } },
{ "type": "Feature", "properties": { "fips": "72" }, "geometry": { "type": "MultiPolygon", "coordinates": [ [ [ [ -66.899639, 17.948298 ], [ -66.928651, 17.970204 ], [ -66.909359, 17.94988 ], [ -66.930313, 17.943389 ], [ -66.927261, 17.926875 ], [ -66.980516, 17.951648 ], [ -66.987287, 17.970663 ], [ -67.062478, 17.973819 ], [ -67.109985, 17.945806 ], [ -67.178566, 17.964792 ], [ -67.183457, 17.931135 ], [ -67.212101, 17.956027 ], [ -67.211973, 17.992993 ], [ -67.172397, 18.014906 ], [ -67.209887, 18.035439 ], [ -67.183938, 18.069914 ], [ -67.199314, 18.091135 ], [ -67.182182, 18.108507 ], [ -67.180822, 18.168055 ], [ -67.152665, 18.203493 ], [ -67.196056, 18.290443 ], [ -67.235137, 18.299935 ], [ -67.27135, 18.362329 ], [ -67.156599, 18.418983 ], [ -67.169016, 18.478488 ], [ -67.138249, 18.507776 ], [ -67.020276, 18.510603 ], [ -66.906872, 18.483556 ], [ -66.780311, 18.491411 ], [ -66.710743, 18.472611 ], [ -66.624618, 18.494199 ], [ -66.456486, 18.46892 ], [ -66.439961, 18.485525 ], [ -66.394287, 18.489748 ], [ -66.269799, 18.480281 ], [ -66.172315, 18.451462 ], [ -66.139451, 18.462387 ], [ -66.127938, 18.444632 ], [ -66.125015, 18.470435 ], [ -66.023221, 18.443875 ], [ -65.99079, 18.460419 ], [ -65.838825, 18.431865 ], [ -65.794556, 18.402845 ], [ -65.77053, 18.41294 ], [ -65.750455, 18.385208 ], [ -65.699069, 18.368156 ], [ -65.668845, 18.361939 ], [ -65.614891, 18.382473 ], [ -65.635826, 18.288271 ], [ -65.623111, 18.248012 ], [ -65.589947, 18.228225 ], [ -65.626731, 18.235484 ], [ -65.635281, 18.199975 ], [ -65.664127, 18.207136 ], [ -65.690749, 18.19499 ], [ -65.691021, 18.178998 ], [ -65.728471, 18.185588 ], [ -65.766919, 18.148424 ], [ -65.801831, 18.058527 ], [ -65.83109, 18.050664 ], [ -65.832429, 18.014916 ], [ -65.884937, 17.988521 ], [ -65.976611, 17.967669 ], [ -66.017308, 17.979583 ], [ -66.049033, 17.954561 ], [ -66.08141, 17.966552 ], [ -66.159742, 17.928613 ], [ -66.206961, 17.932268 ], [ -66.213374, 17.944614 ], [ -66.174839, 17.948214 ], [ -66.206807, 17.963307 ], [ -66.232013, 17.931154 ], [ -66.260684, 17.936083 ], [ -66.323659, 17.978536 ], [ -66.362511, 17.968231 ], [ -66.385059, 17.939004 ], [ -66.461342, 17.990273 ], [ -66.583233, 17.961229 ], [ -66.631944, 17.982746 ], [ -66.672819, 17.966451 ], [ -66.764491, 18.006317 ], [ -66.799656, 17.99245 ], [ -66.806903, 17.976046 ], [ -66.787245, 17.972914 ], [ -66.8224, 17.954499 ], [ -66.899639, 17.948298 ] ] ], [ [ [ -67.843615, 18.085099 ], [ -67.895921, 18.052342 ], [ -67.940799, 18.079716 ], [ -67.934479, 18.111306 ], [ -67.91088, 18.119668 ], [ -67.861548, 18.122144 ], [ -67.843615, 18.085099 ] ] ], [ [ [ -67.954119, 18.154576 ], [ -67.949873, 18.157015 ], [ -67.950099, 18.154235 ], [ -67.954119, 18.154576 ] ] ], [ [ [ -67.477922, 18.390544 ], [ -67.485499, 18.382224 ], [ -67.489346, 18.387441 ], [ -67.477922, 18.390544 ] ] ], [ [ [ -66.528572, 17.884813 ], [ -66.513454, 17.902857 ], [ -66.509783, 17.900466 ], [ -66.528572, 17.884813 ] ] ], [ [ [ -65.283248, 18.132999 ], [ -65.45138, 18.086096 ], [ -65.47979, 18.096352 ], [ -65.542087, 18.081177 ], [ -65.57686, 18.103224 ], [ -65.575579, 18.115669 ], [ -65.399517, 18.161935 ], [ -65.287962, 18.148097 ], [ -65.283248, 18.132999 ] ] ], [ [ [ -65.599627, 18.255699 ], [ -65.582967, 18.246749 ], [ -65.598153, 18.247595 ], [ -65.599627, 18.255699 ] ] ], [ [ [ -65.30169, 18.300126 ], [ -65.280764, 18.288274 ], [ -65.287257, 18.277744 ], [ -65.30169, 18.300126 ] ] ], [ [ [ -65.3277, 18.295843 ], [ -65.337451, 18.308308 ], [ -65.330188, 18.315998 ], [ -65.3277, 18.295843 ] ] ], [ [ [ -65.231933, 18.320339 ], [ -65.22111, 18.311984 ], [ -65.230025, 18.311274 ], [ -65.231933, 18.320339 ] ] ], [ [ [ -65.342068, 18.34529 ], [ -65.277319, 18.332582 ], [ -65.244424, 18.303493 ], [ -65.263937, 18.290685 ], [ -65.280502, 18.306202 ], [ -65.307027, 18.301636 ], [ -65.342068, 18.34529 ] ] ], [ [ [ -65.259612, 18.334147 ], [ -65.255933, 18.342117 ], [ -65.245756, 18.334707 ], [ -65.259612, 18.334147 ] ] ], [ [ [ -65.571523, 18.351635 ], [ -65.565072, 18.347499 ], [ -65.567951, 18.343341 ], [ -65.571523, 18.351635 ] ] ], [ [ [ -65.566355, 18.378212 ], [ -65.572248, 18.381757 ], [ -65.568979, 18.382125 ], [ -65.566355, 18.378212 ] ] ], [ [ [ -65.587335, 18.381994 ], [ -65.589332, 18.390516 ], [ -65.583571, 18.383751 ], [ -65.587335, 18.381994 ] ] ] ] } }
]
}
