fips,state,state_abbr,region,year,disease,age_group,cases,rate,population
01,Alabama,AL,South,2023,Chlamydia,15-19,7708,2235.0,344877
01,Alabama,AL,South,2023,Chlamydia,20-24,10201,2993.9,340726
01,Alabama,AL,South,2023,Chlamydia,25-29,4632,1448.7,319735
01,Alabama,AL,South,2023,Gonorrhea,15-19,2052,595.0,344877
01,Alabama,AL,South,2023,Gonorrhea,20-24,3143,922.5,340726
01,Alabama,AL,South,2023,Gonorrhea,25-29,1867,583.9,319735
01,Alabama,AL,South,2023,P&S Syphilis,15-19,66,19.1,344877
01,Alabama,AL,South,2023,P&S Syphilis,20-24,232,68.1,340726
01,Alabama,AL,South,2023,P&S Syphilis,25-29,273,85.4,319735
02,Alaska,AK,West,2023,Chlamydia,15-19,941,2051.3,45873
02,Alaska,AK,West,2023,Chlamydia,20-24,1525,3060.0,49837
02,Alaska,AK,West,2023,Chlamydia,25-29,941,1765.6,53296
02,Alaska,AK,West,2023,Gonorrhea,15-19,213,464.3,45873
02,Alaska,AK,West,2023,Gonorrhea,20-24,457,917.0,49837
02,Alaska,AK,West,2023,Gonorrhea,25-29,418,784.3,53296
02,Alaska,AK,West,2023,P&S Syphilis,15-19,8,17.4,45873
02,Alaska,AK,West,2023,P&S Syphilis,20-24,16,32.1,49837
02,Alaska,AK,West,2023,P&S Syphilis,25-29,16,30.0,53296
04,Arizona,AZ,West,2023,Chlamydia,15-19,8482,1707.7,496691
04,Arizona,AZ,West,2023,Chlamydia,20-24,13743,2720.7,505127
04,Arizona,AZ,West,2023,Chlamydia,25-29,7942,1563.0,508125
04,Arizona,AZ,West,2023,Gonorrhea,15-19,1689,340.1,496691
04,Arizona,AZ,West,2023,Gonorrhea,20-24,3228,639.0,505127
04,Arizona,AZ,West,2023,Gonorrhea,25-29,2769,545.0,508125
04,Arizona,AZ,West,2023,P&S Syphilis,15-19,72,14.5,496691
04,Arizona,AZ,West,2023,P&S Syphilis,20-24,229,45.3,505127
04,Arizona,AZ,West,2023,P&S Syphilis,25-29,307,60.4,508125
05,Arkansas,AR,South,2023,Chlamydia,15-19,5361,2557.0,209660
05,Arkansas,AR,South,2023,Chlamydia,20-24,6225,3035.7,205060
05,Arkansas,AR,South,2023,Chlamydia,25-29,2961,1515.4,195394
05,Arkansas,AR,South,2023,Gonorrhea,15-19,1242,592.4,209660
05,Arkansas,AR,South,2023,Gonorrhea,20-24,1707,832.4,205060
05,Arkansas,AR,South,2023,Gonorrhea,25-29,1077,551.2,195394
05,Arkansas,AR,South,2023,P&S Syphilis,15-19,42,20.0,209660
05,Arkansas,AR,South,2023,P&S Syphilis,20-24,126,61.4,205060
05,Arkansas,AR,South,2023,P&S Syphilis,25-29,152,77.8,195394
06,California,CA,West,2023,Chlamydia,15-19,28627,1097.5,2608383
06,California,CA,West,2023,Chlamydia,20-24,60181,2385.4,2522889
06,California,CA,West,2023,Chlamydia,25-29,39424,1463.8,2693264
06,California,CA,West,2023,Gonorrhea,15-19,5269,202.0,2608383
06,California,CA,West,2023,Gonorrhea,20-24,13572,538.0,2522889
06,California,CA,West,2023,Gonorrhea,25-29,14945,554.9,2693264
06,California,CA,West,2023,P&S Syphilis,15-19,209,8.0,2608383
06,California,CA,West,2023,P&S Syphilis,20-24,738,29.3,2522889
06,California,CA,West,2023,P&S Syphilis,25-29,1087,40.4,2693264
08,Colorado,CO,West,2023,Chlamydia,15-19,5306,1401.3,378648
08,Colorado,CO,West,2023,Chlamydia,20-24,8346,2158.8,386604
08,Colorado,CO,West,2023,Chlamydia,25-29,4892,1098.6,445294
08,Colorado,CO,West,2023,Gonorrhea,15-19,754,199.1,378648
08,Colorado,CO,West,2023,Gonorrhea,20-24,1418,366.8,386604
08,Colorado,CO,West,2023,Gonorrhea,25-29,1506,338.2,445294
08,Colorado,CO,West,2023,P&S Syphilis,15-19,31,8.2,378648
08,Colorado,CO,West,2023,P&S Syphilis,20-24,87,22.5,386604
08,Colorado,CO,West,2023,P&S Syphilis,25-29,150,33.7,445294
09,Connecticut,CT,Northeast,2023,Chlamydia,15-19,3167,1326.8,238695
09,Connecticut,CT,Northeast,2023,Chlamydia,20-24,4603,1954.4,235520
09,Connecticut,CT,Northeast,2023,Chlamydia,25-29,2445,1107.1,220847
09,Connecticut,CT,Northeast,2023,Gonorrhea,15-19,620,259.7,238695
09,Connecticut,CT,Northeast,2023,Gonorrhea,20-24,1007,427.6,235520
09,Connecticut,CT,Northeast,2023,Gonorrhea,25-29,789,357.3,220847
09,Connecticut,CT,Northeast,2023,P&S Syphilis,15-19,9,3.8,238695
09,Connecticut,CT,Northeast,2023,P&S Syphilis,20-24,42,17.8,235520
09,Connecticut,CT,Northeast,2023,P&S Syphilis,25-29,52,23.5,220847
10,Delaware,DE,South,2023,Chlamydia,15-19,1700,2593.9,65538
10,Delaware,DE,South,2023,Chlamydia,20-24,1946,3235.2,60151
10,Delaware,DE,South,2023,Chlamydia,25-29,967,1619.7,59702
10,Delaware,DE,South,2023,Gonorrhea,15-19,240,366.2,65538
10,Delaware,DE,South,2023,Gonorrhea,20-24,429,713.2,60151
10,Delaware,DE,South,2023,Gonorrhea,25-29,279,467.3,59702
10,Delaware,DE,South,2023,P&S Syphilis,15-19,4,6.1,65538
10,Delaware,DE,South,2023,P&S Syphilis,20-24,26,43.2,60151
10,Delaware,DE,South,2023,P&S Syphilis,25-29,27,45.2,59702
11,District of Columbia,DC,South,2023,Chlamydia,15-19,1577,4179.5,37732
11,District of Columbia,DC,South,2023,Chlamydia,20-24,2048,4297.0,47661
11,District of Columbia,DC,South,2023,Chlamydia,25-29,1731,2416.9,71621
11,District of Columbia,DC,South,2023,Gonorrhea,15-19,632,1675.0,37732
11,District of Columbia,DC,South,2023,Gonorrhea,20-24,991,2079.3,47661
11,District of Columbia,DC,South,2023,Gonorrhea,25-29,1299,1813.7,71621
11,District of Columbia,DC,South,2023,P&S Syphilis,15-19,7,18.6,37732
11,District of Columbia,DC,South,2023,P&S Syphilis,20-24,24,50.4,47661
11,District of Columbia,DC,South,2023,P&S Syphilis,25-29,42,58.6,71621
12,Florida,FL,South,2023,Chlamydia,15-19,26257,2001.5,1311866
12,Florida,FL,South,2023,Chlamydia,20-24,36887,2833.1,1302001
12,Florida,FL,South,2023,Chlamydia,25-29,20532,1523.0,1348129
12,Florida,FL,South,2023,Gonorrhea,15-19,7008,534.2,1311866
12,Florida,FL,South,2023,Gonorrhea,20-24,10899,837.1,1302001
12,Florida,FL,South,2023,Gonorrhea,25-29,8655,642.0,1348129
12,Florida,FL,South,2023,P&S Syphilis,15-19,207,15.8,1311866
12,Florida,FL,South,2023,P&S Syphilis,20-24,650,49.9,1302001
12,Florida,FL,South,2023,P&S Syphilis,25-29,716,53.1,1348129
13,Georgia,GA,South,2023,Chlamydia,15-19,19817,2560.8,773860
13,Georgia,GA,South,2023,Chlamydia,20-24,24005,3211.9,747377
13,Georgia,GA,South,2023,Chlamydia,25-29,12236,1654.3,739648
13,Georgia,GA,South,2023,Gonorrhea,15-19,5827,753.0,773860
13,Georgia,GA,South,2023,Gonorrhea,20-24,8248,1103.6,747377
13,Georgia,GA,South,2023,Gonorrhea,25-29,5867,793.2,739648
13,Georgia,GA,South,2023,P&S Syphilis,15-19,98,12.7,773860
13,Georgia,GA,South,2023,P&S Syphilis,20-24,335,44.8,747377
13,Georgia,GA,South,2023,P&S Syphilis,25-29,403,54.5,739648
15,Hawaii,HI,West,2023,Chlamydia,15-19,956,1226.8,77926
15,Hawaii,HI,West,2023,Chlamydia,20-24,2064,2412.6,85551
15,Hawaii,HI,West,2023,Chlamydia,25-29,1268,1430.8,88622
15,Hawaii,HI,West,2023,Gonorrhea,15-19,116,148.9,77926
15,Hawaii,HI,West,2023,Gonorrhea,20-24,328,383.4,85551
15,Hawaii,HI,West,2023,Gonorrhea,25-29,346,390.4,88622
15,Hawaii,HI,West,2023,P&S Syphilis,15-19,2,2.6,77926
15,Hawaii,HI,West,2023,P&S Syphilis,20-24,21,24.5,85551
15,Hawaii,HI,West,2023,P&S Syphilis,25-29,24,27.1,88622
16,Idaho,ID,West,2023,Chlamydia,15-19,1487,984.9,150980
16,Idaho,ID,West,2023,Chlamydia,20-24,2157,1645.4,131093
16,Idaho,ID,West,2023,Chlamydia,25-29,951,757.9,125478
16,Idaho,ID,West,2023,Gonorrhea,15-19,59,39.1,150980
16,Idaho,ID,West,2023,Gonorrhea,20-24,193,147.2,131093
16,Idaho,ID,West,2023,Gonorrhea,25-29,142,113.2,125478
16,Idaho,ID,West,2023,P&S Syphilis,15-19,2,1.3,150980
16,Idaho,ID,West,2023,P&S Syphilis,20-24,8,6.1,131093
16,Idaho,ID,West,2023,P&S Syphilis,25-29,9,7.2,125478
17,Illinois,IL,Midwest,2023,Chlamydia,15-19,15986,1922.5,831521
17,Illinois,IL,Midwest,2023,Chlamydia,20-24,23478,2875.9,816371
17,Illinois,IL,Midwest,2023,Chlamydia,25-29,13558,1639.8,826808
17,Illinois,IL,Midwest,2023,Gonorrhea,15-19,4388,527.7,831521
17,Illinois,IL,Midwest,2023,Gonorrhea,20-24,6142,752.4,816371
17,Illinois,IL,Midwest,2023,Gonorrhea,25-29,5008,605.7,826808
17,Illinois,IL,Midwest,2023,P&S Syphilis,15-19,65,7.8,831521
17,Illinois,IL,Midwest,2023,P&S Syphilis,20-24,195,23.9,816371
17,Illinois,IL,Midwest,2023,P&S Syphilis,25-29,258,31.2,826808
18,Indiana,IN,Midwest,2023,Chlamydia,15-19,8884,1875.9,473586
18,Indiana,IN,Midwest,2023,Chlamydia,20-24,11871,2489.7,476804
18,Indiana,IN,Midwest,2023,Chlamydia,25-29,5777,1306.4,442208
18,Indiana,IN,Midwest,2023,Gonorrhea,15-19,1748,369.1,473586
18,Indiana,IN,Midwest,2023,Gonorrhea,20-24,2608,547.0,476804
18,Indiana,IN,Midwest,2023,Gonorrhea,25-29,1812,409.8,442208
18,Indiana,IN,Midwest,2023,P&S Syphilis,15-19,12,2.5,473586
18,Indiana,IN,Midwest,2023,P&S Syphilis,20-24,84,17.6,476804
18,Indiana,IN,Midwest,2023,P&S Syphilis,25-29,96,21.7,442208
19,Iowa,IA,Midwest,2023,Chlamydia,15-19,3486,1538.1,226643
19,Iowa,IA,Midwest,2023,Chlamydia,20-24,4963,2186.7,226963
19,Iowa,IA,Midwest,2023,Chlamydia,25-29,2282,1153.3,197867
19,Iowa,IA,Midwest,2023,Gonorrhea,15-19,635,280.2,226643
19,Iowa,IA,Midwest,2023,Gonorrhea,20-24,842,371.0,226963
19,Iowa,IA,Midwest,2023,Gonorrhea,25-29,685,346.2,197867
19,Iowa,IA,Midwest,2023,P&S Syphilis,15-19,12,5.3,226643
19,Iowa,IA,Midwest,2023,P&S Syphilis,20-24,37,16.3,226963
19,Iowa,IA,Midwest,2023,P&S Syphilis,25-29,55,27.8,197867
20,Kansas,KS,Midwest,2023,Chlamydia,15-19,3572,1696.3,210576
20,Kansas,KS,Midwest,2023,Chlamydia,20-24,4959,2297.2,215871
20,Kansas,KS,Midwest,2023,Chlamydia,25-29,2167,1156.3,187408
20,Kansas,KS,Midwest,2023,Gonorrhea,15-19,781,370.9,210576
20,Kansas,KS,Midwest,2023,Gonorrhea,20-24,1193,552.6,215871
20,Kansas,KS,Midwest,2023,Gonorrhea,25-29,735,392.2,187408
20,Kansas,KS,Midwest,2023,P&S Syphilis,15-19,16,7.6,210576
20,Kansas,KS,Midwest,2023,P&S Syphilis,20-24,51,23.6,215871
20,Kansas,KS,Midwest,2023,P&S Syphilis,25-29,57,30.4,187408
21,Kentucky,KY,South,2023,Chlamydia,15-19,4458,1514.3,294393
21,Kentucky,KY,South,2023,Chlamydia,20-24,6032,2033.6,296617
21,Kentucky,KY,South,2023,Chlamydia,25-29,2844,976.7,291185
21,Kentucky,KY,South,2023,Gonorrhea,15-19,934,317.3,294393
21,Kentucky,KY,South,2023,Gonorrhea,20-24,1592,536.7,296617
21,Kentucky,KY,South,2023,Gonorrhea,25-29,1065,365.7,291185
21,Kentucky,KY,South,2023,P&S Syphilis,15-19,17,5.8,294393
21,Kentucky,KY,South,2023,P&S Syphilis,20-24,58,19.6,296617
21,Kentucky,KY,South,2023,P&S Syphilis,25-29,100,34.3,291185
22,Louisiana,LA,South,2023,Chlamydia,15-19,11320,3683.8,307291
22,Louisiana,LA,South,2023,Chlamydia,20-24,12520,4173.9,299959
22,Louisiana,LA,South,2023,Chlamydia,25-29,5755,2017.5,285254
22,Louisiana,LA,South,2023,Gonorrhea,15-19,3188,1037.4,307291
22,Louisiana,LA,South,2023,Gonorrhea,20-24,3931,1310.5,299959
22,Louisiana,LA,South,2023,Gonorrhea,25-29,2256,790.9,285254
22,Louisiana,LA,South,2023,P&S Syphilis,15-19,67,21.8,307291
22,Louisiana,LA,South,2023,P&S Syphilis,20-24,209,69.7,299959
22,Louisiana,LA,South,2023,P&S Syphilis,25-29,233,81.7,285254
23,Maine,ME,Northeast,2023,Chlamydia,15-19,294,362.2,81171
23,Maine,ME,Northeast,2023,Chlamydia,20-24,425,551.7,77035
23,Maine,ME,Northeast,2023,Chlamydia,25-29,173,217.2,79650
23,Maine,ME,Northeast,2023,Gonorrhea,15-19,44,54.2,81171
23,Maine,ME,Northeast,2023,Gonorrhea,20-24,122,158.4,77035
23,Maine,ME,Northeast,2023,Gonorrhea,25-29,96,120.5,79650
23,Maine,ME,Northeast,2023,P&S Syphilis,15-19,1,1.2,81171
23,Maine,ME,Northeast,2023,P&S Syphilis,20-24,5,6.5,77035
23,Maine,ME,Northeast,2023,P&S Syphilis,25-29,8,10.0,79650
24,Maryland,MD,South,2023,Chlamydia,15-19,3879,973.1,398623
24,Maryland,MD,South,2023,Chlamydia,20-24,4877,1330.0,366692
24,Maryland,MD,South,2023,Chlamydia,25-29,2587,684.8,377775
24,Maryland,MD,South,2023,Gonorrhea,15-19,1727,433.2,398623
24,Maryland,MD,South,2023,Gonorrhea,20-24,2289,624.2,366692
24,Maryland,MD,South,2023,Gonorrhea,25-29,1490,394.4,377775
24,Maryland,MD,South,2023,P&S Syphilis,15-19,28,7.0,398623
24,Maryland,MD,South,2023,P&S Syphilis,20-24,128,34.9,366692
24,Maryland,MD,South,2023,P&S Syphilis,25-29,142,37.6,377775
25,Massachusetts,MA,Northeast,2023,Chlamydia,15-19,6215,1374.5,452164
25,Massachusetts,MA,Northeast,2023,Chlamydia,20-24,9880,2062.8,478961
25,Massachusetts,MA,Northeast,2023,Chlamydia,25-29,5454,1141.5,477792
25,Massachusetts,MA,Northeast,2023,Gonorrhea,15-19,1206,266.7,452164
25,Massachusetts,MA,Northeast,2023,Gonorrhea,20-24,2246,468.9,478961
25,Massachusetts,MA,Northeast,2023,Gonorrhea,25-29,1981,414.6,477792
25,Massachusetts,MA,Northeast,2023,P&S Syphilis,15-19,22,4.9,452164
25,Massachusetts,MA,Northeast,2023,P&S Syphilis,20-24,79,16.5,478961
25,Massachusetts,MA,Northeast,2023,P&S Syphilis,25-29,135,28.3,477792
26,Michigan,MI,Midwest,2023,Chlamydia,15-19,11707,1809.1,647117
26,Michigan,MI,Midwest,2023,Chlamydia,20-24,14951,2242.3,666771
26,Michigan,MI,Midwest,2023,Chlamydia,25-29,7330,1148.0,638502
26,Michigan,MI,Midwest,2023,Gonorrhea,15-19,3178,491.1,647117
26,Michigan,MI,Midwest,2023,Gonorrhea,20-24,3975,596.2,666771
26,Michigan,MI,Midwest,2023,Gonorrhea,25-29,2782,435.7,638502
26,Michigan,MI,Midwest,2023,P&S Syphilis,15-19,32,4.9,647117
26,Michigan,MI,Midwest,2023,P&S Syphilis,20-24,112,16.8,666771
26,Michigan,MI,Midwest,2023,P&S Syphilis,25-29,167,26.2,638502
27,Minnesota,MN,Midwest,2023,Chlamydia,15-19,5409,1406.9,384462
27,Minnesota,MN,Midwest,2023,Chlamydia,20-24,7438,2072.0,358977
27,Minnesota,MN,Midwest,2023,Chlamydia,25-29,3635,1017.4,357283
27,Minnesota,MN,Midwest,2023,Gonorrhea,15-19,1183,307.7,384462
27,Minnesota,MN,Midwest,2023,Gonorrhea,20-24,1789,498.4,358977
27,Minnesota,MN,Midwest,2023,Gonorrhea,25-29,1387,388.2,357283
27,Minnesota,MN,Midwest,2023,P&S Syphilis,15-19,24,6.2,384462
27,Minnesota,MN,Midwest,2023,P&S Syphilis,20-24,57,15.9,358977
27,Minnesota,MN,Midwest,2023,P&S Syphilis,25-29,63,17.6,357283
28,Mississippi,MS,South,2023,Chlamydia,15-19,6819,3210.0,212430
28,Mississippi,MS,South,2023,Chlamydia,20-24,7304,3636.0,200880
28,Mississippi,MS,South,2023,Chlamydia,25-29,3114,1705.7,182564
28,Mississippi,MS,South,2023,Gonorrhea,15-19,1916,901.9,212430
28,Mississippi,MS,South,2023,Gonorrhea,20-24,2377,1183.3,200880
28,Mississippi,MS,South,2023,Gonorrhea,25-29,1220,668.2,182564
28,Mississippi,MS,South,2023,P&S Syphilis,15-19,64,30.1,212430
28,Mississippi,MS,South,2023,P&S Syphilis,20-24,142,70.7,200880
28,Mississippi,MS,South,2023,P&S Syphilis,25-29,160,87.6,182564
29,Missouri,MO,Midwest,2023,Chlamydia,15-19,8854,2164.8,408999
29,Missouri,MO,Midwest,2023,Chlamydia,20-24,10394,2559.9,406031
29,Missouri,MO,Midwest,2023,Chlamydia,25-29,5149,1302.6,395286
29,Missouri,MO,Midwest,2023,Gonorrhea,15-19,2475,605.1,408999
29,Missouri,MO,Midwest,2023,Gonorrhea,20-24,3205,789.3,406031
29,Missouri,MO,Midwest,2023,Gonorrhea,25-29,2123,537.1,395286
29,Missouri,MO,Midwest,2023,P&S Syphilis,15-19,52,12.7,408999
29,Missouri,MO,Midwest,2023,P&S Syphilis,20-24,147,36.2,406031
29,Missouri,MO,Midwest,2023,P&S Syphilis,25-29,224,56.7,395286
30,Montana,MT,West,2023,Chlamydia,15-19,964,1365.3,70607
30,Montana,MT,West,2023,Chlamydia,20-24,1283,1710.2,75020
30,Montana,MT,West,2023,Chlamydia,25-29,565,783.1,72149
30,Montana,MT,West,2023,Gonorrhea,15-19,97,137.4,70607
30,Montana,MT,West,2023,Gonorrhea,20-24,154,205.3,75020
30,Montana,MT,West,2023,Gonorrhea,25-29,131,181.6,72149
30,Montana,MT,West,2023,P&S Syphilis,15-19,22,31.2,70607
30,Montana,MT,West,2023,P&S Syphilis,20-24,43,57.3,75020
30,Montana,MT,West,2023,P&S Syphilis,25-29,43,59.6,72149
31,Nebraska,NE,Midwest,2023,Chlamydia,15-19,2507,1776.0,141160
31,Nebraska,NE,Midwest,2023,Chlamydia,20-24,3387,2426.9,139561
31,Nebraska,NE,Midwest,2023,Chlamydia,25-29,1523,1211.7,125691
31,Nebraska,NE,Midwest,2023,Gonorrhea,15-19,361,255.7,141160
31,Nebraska,NE,Midwest,2023,Gonorrhea,20-24,575,412.0,139561
31,Nebraska,NE,Midwest,2023,Gonorrhea,25-29,402,319.8,125691
31,Nebraska,NE,Midwest,2023,P&S Syphilis,15-19,6,4.3,141160
31,Nebraska,NE,Midwest,2023,P&S Syphilis,20-24,21,15.0,139561
31,Nebraska,NE,Midwest,2023,P&S Syphilis,25-29,42,33.4,125691
32,Nevada,NV,West,2023,Chlamydia,15-19,2829,1445.2,195751
32,Nevada,NV,West,2023,Chlamydia,20-24,4883,2641.0,184892
32,Nevada,NV,West,2023,Chlamydia,25-29,3110,1434.2,216846
32,Nevada,NV,West,2023,Gonorrhea,15-19,788,402.5,195751
32,Nevada,NV,West,2023,Gonorrhea,20-24,1341,725.3,184892
32,Nevada,NV,West,2023,Gonorrhea,25-29,1189,548.3,216846
32,Nevada,NV,West,2023,P&S Syphilis,15-19,19,9.7,195751
32,Nevada,NV,West,2023,P&S Syphilis,20-24,88,47.6,184892
32,Nevada,NV,West,2023,P&S Syphilis,25-29,121,55.8,216846
33,New Hampshire,NH,Northeast,2023,Chlamydia,15-19,638,767.4,83138
33,New Hampshire,NH,Northeast,2023,Chlamydia,20-24,1070,1256.3,85171
33,New Hampshire,NH,Northeast,2023,Chlamydia,25-29,448,526.0,85171
33,New Hampshire,NH,Northeast,2023,Gonorrhea,15-19,77,92.6,83138
33,New Hampshire,NH,Northeast,2023,Gonorrhea,20-24,138,162.0,85171
33,New Hampshire,NH,Northeast,2023,Gonorrhea,25-29,114,133.8,85171
33,New Hampshire,NH,Northeast,2023,P&S Syphilis,15-19,1,1.2,83138
33,New Hampshire,NH,Northeast,2023,P&S Syphilis,20-24,7,8.2,85171
33,New Hampshire,NH,Northeast,2023,P&S Syphilis,25-29,9,10.6,85171
34,New Jersey,NJ,Northeast,2023,Chlamydia,15-19,8267,1411.1,585855
34,New Jersey,NJ,Northeast,2023,Chlamydia,20-24,12328,2231.9,552354
34,New Jersey,NJ,Northeast,2023,Chlamydia,25-29,6708,1173.3,571721
34,New Jersey,NJ,Northeast,2023,Gonorrhea,15-19,1743,297.5,585855
34,New Jersey,NJ,Northeast,2023,Gonorrhea,20-24,2722,492.8,552354
34,New Jersey,NJ,Northeast,2023,Gonorrhea,25-29,1922,336.2,571721
34,New Jersey,NJ,Northeast,2023,P&S Syphilis,15-19,32,5.5,585855
34,New Jersey,NJ,Northeast,2023,P&S Syphilis,20-24,115,20.8,552354
34,New Jersey,NJ,Northeast,2023,P&S Syphilis,25-29,129,22.6,571721
35,New Mexico,NM,West,2023,Chlamydia,15-19,2308,1597.6,144467
35,New Mexico,NM,West,2023,Chlamydia,20-24,3593,2510.3,143130
35,New Mexico,NM,West,2023,Chlamydia,25-29,2030,1510.4,134401
35,New Mexico,NM,West,2023,Gonorrhea,15-19,372,257.5,144467
35,New Mexico,NM,West,2023,Gonorrhea,20-24,724,505.8,143130
35,New Mexico,NM,West,2023,Gonorrhea,25-29,630,468.7,134401
35,New Mexico,NM,West,2023,P&S Syphilis,15-19,23,15.9,144467
35,New Mexico,NM,West,2023,P&S Syphilis,20-24,65,45.4,143130
35,New Mexico,NM,West,2023,P&S Syphilis,25-29,147,109.4,134401
36,New York,NY,Northeast,2023,Chlamydia,15-19,22140,1847.6,1198311
36,New York,NY,Northeast,2023,Chlamydia,20-24,32144,2584.7,1243626
36,New York,NY,Northeast,2023,Chlamydia,25-29,21563,1617.8,1332859
36,New York,NY,Northeast,2023,Gonorrhea,15-19,4562,380.7,1198311
36,New York,NY,Northeast,2023,Gonorrhea,20-24,8474,681.4,1243626
36,New York,NY,Northeast,2023,Gonorrhea,25-29,9516,714.0,1332859
36,New York,NY,Northeast,2023,P&S Syphilis,15-19,96,8.0,1198311
36,New York,NY,Northeast,2023,P&S Syphilis,20-24,340,27.3,1243626
36,New York,NY,Northeast,2023,P&S Syphilis,25-29,508,38.1,1332859
37,North Carolina,NC,South,2023,Chlamydia,15-19,17220,2379.5,723681
37,North Carolina,NC,South,2023,Chlamydia,20-24,23630,3249.7,727144
37,North Carolina,NC,South,2023,Chlamydia,25-29,11426,1618.7,705875
37,North Carolina,NC,South,2023,Gonorrhea,15-19,4747,656.0,723681
37,North Carolina,NC,South,2023,Gonorrhea,20-24,7405,1018.4,727144
37,North Carolina,NC,South,2023,Gonorrhea,25-29,5010,709.8,705875
37,North Carolina,NC,South,2023,P&S Syphilis,15-19,74,10.2,723681
37,North Carolina,NC,South,2023,P&S Syphilis,20-24,345,47.4,727144
37,North Carolina,NC,South,2023,P&S Syphilis,25-29,372,52.7,705875
38,North Dakota,ND,Midwest,2023,Chlamydia,15-19,712,1277.3,55743
38,North Dakota,ND,Midwest,2023,Chlamydia,20-24,1262,2013.9,62664
38,North Dakota,ND,Midwest,2023,Chlamydia,25-29,611,1139.6,53615
38,North Dakota,ND,Midwest,2023,Gonorrhea,15-19,130,233.2,55743
38,North Dakota,ND,Midwest,2023,Gonorrhea,20-24,261,416.5,62664
38,North Dakota,ND,Midwest,2023,Gonorrhea,25-29,227,423.4,53615
38,North Dakota,ND,Midwest,2023,P&S Syphilis,15-19,4,7.2,55743
38,North Dakota,ND,Midwest,2023,P&S Syphilis,20-24,19,30.3,62664
38,North Dakota,ND,Midwest,2023,P&S Syphilis,25-29,22,41.0,53615
39,Ohio,OH,Midwest,2023,Chlamydia,15-19,14839,1932.0,768064
39,Ohio,OH,Midwest,2023,Chlamydia,20-24,18477,2476.0,746244
39,Ohio,OH,Midwest,2023,Chlamydia,25-29,9515,1263.9,752829
39,Ohio,OH,Midwest,2023,Gonorrhea,15-19,3624,471.8,768064
39,Ohio,OH,Midwest,2023,Gonorrhea,20-24,4998,669.7,746244
39,Ohio,OH,Midwest,2023,Gonorrhea,25-29,3691,490.3,752829
39,Ohio,OH,Midwest,2023,P&S Syphilis,15-19,51,6.6,768064
39,Ohio,OH,Midwest,2023,P&S Syphilis,20-24,201,26.9,746244
39,Ohio,OH,Midwest,2023,P&S Syphilis,25-29,268,35.6,752829
40,Oklahoma,OK,South,2023,Chlamydia,15-19,4724,1654.4,285542
40,Oklahoma,OK,South,2023,Chlamydia,20-24,7010,2448.2,286333
40,Oklahoma,OK,South,2023,Chlamydia,25-29,3310,1235.4,267929
40,Oklahoma,OK,South,2023,Gonorrhea,15-19,1049,367.4,285542
40,Oklahoma,OK,South,2023,Gonorrhea,20-24,1780,621.7,286333
40,Oklahoma,OK,South,2023,Gonorrhea,25-29,1211,452.0,267929
40,Oklahoma,OK,South,2023,P&S Syphilis,15-19,26,9.1,285542
40,Oklahoma,OK,South,2023,P&S Syphilis,20-24,135,47.1,286333
40,Oklahoma,OK,South,2023,P&S Syphilis,25-29,175,65.3,267929
41,Oregon,OR,West,2023,Chlamydia,15-19,2806,1100.3,255021
41,Oregon,OR,West,2023,Chlamydia,20-24,4968,1918.3,258979
41,Oregon,OR,West,2023,Chlamydia,25-29,2828,1015.5,278484
41,Oregon,OR,West,2023,Gonorrhea,15-19,283,111.0,255021
41,Oregon,OR,West,2023,Gonorrhea,20-24,775,299.2,258979
41,Oregon,OR,West,2023,Gonorrhea,25-29,908,326.0,278484
41,Oregon,OR,West,2023,P&S Syphilis,15-19,13,5.1,255021
41,Oregon,OR,West,2023,P&S Syphilis,20-24,66,25.5,258979
41,Oregon,OR,West,2023,P&S Syphilis,25-29,114,40.9,278484
42,Pennsylvania,PA,Northeast,2023,Chlamydia,15-19,15139,1796.7,842600
42,Pennsylvania,PA,Northeast,2023,Chlamydia,20-24,18545,2305.3,804451
42,Pennsylvania,PA,Northeast,2023,Chlamydia,25-29,9141,1156.3,790539
42,Pennsylvania,PA,Northeast,2023,Gonorrhea,15-19,3884,460.9,842600
42,Pennsylvania,PA,Northeast,2023,Gonorrhea,20-24,4618,574.1,804451
42,Pennsylvania,PA,Northeast,2023,Gonorrhea,25-29,3322,420.2,790539
42,Pennsylvania,PA,Northeast,2023,P&S Syphilis,15-19,50,5.9,842600
42,Pennsylvania,PA,Northeast,2023,P&S Syphilis,20-24,159,19.8,804451
42,Pennsylvania,PA,Northeast,2023,P&S Syphilis,25-29,203,25.7,790539
44,Rhode Island,RI,Northeast,2023,Chlamydia,15-19,1284,1773.8,72387
44,Rhode Island,RI,Northeast,2023,Chlamydia,20-24,1806,2430.4,74309
44,Rhode Island,RI,Northeast,2023,Chlamydia,25-29,918,1288.4,71251
44,Rhode Island,RI,Northeast,2023,Gonorrhea,15-19,245,338.5,72387
44,Rhode Island,RI,Northeast,2023,Gonorrhea,20-24,392,527.5,74309
44,Rhode Island,RI,Northeast,2023,Gonorrhea,25-29,287,402.8,71251
44,Rhode Island,RI,Northeast,2023,P&S Syphilis,15-19,2,2.8,72387
44,Rhode Island,RI,Northeast,2023,P&S Syphilis,20-24,14,18.8,74309
44,Rhode Island,RI,Northeast,2023,P&S Syphilis,25-29,17,23.9,71251
45,South Carolina,SC,South,2023,Chlamydia,15-19,9551,2690.4,355003
45,South Carolina,SC,South,2023,Chlamydia,20-24,11521,3355.4,343357
45,South Carolina,SC,South,2023,Chlamydia,25-29,5399,1634.8,330254
45,South Carolina,SC,South,2023,Gonorrhea,15-19,2480,698.6,355003
45,South Carolina,SC,South,2023,Gonorrhea,20-24,3523,1026.0,343357
45,South Carolina,SC,South,2023,Gonorrhea,25-29,2174,658.3,330254
45,South Carolina,SC,South,2023,P&S Syphilis,15-19,33,9.3,355003
45,South Carolina,SC,South,2023,P&S Syphilis,20-24,143,41.6,343357
45,South Carolina,SC,South,2023,P&S Syphilis,25-29,180,54.5,330254
46,South Dakota,SD,Midwest,2023,Chlamydia,15-19,1204,1902.3,63292
46,South Dakota,SD,Midwest,2023,Chlamydia,20-24,1501,2458.5,61053
46,South Dakota,SD,Midwest,2023,Chlamydia,25-29,881,1544.6,57037
46,South Dakota,SD,Midwest,2023,Gonorrhea,15-19,324,511.9,63292
46,South Dakota,SD,Midwest,2023,Gonorrhea,20-24,446,730.5,61053
46,South Dakota,SD,Midwest,2023,Gonorrhea,25-29,458,803.0,57037
46,South Dakota,SD,Midwest,2023,P&S Syphilis,15-19,51,80.6,63292
46,South Dakota,SD,Midwest,2023,P&S Syphilis,20-24,102,167.1,61053
46,South Dakota,SD,Midwest,2023,P&S Syphilis,25-29,111,194.6,57037
47,Tennessee,TN,South,2023,Chlamydia,15-19,7663,1677.2,456892
47,Tennessee,TN,South,2023,Chlamydia,20-24,10865,2349.9,462360
47,Tennessee,TN,South,2023,Chlamydia,25-29,5656,1171.3,482882
47,Tennessee,TN,South,2023,Gonorrhea,15-19,2353,515.0,456892
47,Tennessee,TN,South,2023,Gonorrhea,20-24,3759,813.0,462360
47,Tennessee,TN,South,2023,Gonorrhea,25-29,2680,555.0,482882
47,Tennessee,TN,South,2023,P&S Syphilis,15-19,54,11.8,456892
47,Tennessee,TN,South,2023,P&S Syphilis,20-24,164,35.5,462360
47,Tennessee,TN,South,2023,P&S Syphilis,25-29,191,39.6,482882
48,Texas,TX,South,2023,Chlamydia,15-19,35205,1596.5,2205136
48,Texas,TX,South,2023,Chlamydia,20-24,50769,2396.3,2118641
48,Texas,TX,South,2023,Chlamydia,25-29,28296,1316.9,2148683
48,Texas,TX,South,2023,Gonorrhea,15-19,8705,394.8,2205136
48,Texas,TX,South,2023,Gonorrhea,20-24,14365,678.0,2118641
48,Texas,TX,South,2023,Gonorrhea,25-29,10655,495.9,2148683
48,Texas,TX,South,2023,P&S Syphilis,15-19,258,11.7,2205136
48,Texas,TX,South,2023,P&S Syphilis,20-24,797,37.6,2118641
48,Texas,TX,South,2023,P&S Syphilis,25-29,827,38.5,2148683
49,Utah,UT,West,2023,Chlamydia,15-19,2135,755.2,282707
49,Utah,UT,West,2023,Chlamydia,20-24,3953,1353.0,292166
49,Utah,UT,West,2023,Chlamydia,25-29,2095,796.1,263158
49,Utah,UT,West,2023,Gonorrhea,15-19,234,82.8,282707
49,Utah,UT,West,2023,Gonorrhea,20-24,588,201.3,292166
49,Utah,UT,West,2023,Gonorrhea,25-29,519,197.2,263158
49,Utah,UT,West,2023,P&S Syphilis,15-19,8,2.8,282707
49,Utah,UT,West,2023,P&S Syphilis,20-24,55,18.8,292166
49,Utah,UT,West,2023,P&S Syphilis,25-29,63,23.9,263158
50,Vermont,VT,Northeast,2023,Chlamydia,15-19,294,702.9,41827
50,Vermont,VT,Northeast,2023,Chlamydia,20-24,439,1002.9,43773
50,Vermont,VT,Northeast,2023,Chlamydia,25-29,209,569.0,36731
50,Vermont,VT,Northeast,2023,Gonorrhea,15-19,23,55.0,41827
50,Vermont,VT,Northeast,2023,Gonorrhea,20-24,40,91.4,43773
50,Vermont,VT,Northeast,2023,Gonorrhea,25-29,30,81.7,36731
50,Vermont,VT,Northeast,2023,P&S Syphilis,15-19,1,2.4,41827
50,Vermont,VT,Northeast,2023,P&S Syphilis,20-24,1,2.3,43773
50,Vermont,VT,Northeast,2023,P&S Syphilis,25-29,1,2.7,36731
51,Virginia,VA,South,2023,Chlamydia,15-19,9870,1735.6,568679
51,Virginia,VA,South,2023,Chlamydia,20-24,15280,2670.7,572135
51,Virginia,VA,South,2023,Chlamydia,25-29,7284,1280.5,568840
51,Virginia,VA,South,2023,Gonorrhea,15-19,1995,350.8,568679
51,Virginia,VA,South,2023,Gonorrhea,20-24,3720,650.2,572135
51,Virginia,VA,South,2023,Gonorrhea,25-29,2744,482.4,568840
51,Virginia,VA,South,2023,P&S Syphilis,15-19,41,7.2,568679
51,Virginia,VA,South,2023,P&S Syphilis,20-24,108,18.9,572135
51,Virginia,VA,South,2023,P&S Syphilis,25-29,180,31.6,568840
53,Washington,WA,West,2023,Chlamydia,15-19,5063,1078.7,469361
53,Washington,WA,West,2023,Chlamydia,20-24,9137,1905.0,479633
53,Washington,WA,West,2023,Chlamydia,25-29,5278,947.7,556927
53,Washington,WA,West,2023,Gonorrhea,15-19,587,125.1,469361
53,Washington,WA,West,2023,Gonorrhea,20-24,1686,351.5,479633
53,Washington,WA,West,2023,Gonorrhea,25-29,1944,349.1,556927
53,Washington,WA,West,2023,P&S Syphilis,15-19,58,12.4,469361
53,Washington,WA,West,2023,P&S Syphilis,20-24,163,34.0,479633
53,Washington,WA,West,2023,P&S Syphilis,25-29,237,42.6,556927
54,West Virginia,WV,South,2023,Chlamydia,15-19,1076,980.0,109796
54,West Virginia,WV,South,2023,Chlamydia,20-24,1726,1546.3,111621
54,West Virginia,WV,South,2023,Chlamydia,25-29,775,743.3,104265
54,West Virginia,WV,South,2023,Gonorrhea,15-19,133,121.1,109796
54,West Virginia,WV,South,2023,Gonorrhea,20-24,286,256.2,111621
54,West Virginia,WV,South,2023,Gonorrhea,25-29,170,163.1,104265
54,West Virginia,WV,South,2023,P&S Syphilis,15-19,1,0.9,109796
54,West Virginia,WV,South,2023,P&S Syphilis,20-24,25,22.4,111621
54,West Virginia,WV,South,2023,P&S Syphilis,25-29,29,27.8,104265
55,Wisconsin,WI,Midwest,2023,Chlamydia,15-19,6656,1704.8,390427
55,Wisconsin,WI,Midwest,2023,Chlamydia,20-24,8778,2210.6,397087
55,Wisconsin,WI,Midwest,2023,Chlamydia,25-29,4251,1159.5,366624
55,Wisconsin,WI,Midwest,2023,Gonorrhea,15-19,1712,438.5,390427
55,Wisconsin,WI,Midwest,2023,Gonorrhea,20-24,1770,445.7,397087
55,Wisconsin,WI,Midwest,2023,Gonorrhea,25-29,1195,326.0,366624
55,Wisconsin,WI,Midwest,2023,P&S Syphilis,15-19,31,7.9,390427
55,Wisconsin,WI,Midwest,2023,P&S Syphilis,20-24,88,22.2,397087
55,Wisconsin,WI,Midwest,2023,P&S Syphilis,25-29,84,22.9,366624
56,Wyoming,WY,West,2023,Chlamydia,15-19,492,1219.4,40348
56,Wyoming,WY,West,2023,Chlamydia,20-24,662,1741.9,38004
56,Wyoming,WY,West,2023,Chlamydia,25-29,309,883.9,34959
56,Wyoming,WY,West,2023,Gonorrhea,15-19,34,84.3,40348
56,Wyoming,WY,West,2023,Gonorrhea,20-24,55,144.7,38004
56,Wyoming,WY,West,2023,Gonorrhea,25-29,46,131.6,34959
56,Wyoming,WY,West,2023,P&S Syphilis,15-19,0,0.0,40348
56,Wyoming,WY,West,2023,P&S Syphilis,20-24,2,5.3,38004
56,Wyoming,WY,West,2023,P&S Syphilis,25-29,3,8.6,34959
01,Alabama,AL,South,2022,Chlamydia,15-19,8822,2640.4,334116
01,Alabama,AL,South,2022,Chlamydia,20-24,11460,3224.1,355448
01,Alabama,AL,South,2022,Chlamydia,25-29,5191,1616.6,321106
01,Alabama,AL,South,2022,Gonorrhea,15-19,2746,821.9,334116
01,Alabama,AL,South,2022,Gonorrhea,20-24,4049,1139.1,355448
01,Alabama,AL,South,2022,Gonorrhea,25-29,2510,781.7,321106
01,Alabama,AL,South,2022,P&S Syphilis,15-19,52,15.6,334116
01,Alabama,AL,South,2022,P&S Syphilis,20-24,221,62.2,355448
01,Alabama,AL,South,2022,P&S Syphilis,25-29,220,68.5,321106
02,Alaska,AK,West,2022,Chlamydia,15-19,1025,2267.7,45200
02,Alaska,AK,West,2022,Chlamydia,20-24,1773,3400.2,52144
02,Alaska,AK,West,2022,Chlamydia,25-29,994,1827.0,54406
02,Alaska,AK,West,2022,Gonorrhea,15-19,186,411.5,45200
02,Alaska,AK,West,2022,Gonorrhea,20-24,448,859.2,52144
02,Alaska,AK,West,2022,Gonorrhea,25-29,436,801.4,54406
02,Alaska,AK,West,2022,P&S Syphilis,15-19,3,6.6,45200
02,Alaska,AK,West,2022,P&S Syphilis,20-24,17,32.6,52144
02,Alaska,AK,West,2022,P&S Syphilis,25-29,20,36.8,54406
04,Arizona,AZ,West,2022,Chlamydia,15-19,7873,1618.9,486318
04,Arizona,AZ,West,2022,Chlamydia,20-24,14144,2690.3,525741
04,Arizona,AZ,West,2022,Chlamydia,25-29,8133,1601.3,507900
04,Arizona,AZ,West,2022,Gonorrhea,15-19,1973,405.7,486318
04,Arizona,AZ,West,2022,Gonorrhea,20-24,3953,751.9,525741
04,Arizona,AZ,West,2022,Gonorrhea,25-29,3202,630.4,507900
04,Arizona,AZ,West,2022,P&S Syphilis,15-19,77,15.8,486318
04,Arizona,AZ,West,2022,P&S Syphilis,20-24,254,48.3,525741
04,Arizona,AZ,West,2022,P&S Syphilis,25-29,370,72.8,507900
05,Arkansas,AR,South,2022,Chlamydia,15-19,5128,2524.6,203121
05,Arkansas,AR,South,2022,Chlamydia,20-24,6651,3139.2,211869
05,Arkansas,AR,South,2022,Chlamydia,25-29,2903,1490.1,194819
05,Arkansas,AR,South,2022,Gonorrhea,15-19,1342,660.7,203121
05,Arkansas,AR,South,2022,Gonorrhea,20-24,2019,952.9,211869
05,Arkansas,AR,South,2022,Gonorrhea,25-29,1231,631.9,194819
05,Arkansas,AR,South,2022,P&S Syphilis,15-19,34,16.7,203121
05,Arkansas,AR,South,2022,P&S Syphilis,20-24,159,75.0,211869
05,Arkansas,AR,South,2022,P&S Syphilis,25-29,178,91.4,194819
06,California,CA,West,2022,Chlamydia,15-19,28038,1093.3,2564529
06,California,CA,West,2022,Chlamydia,20-24,61885,2334.1,2651343
06,California,CA,West,2022,Chlamydia,25-29,40802,1479.5,2757824
06,California,CA,West,2022,Gonorrhea,15-19,6101,237.9,2564529
06,California,CA,West,2022,Gonorrhea,20-24,15838,597.4,2651343
06,California,CA,West,2022,Gonorrhea,25-29,16867,611.6,2757824
06,California,CA,West,2022,P&S Syphilis,15-19,235,9.2,2564529
06,California,CA,West,2022,P&S Syphilis,20-24,985,37.2,2651343
06,California,CA,West,2022,P&S Syphilis,25-29,1316,47.7,2757824
08,Colorado,CO,West,2022,Chlamydia,15-19,5504,1475.1,373127
08,Colorado,CO,West,2022,Chlamydia,20-24,8962,2227.3,402371
08,Colorado,CO,West,2022,Chlamydia,25-29,5179,1164.8,444626
08,Colorado,CO,West,2022,Gonorrhea,15-19,864,231.6,373127
08,Colorado,CO,West,2022,Gonorrhea,20-24,1773,440.6,402371
08,Colorado,CO,West,2022,Gonorrhea,25-29,1724,387.7,444626
08,Colorado,CO,West,2022,P&S Syphilis,15-19,30,8.0,373127
08,Colorado,CO,West,2022,P&S Syphilis,20-24,85,21.1,402371
08,Colorado,CO,West,2022,P&S Syphilis,25-29,157,35.3,444626
09,Connecticut,CT,Northeast,2022,Chlamydia,15-19,3108,1258.3,247000
09,Connecticut,CT,Northeast,2022,Chlamydia,20-24,4456,1828.8,243657
09,Connecticut,CT,Northeast,2022,Chlamydia,25-29,2326,1039.0,223869
09,Connecticut,CT,Northeast,2022,Gonorrhea,15-19,816,330.4,247000
09,Connecticut,CT,Northeast,2022,Gonorrhea,20-24,1377,565.1,243657
09,Connecticut,CT,Northeast,2022,Gonorrhea,25-29,1029,459.7,223869
09,Connecticut,CT,Northeast,2022,P&S Syphilis,15-19,7,2.8,247000
09,Connecticut,CT,Northeast,2022,P&S Syphilis,20-24,32,13.1,243657
09,Connecticut,CT,Northeast,2022,P&S Syphilis,25-29,46,20.5,223869
10,Delaware,DE,South,2022,Chlamydia,15-19,1412,2235.0,63177
10,Delaware,DE,South,2022,Chlamydia,20-24,1916,3117.5,61460
10,Delaware,DE,South,2022,Chlamydia,25-29,848,1402.3,60472
10,Delaware,DE,South,2022,Gonorrhea,15-19,289,457.4,63177
10,Delaware,DE,South,2022,Gonorrhea,20-24,396,644.3,61460
10,Delaware,DE,South,2022,Gonorrhea,25-29,254,420.0,60472
10,Delaware,DE,South,2022,P&S Syphilis,15-19,7,11.1,63177
10,Delaware,DE,South,2022,P&S Syphilis,20-24,41,66.7,61460
10,Delaware,DE,South,2022,P&S Syphilis,25-29,39,64.5,60472
11,District of Columbia,DC,South,2022,Chlamydia,15-19,1565,4298.0,36412
11,District of Columbia,DC,South,2022,Chlamydia,20-24,2011,4181.4,48094
11,District of Columbia,DC,South,2022,Chlamydia,25-29,1760,2489.1,70708
11,District of Columbia,DC,South,2022,Gonorrhea,15-19,466,1279.8,36412
11,District of Columbia,DC,South,2022,Gonorrhea,20-24,928,1929.6,48094
11,District of Columbia,DC,South,2022,Gonorrhea,25-29,1144,1617.9,70708
11,District of Columbia,DC,South,2022,P&S Syphilis,15-19,3,8.2,36412
11,District of Columbia,DC,South,2022,P&S Syphilis,20-24,18,37.4,48094
11,District of Columbia,DC,South,2022,P&S Syphilis,25-29,45,63.6,70708
12,Florida,FL,South,2022,Chlamydia,15-19,25167,1981.7,1269970
12,Florida,FL,South,2022,Chlamydia,20-24,36449,2700.0,1349963
12,Florida,FL,South,2022,Chlamydia,25-29,19402,1446.3,1341492
12,Florida,FL,South,2022,Gonorrhea,15-19,7163,564.0,1269970
12,Florida,FL,South,2022,Gonorrhea,20-24,11560,856.3,1349963
12,Florida,FL,South,2022,Gonorrhea,25-29,8264,616.0,1341492
12,Florida,FL,South,2022,P&S Syphilis,15-19,189,14.9,1269970
12,Florida,FL,South,2022,P&S Syphilis,20-24,656,48.6,1349963
12,Florida,FL,South,2022,P&S Syphilis,25-29,816,60.8,1341492
13,Georgia,GA,South,2022,Chlamydia,15-19,19316,2563.2,753589
13,Georgia,GA,South,2022,Chlamydia,20-24,25410,3280.4,774601
13,Georgia,GA,South,2022,Chlamydia,25-29,12840,1732.1,741297
13,Georgia,GA,South,2022,Gonorrhea,15-19,5356,710.7,753589
13,Georgia,GA,South,2022,Gonorrhea,20-24,9182,1185.4,774601
13,Georgia,GA,South,2022,Gonorrhea,25-29,6271,846.0,741297
13,Georgia,GA,South,2022,P&S Syphilis,15-19,115,15.3,753589
13,Georgia,GA,South,2022,P&S Syphilis,20-24,367,47.4,774601
13,Georgia,GA,South,2022,P&S Syphilis,25-29,408,55.0,741297
15,Hawaii,HI,West,2022,Chlamydia,15-19,955,1233.4,77428
15,Hawaii,HI,West,2022,Chlamydia,20-24,1843,2033.2,90645
15,Hawaii,HI,West,2022,Chlamydia,25-29,1129,1231.2,91699
15,Hawaii,HI,West,2022,Gonorrhea,15-19,105,135.6,77428
15,Hawaii,HI,West,2022,Gonorrhea,20-24,318,350.8,90645
15,Hawaii,HI,West,2022,Gonorrhea,25-29,274,298.8,91699
15,Hawaii,HI,West,2022,P&S Syphilis,15-19,4,5.2,77428
15,Hawaii,HI,West,2022,P&S Syphilis,20-24,20,22.1,90645
15,Hawaii,HI,West,2022,P&S Syphilis,25-29,35,38.2,91699
16,Idaho,ID,West,2022,Chlamydia,15-19,1531,1044.0,146648
16,Idaho,ID,West,2022,Chlamydia,20-24,2243,1665.5,134674
16,Idaho,ID,West,2022,Chlamydia,25-29,1017,818.3,124282
16,Idaho,ID,West,2022,Gonorrhea,15-19,108,73.6,146648
16,Idaho,ID,West,2022,Gonorrhea,20-24,275,204.2,134674
16,Idaho,ID,West,2022,Gonorrhea,25-29,221,177.8,124282
16,Idaho,ID,West,2022,P&S Syphilis,15-19,1,0.7,146648
16,Idaho,ID,West,2022,P&S Syphilis,20-24,16,11.9,134674
16,Idaho,ID,West,2022,P&S Syphilis,25-29,22,17.7,124282
17,Illinois,IL,Midwest,2022,Chlamydia,15-19,16014,1948.7,821779
17,Illinois,IL,Midwest,2022,Chlamydia,20-24,24740,2910.5,850026
17,Illinois,IL,Midwest,2022,Chlamydia,25-29,14141,1689.7,836894
17,Illinois,IL,Midwest,2022,Gonorrhea,15-19,4195,510.5,821779
17,Illinois,IL,Midwest,2022,Gonorrhea,20-24,6870,808.2,850026
17,Illinois,IL,Midwest,2022,Gonorrhea,25-29,5540,662.0,836894
17,Illinois,IL,Midwest,2022,P&S Syphilis,15-19,67,8.2,821779
17,Illinois,IL,Midwest,2022,P&S Syphilis,20-24,198,23.3,850026
17,Illinois,IL,Midwest,2022,P&S Syphilis,25-29,275,32.9,836894
18,Indiana,IN,Midwest,2022,Chlamydia,15-19,8465,1827.1,463303
18,Indiana,IN,Midwest,2022,Chlamydia,20-24,12628,2549.8,495255
18,Indiana,IN,Midwest,2022,Chlamydia,25-29,5923,1328.5,445841
18,Indiana,IN,Midwest,2022,Gonorrhea,15-19,1927,415.9,463303
18,Indiana,IN,Midwest,2022,Gonorrhea,20-24,3415,689.6,495255
18,Indiana,IN,Midwest,2022,Gonorrhea,25-29,2524,566.1,445841
18,Indiana,IN,Midwest,2022,P&S Syphilis,15-19,20,4.3,463303
18,Indiana,IN,Midwest,2022,P&S Syphilis,20-24,115,23.2,495255
18,Indiana,IN,Midwest,2022,P&S Syphilis,25-29,119,26.7,445841
19,Iowa,IA,Midwest,2022,Chlamydia,15-19,3891,1752.1,222076
19,Iowa,IA,Midwest,2022,Chlamydia,20-24,5507,2327.2,236636
19,Iowa,IA,Midwest,2022,Chlamydia,25-29,2408,1206.1,199652
19,Iowa,IA,Midwest,2022,Gonorrhea,15-19,740,333.2,222076
19,Iowa,IA,Midwest,2022,Gonorrhea,20-24,1109,468.6,236636
19,Iowa,IA,Midwest,2022,Gonorrhea,25-29,786,393.7,199652
19,Iowa,IA,Midwest,2022,P&S Syphilis,15-19,16,7.2,222076
19,Iowa,IA,Midwest,2022,P&S Syphilis,20-24,41,17.3,236636
19,Iowa,IA,Midwest,2022,P&S Syphilis,25-29,50,25.0,199652
20,Kansas,KS,Midwest,2022,Chlamydia,15-19,3760,1819.6,206639
20,Kansas,KS,Midwest,2022,Chlamydia,20-24,5432,2422.6,224222
20,Kansas,KS,Midwest,2022,Chlamydia,25-29,2197,1164.0,188746
20,Kansas,KS,Midwest,2022,Gonorrhea,15-19,803,388.6,206639
20,Kansas,KS,Midwest,2022,Gonorrhea,20-24,1456,649.4,224222
20,Kansas,KS,Midwest,2022,Gonorrhea,25-29,866,458.8,188746
20,Kansas,KS,Midwest,2022,P&S Syphilis,15-19,19,9.2,206639
20,Kansas,KS,Midwest,2022,P&S Syphilis,20-24,59,26.3,224222
20,Kansas,KS,Midwest,2022,P&S Syphilis,25-29,60,31.8,188746
21,Kentucky,KY,South,2022,Chlamydia,15-19,4572,1592.9,287024
21,Kentucky,KY,South,2022,Chlamydia,20-24,6804,2202.3,308950
21,Kentucky,KY,South,2022,Chlamydia,25-29,3217,1099.3,292641
21,Kentucky,KY,South,2022,Gonorrhea,15-19,1022,356.1,287024
21,Kentucky,KY,South,2022,Gonorrhea,20-24,1836,594.3,308950
21,Kentucky,KY,South,2022,Gonorrhea,25-29,1286,439.5,292641
21,Kentucky,KY,South,2022,P&S Syphilis,15-19,22,7.7,287024
21,Kentucky,KY,South,2022,P&S Syphilis,20-24,94,30.4,308950
21,Kentucky,KY,South,2022,P&S Syphilis,25-29,111,37.9,292641
22,Louisiana,LA,South,2022,Chlamydia,15-19,11014,3661.8,300781
22,Louisiana,LA,South,2022,Chlamydia,20-24,13202,4186.8,315324
22,Louisiana,LA,South,2022,Chlamydia,25-29,5623,1921.6,292621
22,Louisiana,LA,South,2022,Gonorrhea,15-19,3373,1121.4,300781
22,Louisiana,LA,South,2022,Gonorrhea,20-24,4634,1469.6,315324
22,Louisiana,LA,South,2022,Gonorrhea,25-29,2670,912.4,292621
22,Louisiana,LA,South,2022,P&S Syphilis,15-19,85,28.3,300781
22,Louisiana,LA,South,2022,P&S Syphilis,20-24,230,72.9,315324
22,Louisiana,LA,South,2022,P&S Syphilis,25-29,197,67.3,292621
23,Maine,ME,Northeast,2022,Chlamydia,15-19,237,301.9,78503
23,Maine,ME,Northeast,2022,Chlamydia,20-24,397,504.8,78645
23,Maine,ME,Northeast,2022,Chlamydia,25-29,171,213.1,80244
23,Maine,ME,Northeast,2022,Gonorrhea,15-19,51,65.0,78503
23,Maine,ME,Northeast,2022,Gonorrhea,20-24,130,165.3,78645
23,Maine,ME,Northeast,2022,Gonorrhea,25-29,99,123.3,80244
23,Maine,ME,Northeast,2022,P&S Syphilis,15-19,0,0.0,78503
23,Maine,ME,Northeast,2022,P&S Syphilis,20-24,7,8.9,78645
23,Maine,ME,Northeast,2022,P&S Syphilis,25-29,16,19.9,80244
24,Maryland,MD,South,2022,Chlamydia,15-19,6346,1634.5,388253
24,Maryland,MD,South,2022,Chlamydia,20-24,11740,3055.2,384263
24,Maryland,MD,South,2022,Chlamydia,25-29,5556,1442.9,385058
24,Maryland,MD,South,2022,Gonorrhea,15-19,1706,439.4,388253
24,Maryland,MD,South,2022,Gonorrhea,20-24,3105,808.0,384263
24,Maryland,MD,South,2022,Gonorrhea,25-29,2093,543.5,385058
24,Maryland,MD,South,2022,P&S Syphilis,15-19,22,5.7,388253
24,Maryland,MD,South,2022,P&S Syphilis,20-24,107,27.8,384263
24,Maryland,MD,South,2022,P&S Syphilis,25-29,113,29.3,385058
25,Massachusetts,MA,Northeast,2022,Chlamydia,15-19,5879,1309.2,449053
25,Massachusetts,MA,Northeast,2022,Chlamydia,20-24,10024,2025.6,494866
25,Massachusetts,MA,Northeast,2022,Chlamydia,25-29,5346,1111.6,480928
25,Massachusetts,MA,Northeast,2022,Gonorrhea,15-19,1061,236.3,449053
25,Massachusetts,MA,Northeast,2022,Gonorrhea,20-24,2168,438.1,494866
25,Massachusetts,MA,Northeast,2022,Gonorrhea,25-29,1898,394.7,480928
25,Massachusetts,MA,Northeast,2022,P&S Syphilis,15-19,22,4.9,449053
25,Massachusetts,MA,Northeast,2022,P&S Syphilis,20-24,111,22.4,494866
25,Massachusetts,MA,Northeast,2022,P&S Syphilis,25-29,141,29.3,480928
26,Michigan,MI,Midwest,2022,Chlamydia,15-19,11349,1777.4,638517
26,Michigan,MI,Midwest,2022,Chlamydia,20-24,15505,2213.4,700506
26,Michigan,MI,Midwest,2022,Chlamydia,25-29,7582,1166.4,650034
26,Michigan,MI,Midwest,2022,Gonorrhea,15-19,3078,482.1,638517
26,Michigan,MI,Midwest,2022,Gonorrhea,20-24,4338,619.3,700506
26,Michigan,MI,Midwest,2022,Gonorrhea,25-29,3181,489.4,650034
26,Michigan,MI,Midwest,2022,P&S Syphilis,15-19,48,7.5,638517
26,Michigan,MI,Midwest,2022,P&S Syphilis,20-24,129,18.4,700506
26,Michigan,MI,Midwest,2022,P&S Syphilis,25-29,166,25.5,650034
27,Minnesota,MN,Midwest,2022,Chlamydia,15-19,5223,1395.3,374328
27,Minnesota,MN,Midwest,2022,Chlamydia,20-24,7696,2074.4,370999
27,Minnesota,MN,Midwest,2022,Chlamydia,25-29,3780,1045.0,361722
27,Minnesota,MN,Midwest,2022,Gonorrhea,15-19,1175,313.9,374328
27,Minnesota,MN,Midwest,2022,Gonorrhea,20-24,1963,529.1,370999
27,Minnesota,MN,Midwest,2022,Gonorrhea,25-29,1591,439.8,361722
27,Minnesota,MN,Midwest,2022,P&S Syphilis,15-19,24,6.4,374328
27,Minnesota,MN,Midwest,2022,P&S Syphilis,20-24,79,21.3,370999
27,Minnesota,MN,Midwest,2022,P&S Syphilis,25-29,94,26.0,361722
28,Mississippi,MS,South,2022,Chlamydia,15-19,7044,3402.8,207006
28,Mississippi,MS,South,2022,Chlamydia,20-24,8523,4052.3,210325
28,Mississippi,MS,South,2022,Chlamydia,25-29,3792,2047.1,185238
28,Mississippi,MS,South,2022,Gonorrhea,15-19,2620,1265.7,207006
28,Mississippi,MS,South,2022,Gonorrhea,20-24,3460,1645.1,210325
28,Mississippi,MS,South,2022,Gonorrhea,25-29,2056,1109.9,185238
28,Mississippi,MS,South,2022,P&S Syphilis,15-19,54,26.1,207006
28,Mississippi,MS,South,2022,P&S Syphilis,20-24,178,84.6,210325
28,Mississippi,MS,South,2022,P&S Syphilis,25-29,169,91.2,185238
29,Missouri,MO,Midwest,2022,Chlamydia,15-19,8999,2247.5,400400
29,Missouri,MO,Midwest,2022,Chlamydia,20-24,11162,2640.0,422803
29,Missouri,MO,Midwest,2022,Chlamydia,25-29,5614,1408.2,398665
29,Missouri,MO,Midwest,2022,Gonorrhea,15-19,2703,675.1,400400
29,Missouri,MO,Midwest,2022,Gonorrhea,20-24,4065,961.4,422803
29,Missouri,MO,Midwest,2022,Gonorrhea,25-29,2842,712.9,398665
29,Missouri,MO,Midwest,2022,P&S Syphilis,15-19,70,17.5,400400
29,Missouri,MO,Midwest,2022,P&S Syphilis,20-24,158,37.4,422803
29,Missouri,MO,Midwest,2022,P&S Syphilis,25-29,263,66.0,398665
30,Montana,MT,West,2022,Chlamydia,15-19,1101,1601.6,68744
30,Montana,MT,West,2022,Chlamydia,20-24,1427,1821.8,78329
30,Montana,MT,West,2022,Chlamydia,25-29,670,925.1,72425
30,Montana,MT,West,2022,Gonorrhea,15-19,109,158.6,68744
30,Montana,MT,West,2022,Gonorrhea,20-24,242,309.0,78329
30,Montana,MT,West,2022,Gonorrhea,25-29,261,360.4,72425
30,Montana,MT,West,2022,P&S Syphilis,15-19,27,39.3,68744
30,Montana,MT,West,2022,P&S Syphilis,20-24,37,47.2,78329
30,Montana,MT,West,2022,P&S Syphilis,25-29,68,93.9,72425
31,Nebraska,NE,Midwest,2022,Chlamydia,15-19,2457,1787.5,137455
31,Nebraska,NE,Midwest,2022,Chlamydia,20-24,3705,2587.2,143205
31,Nebraska,NE,Midwest,2022,Chlamydia,25-29,1575,1246.1,126394
31,Nebraska,NE,Midwest,2022,Gonorrhea,15-19,349,253.9,137455
31,Nebraska,NE,Midwest,2022,Gonorrhea,20-24,751,524.4,143205
31,Nebraska,NE,Midwest,2022,Gonorrhea,25-29,498,394.0,126394
31,Nebraska,NE,Midwest,2022,P&S Syphilis,15-19,10,7.3,137455
31,Nebraska,NE,Midwest,2022,P&S Syphilis,20-24,29,20.3,143205
31,Nebraska,NE,Midwest,2022,P&S Syphilis,25-29,38,30.1,126394
32,Nevada,NV,West,2022,Chlamydia,15-19,2849,1482.9,192124
32,Nevada,NV,West,2022,Chlamydia,20-24,5167,2635.2,196076
32,Nevada,NV,West,2022,Chlamydia,25-29,3309,1506.3,219677
32,Nevada,NV,West,2022,Gonorrhea,15-19,811,422.1,192124
32,Nevada,NV,West,2022,Gonorrhea,20-24,1590,810.9,196076
32,Nevada,NV,West,2022,Gonorrhea,25-29,1439,655.0,219677
32,Nevada,NV,West,2022,P&S Syphilis,15-19,26,13.5,192124
32,Nevada,NV,West,2022,P&S Syphilis,20-24,111,56.6,196076
32,Nevada,NV,West,2022,P&S Syphilis,25-29,163,74.2,219677
33,New Hampshire,NH,Northeast,2022,Chlamydia,15-19,650,798.8,81372
33,New Hampshire,NH,Northeast,2022,Chlamydia,20-24,1112,1270.8,87504
33,New Hampshire,NH,Northeast,2022,Chlamydia,25-29,493,566.6,87010
33,New Hampshire,NH,Northeast,2022,Gonorrhea,15-19,67,82.3,81372
33,New Hampshire,NH,Northeast,2022,Gonorrhea,20-24,160,182.8,87504
33,New Hampshire,NH,Northeast,2022,Gonorrhea,25-29,122,140.2,87010
33,New Hampshire,NH,Northeast,2022,P&S Syphilis,15-19,3,3.7,81372
33,New Hampshire,NH,Northeast,2022,P&S Syphilis,20-24,9,10.3,87504
33,New Hampshire,NH,Northeast,2022,P&S Syphilis,25-29,9,10.3,87010
34,New Jersey,NJ,Northeast,2022,Chlamydia,15-19,7395,1282.1,576788
34,New Jersey,NJ,Northeast,2022,Chlamydia,20-24,12151,2105.8,577025
34,New Jersey,NJ,Northeast,2022,Chlamydia,25-29,6354,1101.3,576955
34,New Jersey,NJ,Northeast,2022,Gonorrhea,15-19,1611,279.3,576788
34,New Jersey,NJ,Northeast,2022,Gonorrhea,20-24,2648,458.9,577025
34,New Jersey,NJ,Northeast,2022,Gonorrhea,25-29,1838,318.6,576955
34,New Jersey,NJ,Northeast,2022,P&S Syphilis,15-19,35,6.1,576788
34,New Jersey,NJ,Northeast,2022,P&S Syphilis,20-24,151,26.2,577025
34,New Jersey,NJ,Northeast,2022,P&S Syphilis,25-29,242,41.9,576955
35,New Mexico,NM,West,2022,Chlamydia,15-19,2479,1731.9,143138
35,New Mexico,NM,West,2022,Chlamydia,20-24,3721,2484.1,149793
35,New Mexico,NM,West,2022,Chlamydia,25-29,2015,1475.1,136601
35,New Mexico,NM,West,2022,Gonorrhea,15-19,434,303.2,143138
35,New Mexico,NM,West,2022,Gonorrhea,20-24,946,631.6,149793
35,New Mexico,NM,West,2022,Gonorrhea,25-29,722,528.6,136601
35,New Mexico,NM,West,2022,P&S Syphilis,15-19,26,18.2,143138
35,New Mexico,NM,West,2022,P&S Syphilis,20-24,87,58.1,149793
35,New Mexico,NM,West,2022,P&S Syphilis,25-29,112,82.0,136601
36,New York,NY,Northeast,2022,Chlamydia,15-19,20068,1679.9,1194595
36,New York,NY,Northeast,2022,Chlamydia,20-24,32372,2481.6,1304481
36,New York,NY,Northeast,2022,Chlamydia,25-29,20698,1527.8,1354758
36,New York,NY,Northeast,2022,Gonorrhea,15-19,4420,370.0,1194595
36,New York,NY,Northeast,2022,Gonorrhea,20-24,8884,681.0,1304481
36,New York,NY,Northeast,2022,Gonorrhea,25-29,9224,680.9,1354758
36,New York,NY,Northeast,2022,P&S Syphilis,15-19,135,11.3,1194595
36,New York,NY,Northeast,2022,P&S Syphilis,20-24,484,37.1,1304481
36,New York,NY,Northeast,2022,P&S Syphilis,25-29,651,48.1,1354758
37,North Carolina,NC,South,2022,Chlamydia,15-19,16288,2309.8,705169
37,North Carolina,NC,South,2022,Chlamydia,20-24,24055,3217.0,747746
37,North Carolina,NC,South,2022,Chlamydia,25-29,11546,1640.6,703767
37,North Carolina,NC,South,2022,Gonorrhea,15-19,4651,659.6,705169
37,North Carolina,NC,South,2022,Gonorrhea,20-24,7881,1054.0,747746
37,North Carolina,NC,South,2022,Gonorrhea,25-29,5340,758.8,703767
37,North Carolina,NC,South,2022,P&S Syphilis,15-19,88,12.5,705169
37,North Carolina,NC,South,2022,P&S Syphilis,20-24,404,54.0,747746
37,North Carolina,NC,South,2022,P&S Syphilis,25-29,424,60.2,703767
38,North Dakota,ND,Midwest,2022,Chlamydia,15-19,826,1527.6,54072
38,North Dakota,ND,Midwest,2022,Chlamydia,20-24,1382,2124.5,65051
38,North Dakota,ND,Midwest,2022,Chlamydia,25-29,634,1175.7,53925
38,North Dakota,ND,Midwest,2022,Gonorrhea,15-19,162,299.6,54072
38,North Dakota,ND,Midwest,2022,Gonorrhea,20-24,306,470.4,65051
38,North Dakota,ND,Midwest,2022,Gonorrhea,25-29,289,535.9,53925
38,North Dakota,ND,Midwest,2022,P&S Syphilis,15-19,2,3.7,54072
38,North Dakota,ND,Midwest,2022,P&S Syphilis,20-24,11,16.9,65051
38,North Dakota,ND,Midwest,2022,P&S Syphilis,25-29,4,7.4,53925
39,Ohio,OH,Midwest,2022,Chlamydia,15-19,14887,1983.7,750466
39,Ohio,OH,Midwest,2022,Chlamydia,20-24,19233,2472.5,777877
39,Ohio,OH,Midwest,2022,Chlamydia,25-29,9624,1267.3,759410
39,Ohio,OH,Midwest,2022,Gonorrhea,15-19,4135,551.0,750466
39,Ohio,OH,Midwest,2022,Gonorrhea,20-24,6358,817.3,777877
39,Ohio,OH,Midwest,2022,Gonorrhea,25-29,4461,587.4,759410
39,Ohio,OH,Midwest,2022,P&S Syphilis,15-19,61,8.1,750466
39,Ohio,OH,Midwest,2022,P&S Syphilis,20-24,276,35.5,777877
39,Ohio,OH,Midwest,2022,P&S Syphilis,25-29,400,52.7,759410
40,Oklahoma,OK,South,2022,Chlamydia,15-19,5050,1823.7,276910
40,Oklahoma,OK,South,2022,Chlamydia,20-24,7490,2522.5,296928
40,Oklahoma,OK,South,2022,Chlamydia,25-29,3433,1287.6,266620
40,Oklahoma,OK,South,2022,Gonorrhea,15-19,1415,511.0,276910
40,Oklahoma,OK,South,2022,Gonorrhea,20-24,2383,802.6,296928
40,Oklahoma,OK,South,2022,Gonorrhea,25-29,1590,596.4,266620
40,Oklahoma,OK,South,2022,P&S Syphilis,15-19,39,14.1,276910
40,Oklahoma,OK,South,2022,P&S Syphilis,20-24,178,59.9,296928
40,Oklahoma,OK,South,2022,P&S Syphilis,25-29,175,65.6,266620
41,Oregon,OR,West,2022,Chlamydia,15-19,2942,1173.2,250767
41,Oregon,OR,West,2022,Chlamydia,20-24,5198,1908.2,272403
41,Oregon,OR,West,2022,Chlamydia,25-29,2804,992.0,282661
41,Oregon,OR,West,2022,Gonorrhea,15-19,373,148.7,250767
41,Oregon,OR,West,2022,Gonorrhea,20-24,930,341.4,272403
41,Oregon,OR,West,2022,Gonorrhea,25-29,1010,357.3,282661
41,Oregon,OR,West,2022,P&S Syphilis,15-19,26,10.4,250767
41,Oregon,OR,West,2022,P&S Syphilis,20-24,99,36.3,272403
41,Oregon,OR,West,2022,P&S Syphilis,25-29,186,65.8,282661
42,Pennsylvania,PA,Northeast,2022,Chlamydia,15-19,14325,1718.7,833479
42,Pennsylvania,PA,Northeast,2022,Chlamydia,20-24,19536,2322.5,841163
42,Pennsylvania,PA,Northeast,2022,Chlamydia,25-29,9583,1188.2,806514
42,Pennsylvania,PA,Northeast,2022,Gonorrhea,15-19,3440,412.7,833479
42,Pennsylvania,PA,Northeast,2022,Gonorrhea,20-24,4754,565.2,841163
42,Pennsylvania,PA,Northeast,2022,Gonorrhea,25-29,3648,452.3,806514
42,Pennsylvania,PA,Northeast,2022,P&S Syphilis,15-19,55,6.6,833479
42,Pennsylvania,PA,Northeast,2022,P&S Syphilis,20-24,187,22.2,841163
42,Pennsylvania,PA,Northeast,2022,P&S Syphilis,25-29,263,32.6,806514
44,Rhode Island,RI,Northeast,2022,Chlamydia,15-19,1255,1746.9,71842
44,Rhode Island,RI,Northeast,2022,Chlamydia,20-24,1835,2363.9,77626
44,Rhode Island,RI,Northeast,2022,Chlamydia,25-29,954,1315.9,72498
44,Rhode Island,RI,Northeast,2022,Gonorrhea,15-19,172,239.4,71842
44,Rhode Island,RI,Northeast,2022,Gonorrhea,20-24,353,454.7,77626
44,Rhode Island,RI,Northeast,2022,Gonorrhea,25-29,304,419.3,72498
44,Rhode Island,RI,Northeast,2022,P&S Syphilis,15-19,8,11.1,71842
44,Rhode Island,RI,Northeast,2022,P&S Syphilis,20-24,15,19.3,77626
44,Rhode Island,RI,Northeast,2022,P&S Syphilis,25-29,12,16.6,72498
45,South Carolina,SC,South,2022,Chlamydia,15-19,9848,2878.9,342075
45,South Carolina,SC,South,2022,Chlamydia,20-24,13044,3688.9,353601
45,South Carolina,SC,South,2022,Chlamydia,25-29,6117,1867.5,327550
45,South Carolina,SC,South,2022,Gonorrhea,15-19,2705,790.8,342075
45,South Carolina,SC,South,2022,Gonorrhea,20-24,4355,1231.6,353601
45,South Carolina,SC,South,2022,Gonorrhea,25-29,2746,838.3,327550
45,South Carolina,SC,South,2022,P&S Syphilis,15-19,43,12.6,342075
45,South Carolina,SC,South,2022,P&S Syphilis,20-24,174,49.2,353601
45,South Carolina,SC,South,2022,P&S Syphilis,25-29,182,55.6,327550
46,South Dakota,SD,Midwest,2022,Chlamydia,15-19,1270,2070.2,61347
46,South Dakota,SD,Midwest,2022,Chlamydia,20-24,1664,2638.5,63066
46,South Dakota,SD,Midwest,2022,Chlamydia,25-29,898,1584.0,56692
46,South Dakota,SD,Midwest,2022,Gonorrhea,15-19,429,699.3,61347
46,South Dakota,SD,Midwest,2022,Gonorrhea,20-24,606,960.9,63066
46,South Dakota,SD,Midwest,2022,Gonorrhea,25-29,573,1010.7,56692
46,South Dakota,SD,Midwest,2022,P&S Syphilis,15-19,48,78.2,61347
46,South Dakota,SD,Midwest,2022,P&S Syphilis,20-24,106,168.1,63066
46,South Dakota,SD,Midwest,2022,P&S Syphilis,25-29,137,241.7,56692
47,Tennessee,TN,South,2022,Chlamydia,15-19,9276,2106.2,440414
47,Tennessee,TN,South,2022,Chlamydia,20-24,13898,2913.1,477086
47,Tennessee,TN,South,2022,Chlamydia,25-29,7185,1488.9,482571
47,Tennessee,TN,South,2022,Gonorrhea,15-19,2623,595.6,440414
47,Tennessee,TN,South,2022,Gonorrhea,20-24,4540,951.6,477086
47,Tennessee,TN,South,2022,Gonorrhea,25-29,3399,704.3,482571
47,Tennessee,TN,South,2022,P&S Syphilis,15-19,51,11.6,440414
47,Tennessee,TN,South,2022,P&S Syphilis,20-24,182,38.1,477086
47,Tennessee,TN,South,2022,P&S Syphilis,25-29,224,46.4,482571
48,Texas,TX,South,2022,Chlamydia,15-19,36772,1708.2,2152675
48,Texas,TX,South,2022,Chlamydia,20-24,54762,2499.2,2191181
48,Texas,TX,South,2022,Chlamydia,25-29,29117,1364.5,2133895
48,Texas,TX,South,2022,Gonorrhea,15-19,10383,482.3,2152675
48,Texas,TX,South,2022,Gonorrhea,20-24,17669,806.4,2191181
48,Texas,TX,South,2022,Gonorrhea,25-29,12315,577.1,2133895
48,Texas,TX,South,2022,P&S Syphilis,15-19,252,11.7,2152675
48,Texas,TX,South,2022,P&S Syphilis,20-24,837,38.2,2191181
48,Texas,TX,South,2022,P&S Syphilis,25-29,885,41.5,2133895
49,Utah,UT,West,2022,Chlamydia,15-19,2321,846.4,274220
49,Utah,UT,West,2022,Chlamydia,20-24,3996,1336.1,299079
49,Utah,UT,West,2022,Chlamydia,25-29,2152,832.9,258374
49,Utah,UT,West,2022,Gonorrhea,15-19,305,111.2,274220
49,Utah,UT,West,2022,Gonorrhea,20-24,776,259.5,299079
49,Utah,UT,West,2022,Gonorrhea,25-29,693,268.2,258374
49,Utah,UT,West,2022,P&S Syphilis,15-19,9,3.3,274220
49,Utah,UT,West,2022,P&S Syphilis,20-24,35,11.7,299079
49,Utah,UT,West,2022,P&S Syphilis,25-29,46,17.8,258374
50,Vermont,VT,Northeast,2022,Chlamydia,15-19,318,765.1,41563
50,Vermont,VT,Northeast,2022,Chlamydia,20-24,462,1006.6,45897
50,Vermont,VT,Northeast,2022,Chlamydia,25-29,200,531.5,37629
50,Vermont,VT,Northeast,2022,Gonorrhea,15-19,9,21.7,41563
50,Vermont,VT,Northeast,2022,Gonorrhea,20-24,40,87.1,45897
50,Vermont,VT,Northeast,2022,Gonorrhea,25-29,41,109.0,37629
50,Vermont,VT,Northeast,2022,P&S Syphilis,15-19,0,0.0,41563
50,Vermont,VT,Northeast,2022,P&S Syphilis,20-24,0,0.0,45897
50,Vermont,VT,Northeast,2022,P&S Syphilis,25-29,0,0.0,37629
51,Virginia,VA,South,2022,Chlamydia,15-19,8106,1452.8,557957
51,Virginia,VA,South,2022,Chlamydia,20-24,15916,2671.2,595837
51,Virginia,VA,South,2022,Chlamydia,25-29,7980,1386.1,575716
51,Virginia,VA,South,2022,Gonorrhea,15-19,1628,291.8,557957
51,Virginia,VA,South,2022,Gonorrhea,20-24,3910,656.2,595837
51,Virginia,VA,South,2022,Gonorrhea,25-29,2821,490.0,575716
51,Virginia,VA,South,2022,P&S Syphilis,15-19,30,5.4,557957
51,Virginia,VA,South,2022,P&S Syphilis,20-24,134,22.5,595837
51,Virginia,VA,South,2022,P&S Syphilis,25-29,194,33.7,575716
53,Washington,WA,West,2022,Chlamydia,15-19,5402,1175.4,459588
53,Washington,WA,West,2022,Chlamydia,20-24,9625,1914.3,502795
53,Washington,WA,West,2022,Chlamydia,25-29,5232,932.6,561012
53,Washington,WA,West,2022,Gonorrhea,15-19,767,166.9,459588
53,Washington,WA,West,2022,Gonorrhea,20-24,2137,425.0,502795
53,Washington,WA,West,2022,Gonorrhea,25-29,2215,394.8,561012
53,Washington,WA,West,2022,P&S Syphilis,15-19,40,8.7,459588
53,Washington,WA,West,2022,P&S Syphilis,20-24,192,38.2,502795
53,Washington,WA,West,2022,P&S Syphilis,25-29,302,53.8,561012
54,West Virginia,WV,South,2022,Chlamydia,15-19,1117,1034.4,107985
54,West Virginia,WV,South,2022,Chlamydia,20-24,1785,1537.8,116075
54,West Virginia,WV,South,2022,Chlamydia,25-29,693,660.9,104857
54,West Virginia,WV,South,2022,Gonorrhea,15-19,131,121.3,107985
54,West Virginia,WV,South,2022,Gonorrhea,20-24,344,296.4,116075
54,West Virginia,WV,South,2022,Gonorrhea,25-29,236,225.1,104857
54,West Virginia,WV,South,2022,P&S Syphilis,15-19,3,2.8,107985
54,West Virginia,WV,South,2022,P&S Syphilis,20-24,17,14.6,116075
54,West Virginia,WV,South,2022,P&S Syphilis,25-29,35,33.4,104857
55,Wisconsin,WI,Midwest,2022,Chlamydia,15-19,6655,1735.1,383551
55,Wisconsin,WI,Midwest,2022,Chlamydia,20-24,9443,2292.9,411837
55,Wisconsin,WI,Midwest,2022,Chlamydia,25-29,4442,1207.4,367898
55,Wisconsin,WI,Midwest,2022,Gonorrhea,15-19,1788,466.2,383551
55,Wisconsin,WI,Midwest,2022,Gonorrhea,20-24,2442,592.9,411837
55,Wisconsin,WI,Midwest,2022,Gonorrhea,25-29,1567,425.9,367898
55,Wisconsin,WI,Midwest,2022,P&S Syphilis,15-19,29,7.6,383551
55,Wisconsin,WI,Midwest,2022,P&S Syphilis,20-24,101,24.5,411837
55,Wisconsin,WI,Midwest,2022,P&S Syphilis,25-29,114,31.0,367898
56,Wyoming,WY,West,2022,Chlamydia,15-19,451,1152.3,39139
56,Wyoming,WY,West,2022,Chlamydia,20-24,711,1807.6,39334
56,Wyoming,WY,West,2022,Chlamydia,25-29,275,784.8,35041
56,Wyoming,WY,West,2022,Gonorrhea,15-19,32,81.8,39139
56,Wyoming,WY,West,2022,Gonorrhea,20-24,81,205.9,39334
56,Wyoming,WY,West,2022,Gonorrhea,25-29,57,162.7,35041
56,Wyoming,WY,West,2022,P&S Syphilis,15-19,2,5.1,39139
56,Wyoming,WY,West,2022,P&S Syphilis,20-24,2,5.1,39334
56,Wyoming,WY,West,2022,P&S Syphilis,25-29,5,14.3,35041
01,Alabama,AL,South,2021,Chlamydia,15-19,7837,2421.9,323589
01,Alabama,AL,South,2021,Chlamydia,20-24,10556,3207.2,329134
01,Alabama,AL,South,2021,Chlamydia,25-29,4637,1429.0,324493
01,Alabama,AL,South,2021,Gonorrhea,15-19,2788,861.6,323589
01,Alabama,AL,South,2021,Gonorrhea,20-24,4499,1366.9,329134
01,Alabama,AL,South,2021,Gonorrhea,25-29,2852,878.9,324493
01,Alabama,AL,South,2021,P&S Syphilis,15-19,43,13.3,323589
01,Alabama,AL,South,2021,P&S Syphilis,20-24,140,42.5,329134
01,Alabama,AL,South,2021,P&S Syphilis,25-29,167,51.5,324493
02,Alaska,AK,West,2021,Chlamydia,15-19,1068,2346.2,45520
02,Alaska,AK,West,2021,Chlamydia,20-24,1799,3579.2,50263
02,Alaska,AK,West,2021,Chlamydia,25-29,1067,1920.3,55564
02,Alaska,AK,West,2021,Gonorrhea,15-19,181,397.6,45520
02,Alaska,AK,West,2021,Gonorrhea,20-24,398,791.8,50263
02,Alaska,AK,West,2021,Gonorrhea,25-29,416,748.7,55564
02,Alaska,AK,West,2021,P&S Syphilis,15-19,6,13.2,45520
02,Alaska,AK,West,2021,P&S Syphilis,20-24,26,51.7,50263
02,Alaska,AK,West,2021,P&S Syphilis,25-29,35,63.0,55564
04,Arizona,AZ,West,2021,Chlamydia,15-19,8503,1760.3,483043
04,Arizona,AZ,West,2021,Chlamydia,20-24,14835,3015.9,491893
04,Arizona,AZ,West,2021,Chlamydia,25-29,8264,1644.0,502676
04,Arizona,AZ,West,2021,Gonorrhea,15-19,2209,457.3,483043
04,Arizona,AZ,West,2021,Gonorrhea,20-24,4497,914.2,491893
04,Arizona,AZ,West,2021,Gonorrhea,25-29,3833,762.5,502676
04,Arizona,AZ,West,2021,P&S Syphilis,15-19,70,14.5,483043
04,Arizona,AZ,West,2021,P&S Syphilis,20-24,266,54.1,491893
04,Arizona,AZ,West,2021,P&S Syphilis,25-29,385,76.6,502676
05,Arkansas,AR,South,2021,Chlamydia,15-19,5244,2600.7,201638
05,Arkansas,AR,South,2021,Chlamydia,20-24,6673,3337.7,199928
05,Arkansas,AR,South,2021,Chlamydia,25-29,2901,1488.8,194855
05,Arkansas,AR,South,2021,Gonorrhea,15-19,1670,828.2,201638
05,Arkansas,AR,South,2021,Gonorrhea,20-24,2457,1228.9,199928
05,Arkansas,AR,South,2021,Gonorrhea,25-29,1531,785.7,194855
05,Arkansas,AR,South,2021,P&S Syphilis,15-19,50,24.8,201638
05,Arkansas,AR,South,2021,P&S Syphilis,20-24,162,81.0,199928
05,Arkansas,AR,South,2021,P&S Syphilis,25-29,187,96.0,194855
06,California,CA,West,2021,Chlamydia,15-19,29261,1138.4,2570362
06,California,CA,West,2021,Chlamydia,20-24,63097,2484.4,2539728
06,California,CA,West,2021,Chlamydia,25-29,41138,1450.9,2835344
06,California,CA,West,2021,Gonorrhea,15-19,7441,289.5,2570362
06,California,CA,West,2021,Gonorrhea,20-24,18995,747.9,2539728
06,California,CA,West,2021,Gonorrhea,25-29,19815,698.9,2835344
06,California,CA,West,2021,P&S Syphilis,15-19,277,10.8,2570362
06,California,CA,West,2021,P&S Syphilis,20-24,1155,45.5,2539728
06,California,CA,West,2021,P&S Syphilis,25-29,1656,58.4,2835344
08,Colorado,CO,West,2021,Chlamydia,15-19,6056,1621.5,373481
08,Colorado,CO,West,2021,Chlamydia,20-24,9276,2451.5,378381
08,Colorado,CO,West,2021,Chlamydia,25-29,5052,1137.7,444054
08,Colorado,CO,West,2021,Gonorrhea,15-19,1207,323.2,373481
08,Colorado,CO,West,2021,Gonorrhea,20-24,2372,626.9,378381
08,Colorado,CO,West,2021,Gonorrhea,25-29,2188,492.7,444054
08,Colorado,CO,West,2021,P&S Syphilis,15-19,24,6.4,373481
08,Colorado,CO,West,2021,P&S Syphilis,20-24,86,22.7,378381
08,Colorado,CO,West,2021,P&S Syphilis,25-29,137,30.9,444054
09,Connecticut,CT,Northeast,2021,Chlamydia,15-19,3456,1436.8,240535
09,Connecticut,CT,Northeast,2021,Chlamydia,20-24,5480,2288.7,239437
09,Connecticut,CT,Northeast,2021,Chlamydia,25-29,2714,1202.2,225753
09,Connecticut,CT,Northeast,2021,Gonorrhea,15-19,803,333.8,240535
09,Connecticut,CT,Northeast,2021,Gonorrhea,20-24,1507,629.4,239437
09,Connecticut,CT,Northeast,2021,Gonorrhea,25-29,1178,521.8,225753
09,Connecticut,CT,Northeast,2021,P&S Syphilis,15-19,11,4.6,240535
09,Connecticut,CT,Northeast,2021,P&S Syphilis,20-24,40,16.7,239437
09,Connecticut,CT,Northeast,2021,P&S Syphilis,25-29,48,21.3,225753
10,Delaware,DE,South,2021,Chlamydia,15-19,1351,2150.7,62817
10,Delaware,DE,South,2021,Chlamydia,20-24,1814,3132.6,57907
10,Delaware,DE,South,2021,Chlamydia,25-29,811,1321.4,61374
10,Delaware,DE,South,2021,Gonorrhea,15-19,273,434.6,62817
10,Delaware,DE,South,2021,Gonorrhea,20-24,453,782.3,57907
10,Delaware,DE,South,2021,Gonorrhea,25-29,314,511.6,61374
10,Delaware,DE,South,2021,P&S Syphilis,15-19,3,4.8,62817
10,Delaware,DE,South,2021,P&S Syphilis,20-24,13,22.4,57907
10,Delaware,DE,South,2021,P&S Syphilis,25-29,19,31.0,61374
11,District of Columbia,DC,South,2021,Chlamydia,15-19,1287,3608.8,35663
11,District of Columbia,DC,South,2021,Chlamydia,20-24,1745,3824.2,45630
11,District of Columbia,DC,South,2021,Chlamydia,25-29,1577,2252.9,69999
11,District of Columbia,DC,South,2021,Gonorrhea,15-19,430,1205.7,35663
11,District of Columbia,DC,South,2021,Gonorrhea,20-24,816,1788.3,45630
11,District of Columbia,DC,South,2021,Gonorrhea,25-29,1069,1527.1,69999
11,District of Columbia,DC,South,2021,P&S Syphilis,15-19,10,28.0,35663
11,District of Columbia,DC,South,2021,P&S Syphilis,20-24,24,52.6,45630
11,District of Columbia,DC,South,2021,P&S Syphilis,25-29,41,58.6,69999
12,Florida,FL,South,2021,Chlamydia,15-19,24430,1981.4,1232967
12,Florida,FL,South,2021,Chlamydia,20-24,36536,2917.5,1252305
12,Florida,FL,South,2021,Chlamydia,25-29,19338,1449.7,1333931
12,Florida,FL,South,2021,Gonorrhea,15-19,6608,535.9,1232967
12,Florida,FL,South,2021,Gonorrhea,20-24,12062,963.2,1252305
12,Florida,FL,South,2021,Gonorrhea,25-29,9111,683.0,1333931
12,Florida,FL,South,2021,P&S Syphilis,15-19,163,13.2,1232967
12,Florida,FL,South,2021,P&S Syphilis,20-24,615,49.1,1252305
12,Florida,FL,South,2021,P&S Syphilis,25-29,823,61.7,1333931
13,Georgia,GA,South,2021,Chlamydia,15-19,17720,2353.6,752889
13,Georgia,GA,South,2021,Chlamydia,20-24,24881,3410.4,729563
13,Georgia,GA,South,2021,Chlamydia,25-29,12291,1659.4,740689
13,Georgia,GA,South,2021,Gonorrhea,15-19,5218,693.1,752889
13,Georgia,GA,South,2021,Gonorrhea,20-24,9394,1287.6,729563
13,Georgia,GA,South,2021,Gonorrhea,25-29,6849,924.7,740689
13,Georgia,GA,South,2021,P&S Syphilis,15-19,102,13.5,752889
13,Georgia,GA,South,2021,P&S Syphilis,20-24,309,42.4,729563
13,Georgia,GA,South,2021,P&S Syphilis,25-29,368,49.7,740689
15,Hawaii,HI,West,2021,Chlamydia,15-19,980,1249.2,78450
15,Hawaii,HI,West,2021,Chlamydia,20-24,2306,2627.9,87751
15,Hawaii,HI,West,2021,Chlamydia,25-29,1199,1269.7,94432
15,Hawaii,HI,West,2021,Gonorrhea,15-19,139,177.2,78450
15,Hawaii,HI,West,2021,Gonorrhea,20-24,336,382.9,87751
15,Hawaii,HI,West,2021,Gonorrhea,25-29,265,280.6,94432
15,Hawaii,HI,West,2021,P&S Syphilis,15-19,7,8.9,78450
15,Hawaii,HI,West,2021,P&S Syphilis,20-24,31,35.3,87751
15,Hawaii,HI,West,2021,P&S Syphilis,25-29,28,29.7,94432
16,Idaho,ID,West,2021,Chlamydia,15-19,1633,1213.8,134536
16,Idaho,ID,West,2021,Chlamydia,20-24,2387,1928.0,123807
16,Idaho,ID,West,2021,Chlamydia,25-29,1103,891.0,123793
16,Idaho,ID,West,2021,Gonorrhea,15-19,144,107.0,134536
16,Idaho,ID,West,2021,Gonorrhea,20-24,323,260.9,123807
16,Idaho,ID,West,2021,Gonorrhea,25-29,246,198.7,123793
16,Idaho,ID,West,2021,P&S Syphilis,15-19,2,1.5,134536
16,Idaho,ID,West,2021,P&S Syphilis,20-24,12,9.7,123807
16,Idaho,ID,West,2021,P&S Syphilis,25-29,20,16.2,123793
17,Illinois,IL,Midwest,2021,Chlamydia,15-19,16209,1940.3,835386
17,Illinois,IL,Midwest,2021,Chlamydia,20-24,25533,3132.5,815100
17,Illinois,IL,Midwest,2021,Chlamydia,25-29,14343,1685.0,851217
17,Illinois,IL,Midwest,2021,Gonorrhea,15-19,4775,571.6,835386
17,Illinois,IL,Midwest,2021,Gonorrhea,20-24,8113,995.3,815100
17,Illinois,IL,Midwest,2021,Gonorrhea,25-29,6868,806.9,851217
17,Illinois,IL,Midwest,2021,P&S Syphilis,15-19,62,7.4,835386
17,Illinois,IL,Midwest,2021,P&S Syphilis,20-24,249,30.5,815100
17,Illinois,IL,Midwest,2021,P&S Syphilis,25-29,283,33.2,851217
18,Indiana,IN,Midwest,2021,Chlamydia,15-19,9115,1958.5,465407
18,Indiana,IN,Midwest,2021,Chlamydia,20-24,13293,2802.1,474394
18,Indiana,IN,Midwest,2021,Chlamydia,25-29,6081,1350.0,450444
18,Indiana,IN,Midwest,2021,Gonorrhea,15-19,2442,524.7,465407
18,Indiana,IN,Midwest,2021,Gonorrhea,20-24,4102,864.7,474394
18,Indiana,IN,Midwest,2021,Gonorrhea,25-29,2970,659.4,450444
18,Indiana,IN,Midwest,2021,P&S Syphilis,15-19,37,7.9,465407
18,Indiana,IN,Midwest,2021,P&S Syphilis,20-24,123,25.9,474394
18,Indiana,IN,Midwest,2021,P&S Syphilis,25-29,156,34.6,450444
19,Iowa,IA,Midwest,2021,Chlamydia,15-19,4158,1886.4,220420
19,Iowa,IA,Midwest,2021,Chlamydia,20-24,5978,2648.8,225687
19,Iowa,IA,Midwest,2021,Chlamydia,25-29,2481,1230.6,201609
19,Iowa,IA,Midwest,2021,Gonorrhea,15-19,928,421.0,220420
19,Iowa,IA,Midwest,2021,Gonorrhea,20-24,1620,717.8,225687
19,Iowa,IA,Midwest,2021,Gonorrhea,25-29,1206,598.2,201609
19,Iowa,IA,Midwest,2021,P&S Syphilis,15-19,16,7.3,220420
19,Iowa,IA,Midwest,2021,P&S Syphilis,20-24,51,22.6,225687
19,Iowa,IA,Midwest,2021,P&S Syphilis,25-29,68,33.7,201609
20,Kansas,KS,Midwest,2021,Chlamydia,15-19,4087,1986.9,205697
20,Kansas,KS,Midwest,2021,Chlamydia,20-24,5767,2723.3,211765
20,Kansas,KS,Midwest,2021,Chlamydia,25-29,2408,1259.9,191126
20,Kansas,KS,Midwest,2021,Gonorrhea,15-19,993,482.7,205697
20,Kansas,KS,Midwest,2021,Gonorrhea,20-24,1557,735.3,211765
20,Kansas,KS,Midwest,2021,Gonorrhea,25-29,1038,543.1,191126
20,Kansas,KS,Midwest,2021,P&S Syphilis,15-19,19,9.2,205697
20,Kansas,KS,Midwest,2021,P&S Syphilis,20-24,48,22.7,211765
20,Kansas,KS,Midwest,2021,P&S Syphilis,25-29,52,27.2,191126
21,Kentucky,KY,South,2021,Chlamydia,15-19,4722,1608.2,293620
21,Kentucky,KY,South,2021,Chlamydia,20-24,6831,2283.9,299094
21,Kentucky,KY,South,2021,Chlamydia,25-29,3228,1093.4,295226
21,Kentucky,KY,South,2021,Gonorrhea,15-19,1137,387.2,293620
21,Kentucky,KY,South,2021,Gonorrhea,20-24,2186,730.9,299094
21,Kentucky,KY,South,2021,Gonorrhea,25-29,1746,591.4,295226
21,Kentucky,KY,South,2021,P&S Syphilis,15-19,22,7.5,293620
21,Kentucky,KY,South,2021,P&S Syphilis,20-24,66,22.1,299094
21,Kentucky,KY,South,2021,P&S Syphilis,25-29,83,28.1,295226
22,Louisiana,LA,South,2021,Chlamydia,15-19,10555,3546.6,297609
22,Louisiana,LA,South,2021,Chlamydia,20-24,12285,4087.1,300580
22,Louisiana,LA,South,2021,Chlamydia,25-29,5312,1746.4,304169
22,Louisiana,LA,South,2021,Gonorrhea,15-19,3853,1294.6,297609
22,Louisiana,LA,South,2021,Gonorrhea,20-24,5118,1702.7,300580
22,Louisiana,LA,South,2021,Gonorrhea,25-29,2954,971.1,304169
22,Louisiana,LA,South,2021,P&S Syphilis,15-19,75,25.2,297609
22,Louisiana,LA,South,2021,P&S Syphilis,20-24,185,61.5,300580
22,Louisiana,LA,South,2021,P&S Syphilis,25-29,205,67.4,304169
23,Maine,ME,Northeast,2021,Chlamydia,15-19,268,338.0,79290
23,Maine,ME,Northeast,2021,Chlamydia,20-24,498,662.8,75136
23,Maine,ME,Northeast,2021,Gonorrhea,15-19,36,45.4,79290
23,Maine,ME,Northeast,2021,Gonorrhea,20-24,110,146.4,75136
23,Maine,ME,Northeast,2021,P&S Syphilis,15-19,5,6.3,79290
23,Maine,ME,Northeast,2021,P&S Syphilis,20-24,3,4.0,75136
25,Massachusetts,MA,Northeast,2021,Chlamydia,15-19,5480,1199.4,456895
25,Massachusetts,MA,Northeast,2021,Chlamydia,20-24,9901,2068.1,478749
25,Massachusetts,MA,Northeast,2021,Chlamydia,25-29,5443,1118.2,486764
25,Massachusetts,MA,Northeast,2021,Gonorrhea,15-19,810,177.3,456895
25,Massachusetts,MA,Northeast,2021,Gonorrhea,20-24,2022,422.3,478749
25,Massachusetts,MA,Northeast,2021,Gonorrhea,25-29,1837,377.4,486764
25,Massachusetts,MA,Northeast,2021,P&S Syphilis,15-19,23,5.0,456895
25,Massachusetts,MA,Northeast,2021,P&S Syphilis,20-24,93,19.4,478749
25,Massachusetts,MA,Northeast,2021,P&S Syphilis,25-29,136,27.9,486764
26,Michigan,MI,Midwest,2021,Chlamydia,15-19,11786,1818.5,648117
26,Michigan,MI,Midwest,2021,Chlamydia,20-24,17084,2544.7,671356
26,Michigan,MI,Midwest,2021,Chlamydia,25-29,8230,1243.1,662055
26,Michigan,MI,Midwest,2021,Gonorrhea,15-19,3615,557.8,648117
26,Michigan,MI,Midwest,2021,Gonorrhea,20-24,6073,904.6,671356
26,Michigan,MI,Midwest,2021,Gonorrhea,25-29,4726,713.8,662055
26,Michigan,MI,Midwest,2021,P&S Syphilis,15-19,40,6.2,648117
26,Michigan,MI,Midwest,2021,P&S Syphilis,20-24,167,24.9,671356
26,Michigan,MI,Midwest,2021,P&S Syphilis,25-29,185,27.9,662055
27,Minnesota,MN,Midwest,2021,Chlamydia,15-19,5489,1464.2,374880
27,Minnesota,MN,Midwest,2021,Chlamydia,20-24,7998,2261.3,353690
27,Minnesota,MN,Midwest,2021,Chlamydia,25-29,3879,1056.3,367225
27,Minnesota,MN,Midwest,2021,Gonorrhea,15-19,1327,354.0,374880
27,Minnesota,MN,Midwest,2021,Gonorrhea,20-24,2276,643.5,353690
27,Minnesota,MN,Midwest,2021,Gonorrhea,25-29,1977,538.4,367225
27,Minnesota,MN,Midwest,2021,P&S Syphilis,15-19,18,4.8,374880
27,Minnesota,MN,Midwest,2021,P&S Syphilis,20-24,61,17.2,353690
27,Minnesota,MN,Midwest,2021,P&S Syphilis,25-29,106,28.9,367225
28,Mississippi,MS,South,2021,Chlamydia,15-19,6984,3430.2,203603
28,Mississippi,MS,South,2021,Chlamydia,20-24,8133,4100.2,198356
28,Mississippi,MS,South,2021,Chlamydia,25-29,3696,1937.4,190771
28,Mississippi,MS,South,2021,Gonorrhea,15-19,2909,1428.8,203603
28,Mississippi,MS,South,2021,Gonorrhea,20-24,4116,2075.1,198356
28,Mississippi,MS,South,2021,Gonorrhea,25-29,2476,1297.9,190771
28,Mississippi,MS,South,2021,P&S Syphilis,15-19,68,33.4,203603
28,Mississippi,MS,South,2021,P&S Syphilis,20-24,176,88.7,198356
28,Mississippi,MS,South,2021,P&S Syphilis,25-29,169,88.6,190771
29,Missouri,MO,Midwest,2021,Chlamydia,15-19,8672,2172.5,399171
29,Missouri,MO,Midwest,2021,Chlamydia,20-24,11444,2846.6,402023
29,Missouri,MO,Midwest,2021,Chlamydia,25-29,5525,1367.9,403904
29,Missouri,MO,Midwest,2021,Gonorrhea,15-19,2468,618.3,399171
29,Missouri,MO,Midwest,2021,Gonorrhea,20-24,4024,1000.9,402023
29,Missouri,MO,Midwest,2021,Gonorrhea,25-29,3254,805.6,403904
29,Missouri,MO,Midwest,2021,P&S Syphilis,15-19,37,9.3,399171
29,Missouri,MO,Midwest,2021,P&S Syphilis,20-24,170,42.3,402023
29,Missouri,MO,Midwest,2021,P&S Syphilis,25-29,255,63.1,403904
30,Montana,MT,West,2021,Chlamydia,15-19,1189,1753.2,67819
30,Montana,MT,West,2021,Chlamydia,20-24,1444,1967.9,73378
30,Montana,MT,West,2021,Chlamydia,25-29,641,893.1,71772
30,Montana,MT,West,2021,Gonorrhea,15-19,158,233.0,67819
30,Montana,MT,West,2021,Gonorrhea,20-24,280,381.6,73378
30,Montana,MT,West,2021,Gonorrhea,25-29,278,387.4,71772
30,Montana,MT,West,2021,P&S Syphilis,15-19,8,11.8,67819
30,Montana,MT,West,2021,P&S Syphilis,20-24,12,16.4,73378
30,Montana,MT,West,2021,P&S Syphilis,25-29,11,15.3,71772
31,Nebraska,NE,Midwest,2021,Chlamydia,15-19,2373,1713.4,138497
31,Nebraska,NE,Midwest,2021,Chlamydia,20-24,3394,2488.9,136365
31,Nebraska,NE,Midwest,2021,Chlamydia,25-29,1508,1181.1,127678
31,Nebraska,NE,Midwest,2021,Gonorrhea,15-19,435,314.1,138497
31,Nebraska,NE,Midwest,2021,Gonorrhea,20-24,821,602.1,136365
31,Nebraska,NE,Midwest,2021,Gonorrhea,25-29,642,502.8,127678
31,Nebraska,NE,Midwest,2021,P&S Syphilis,15-19,13,9.4,138497
31,Nebraska,NE,Midwest,2021,P&S Syphilis,20-24,44,32.3,136365
31,Nebraska,NE,Midwest,2021,P&S Syphilis,25-29,39,30.5,127678
32,Nevada,NV,West,2021,Chlamydia,15-19,2319,1224.9,189322
32,Nevada,NV,West,2021,Chlamydia,20-24,4246,2313.5,183531
32,Nevada,NV,West,2021,Chlamydia,25-29,2714,1233.5,220024
32,Nevada,NV,West,2021,Gonorrhea,15-19,807,426.3,189322
32,Nevada,NV,West,2021,Gonorrhea,20-24,1624,884.9,183531
32,Nevada,NV,West,2021,Gonorrhea,25-29,1506,684.5,220024
32,Nevada,NV,West,2021,P&S Syphilis,15-19,33,17.4,189322
32,Nevada,NV,West,2021,P&S Syphilis,20-24,100,54.5,183531
32,Nevada,NV,West,2021,P&S Syphilis,25-29,124,56.4,220024
33,New Hampshire,NH,Northeast,2021,Chlamydia,15-19,615,723.8,84968
33,New Hampshire,NH,Northeast,2021,Chlamydia,20-24,1261,1452.3,86828
33,New Hampshire,NH,Northeast,2021,Chlamydia,25-29,570,652.0,87423
33,New Hampshire,NH,Northeast,2021,Gonorrhea,15-19,50,58.8,84968
33,New Hampshire,NH,Northeast,2021,Gonorrhea,20-24,145,167.0,86828
33,New Hampshire,NH,Northeast,2021,Gonorrhea,25-29,138,157.9,87423
33,New Hampshire,NH,Northeast,2021,P&S Syphilis,15-19,0,0.0,84968
33,New Hampshire,NH,Northeast,2021,P&S Syphilis,20-24,10,11.5,86828
33,New Hampshire,NH,Northeast,2021,P&S Syphilis,25-29,13,14.9,87423
34,New Jersey,NJ,Northeast,2021,Chlamydia,15-19,7442,1278.8,581952
34,New Jersey,NJ,Northeast,2021,Chlamydia,20-24,12751,2303.9,553453
34,New Jersey,NJ,Northeast,2021,Chlamydia,25-29,6343,1089.5,582194
34,New Jersey,NJ,Northeast,2021,Gonorrhea,15-19,1596,274.2,581952
34,New Jersey,NJ,Northeast,2021,Gonorrhea,20-24,3071,554.9,553453
34,New Jersey,NJ,Northeast,2021,Gonorrhea,25-29,2182,374.8,582194
34,New Jersey,NJ,Northeast,2021,P&S Syphilis,15-19,30,5.2,581952
34,New Jersey,NJ,Northeast,2021,P&S Syphilis,20-24,153,27.6,553453
34,New Jersey,NJ,Northeast,2021,P&S Syphilis,25-29,200,34.4,582194
35,New Mexico,NM,West,2021,Chlamydia,15-19,2727,1914.6,142432
35,New Mexico,NM,West,2021,Chlamydia,20-24,4196,2984.8,140579
35,New Mexico,NM,West,2021,Chlamydia,25-29,2412,1728.8,139519
35,New Mexico,NM,West,2021,Gonorrhea,15-19,453,318.0,142432
35,New Mexico,NM,West,2021,Gonorrhea,20-24,1064,756.9,140579
35,New Mexico,NM,West,2021,Gonorrhea,25-29,1066,764.0,139519
35,New Mexico,NM,West,2021,P&S Syphilis,15-19,22,15.4,142432
35,New Mexico,NM,West,2021,P&S Syphilis,20-24,81,57.6,140579
35,New Mexico,NM,West,2021,P&S Syphilis,25-29,139,99.6,139519
36,New York,NY,Northeast,2021,Chlamydia,15-19,20563,1701.7,1208380
36,New York,NY,Northeast,2021,Chlamydia,20-24,32717,2626.8,1245508
36,New York,NY,Northeast,2021,Chlamydia,25-29,20131,1462.1,1376855
36,New York,NY,Northeast,2021,Gonorrhea,15-19,4843,400.8,1208380
36,New York,NY,Northeast,2021,Gonorrhea,20-24,9768,784.3,1245508
36,New York,NY,Northeast,2021,Gonorrhea,25-29,9557,694.1,1376855
36,New York,NY,Northeast,2021,P&S Syphilis,15-19,119,9.8,1208380
36,New York,NY,Northeast,2021,P&S Syphilis,20-24,397,31.9,1245508
36,New York,NY,Northeast,2021,P&S Syphilis,25-29,613,44.5,1376855
37,North Carolina,NC,South,2021,Chlamydia,15-19,16110,2308.8,697765
37,North Carolina,NC,South,2021,Chlamydia,20-24,23999,3421.8,701356
37,North Carolina,NC,South,2021,Chlamydia,25-29,11834,1688.7,700776
37,North Carolina,NC,South,2021,Gonorrhea,15-19,4599,659.1,697765
37,North Carolina,NC,South,2021,Gonorrhea,20-24,8577,1222.9,701356
37,North Carolina,NC,South,2021,Gonorrhea,25-29,6050,863.3,700776
37,North Carolina,NC,South,2021,P&S Syphilis,15-19,76,10.9,697765
37,North Carolina,NC,South,2021,P&S Syphilis,20-24,303,43.2,701356
37,North Carolina,NC,South,2021,P&S Syphilis,25-29,378,53.9,700776
38,North Dakota,ND,Midwest,2021,Chlamydia,15-19,873,1710.5,51038
38,North Dakota,ND,Midwest,2021,Chlamydia,20-24,1520,2456.9,61867
38,North Dakota,ND,Midwest,2021,Chlamydia,25-29,731,1312.7,55687
38,North Dakota,ND,Midwest,2021,Gonorrhea,15-19,195,382.1,51038
38,North Dakota,ND,Midwest,2021,Gonorrhea,20-24,375,606.1,61867
38,North Dakota,ND,Midwest,2021,Gonorrhea,25-29,390,700.4,55687
38,North Dakota,ND,Midwest,2021,P&S Syphilis,15-19,3,5.9,51038
38,North Dakota,ND,Midwest,2021,P&S Syphilis,20-24,7,11.3,61867
38,North Dakota,ND,Midwest,2021,P&S Syphilis,25-29,12,21.5,55687
39,Ohio,OH,Midwest,2021,Chlamydia,15-19,15496,2025.7,764970
39,Ohio,OH,Midwest,2021,Chlamydia,20-24,20538,2744.0,748469
39,Ohio,OH,Midwest,2021,Chlamydia,25-29,9995,1298.8,769557
39,Ohio,OH,Midwest,2021,Gonorrhea,15-19,5033,657.9,764970
39,Ohio,OH,Midwest,2021,Gonorrhea,20-24,7983,1066.6,748469
39,Ohio,OH,Midwest,2021,Gonorrhea,25-29,5637,732.5,769557
39,Ohio,OH,Midwest,2021,P&S Syphilis,15-19,54,7.1,764970
39,Ohio,OH,Midwest,2021,P&S Syphilis,20-24,246,32.9,748469
39,Ohio,OH,Midwest,2021,P&S Syphilis,25-29,332,43.1,769557
40,Oklahoma,OK,South,2021,Chlamydia,15-19,5455,2004.6,272124
40,Oklahoma,OK,South,2021,Chlamydia,20-24,7682,2773.7,276959
40,Oklahoma,OK,South,2021,Chlamydia,25-29,3455,1294.5,266898
40,Oklahoma,OK,South,2021,Gonorrhea,15-19,1535,564.1,272124
40,Oklahoma,OK,South,2021,Gonorrhea,20-24,2729,985.3,276959
40,Oklahoma,OK,South,2021,Gonorrhea,25-29,1936,725.4,266898
40,Oklahoma,OK,South,2021,P&S Syphilis,15-19,52,19.1,272124
40,Oklahoma,OK,South,2021,P&S Syphilis,20-24,160,57.8,276959
40,Oklahoma,OK,South,2021,P&S Syphilis,25-29,241,90.3,266898
41,Oregon,OR,West,2021,Chlamydia,15-19,3220,1282.9,250994
41,Oregon,OR,West,2021,Chlamydia,20-24,5209,2004.1,259917
41,Oregon,OR,West,2021,Chlamydia,25-29,2858,992.0,288105
41,Oregon,OR,West,2021,Gonorrhea,15-19,427,170.1,250994
41,Oregon,OR,West,2021,Gonorrhea,20-24,1208,464.8,259917
41,Oregon,OR,West,2021,Gonorrhea,25-29,1246,432.5,288105
41,Oregon,OR,West,2021,P&S Syphilis,15-19,16,6.4,250994
41,Oregon,OR,West,2021,P&S Syphilis,20-24,114,43.9,259917
41,Oregon,OR,West,2021,P&S Syphilis,25-29,140,48.6,288105
42,Pennsylvania,PA,Northeast,2021,Chlamydia,15-19,13986,1704.8,820389
42,Pennsylvania,PA,Northeast,2021,Chlamydia,20-24,19333,2437.5,793149
42,Pennsylvania,PA,Northeast,2021,Chlamydia,25-29,9535,1158.0,823402
42,Pennsylvania,PA,Northeast,2021,Gonorrhea,15-19,3527,429.9,820389
42,Pennsylvania,PA,Northeast,2021,Gonorrhea,20-24,5136,647.5,793149
42,Pennsylvania,PA,Northeast,2021,Gonorrhea,25-29,3842,466.6,823402
42,Pennsylvania,PA,Northeast,2021,P&S Syphilis,15-19,62,7.6,820389
42,Pennsylvania,PA,Northeast,2021,P&S Syphilis,20-24,197,24.8,793149
42,Pennsylvania,PA,Northeast,2021,P&S Syphilis,25-29,293,35.6,823402
44,Rhode Island,RI,Northeast,2021,Chlamydia,15-19,1097,1499.8,73143
44,Rhode Island,RI,Northeast,2021,Chlamydia,20-24,1665,2200.0,75682
44,Rhode Island,RI,Northeast,2021,Chlamydia,25-29,913,1235.1,73921
44,Rhode Island,RI,Northeast,2021,Gonorrhea,15-19,180,246.1,73143
44,Rhode Island,RI,Northeast,2021,Gonorrhea,20-24,423,558.9,75682
44,Rhode Island,RI,Northeast,2021,Gonorrhea,25-29,385,520.8,73921
44,Rhode Island,RI,Northeast,2021,P&S Syphilis,15-19,10,13.7,73143
44,Rhode Island,RI,Northeast,2021,P&S Syphilis,20-24,28,37.0,75682
44,Rhode Island,RI,Northeast,2021,P&S Syphilis,25-29,43,58.2,73921
45,South Carolina,SC,South,2021,Chlamydia,15-19,9694,2926.3,331272
45,South Carolina,SC,South,2021,Chlamydia,20-24,13600,4118.7,330201
45,South Carolina,SC,South,2021,Chlamydia,25-29,6493,1975.0,328759
45,South Carolina,SC,South,2021,Gonorrhea,15-19,2868,865.8,331272
45,South Carolina,SC,South,2021,Gonorrhea,20-24,4802,1454.3,330201
45,South Carolina,SC,South,2021,Gonorrhea,25-29,3337,1015.0,328759
45,South Carolina,SC,South,2021,P&S Syphilis,15-19,33,10.0,331272
45,South Carolina,SC,South,2021,P&S Syphilis,20-24,135,40.9,330201
45,South Carolina,SC,South,2021,P&S Syphilis,25-29,190,57.8,328759
46,South Dakota,SD,Midwest,2021,Chlamydia,15-19,1172,1923.5,60931
46,South Dakota,SD,Midwest,2021,Chlamydia,20-24,1625,2740.1,59304
46,South Dakota,SD,Midwest,2021,Chlamydia,25-29,890,1582.3,56247
46,South Dakota,SD,Midwest,2021,Gonorrhea,15-19,424,695.9,60931
46,South Dakota,SD,Midwest,2021,Gonorrhea,20-24,659,1111.2,59304
46,South Dakota,SD,Midwest,2021,Gonorrhea,25-29,694,1233.8,56247
46,South Dakota,SD,Midwest,2021,P&S Syphilis,15-19,23,37.7,60931
46,South Dakota,SD,Midwest,2021,P&S Syphilis,20-24,58,97.8,59304
46,South Dakota,SD,Midwest,2021,P&S Syphilis,25-29,100,177.8,56247
47,Tennessee,TN,South,2021,Chlamydia,15-19,9802,2240.7,437453
47,Tennessee,TN,South,2021,Chlamydia,20-24,14627,3254.4,449453
47,Tennessee,TN,South,2021,Chlamydia,25-29,7492,1557.4,481058
47,Tennessee,TN,South,2021,Gonorrhea,15-19,3164,723.3,437453
47,Tennessee,TN,South,2021,Gonorrhea,20-24,5362,1193.0,449453
47,Tennessee,TN,South,2021,Gonorrhea,25-29,4056,843.1,481058
47,Tennessee,TN,South,2021,P&S Syphilis,15-19,56,12.8,437453
47,Tennessee,TN,South,2021,P&S Syphilis,20-24,133,29.6,449453
47,Tennessee,TN,South,2021,P&S Syphilis,25-29,192,39.9,481058
48,Texas,TX,South,2021,Chlamydia,15-19,35472,1673.1,2120136
48,Texas,TX,South,2021,Chlamydia,20-24,53805,2649.5,2030761
48,Texas,TX,South,2021,Chlamydia,25-29,28306,1345.3,2104066
48,Texas,TX,South,2021,Gonorrhea,15-19,10866,512.5,2120136
48,Texas,TX,South,2021,Gonorrhea,20-24,18354,903.8,2030761
48,Texas,TX,South,2021,Gonorrhea,25-29,13391,636.4,2104066
48,Texas,TX,South,2021,P&S Syphilis,15-19,218,10.3,2120136
48,Texas,TX,South,2021,P&S Syphilis,20-24,702,34.6,2030761
48,Texas,TX,South,2021,P&S Syphilis,25-29,827,39.3,2104066
49,Utah,UT,West,2021,Chlamydia,15-19,2387,882.9,270359
49,Utah,UT,West,2021,Chlamydia,20-24,4067,1467.9,277062
49,Utah,UT,West,2021,Chlamydia,25-29,2092,823.0,254192
49,Utah,UT,West,2021,Gonorrhea,15-19,351,129.8,270359
49,Utah,UT,West,2021,Gonorrhea,20-24,754,272.1,277062
49,Utah,UT,West,2021,Gonorrhea,25-29,756,297.4,254192
49,Utah,UT,West,2021,P&S Syphilis,15-19,4,1.5,270359
49,Utah,UT,West,2021,P&S Syphilis,20-24,28,10.1,277062
49,Utah,UT,West,2021,P&S Syphilis,25-29,32,12.6,254192
50,Vermont,VT,Northeast,2021,Chlamydia,15-19,202,472.4,42760
50,Vermont,VT,Northeast,2021,Chlamydia,20-24,357,787.0,45362
50,Vermont,VT,Northeast,2021,Chlamydia,25-29,164,425.8,38516
50,Vermont,VT,Northeast,2021,Gonorrhea,15-19,13,30.4,42760
50,Vermont,VT,Northeast,2021,Gonorrhea,20-24,34,75.0,45362
50,Vermont,VT,Northeast,2021,Gonorrhea,25-29,33,85.7,38516
50,Vermont,VT,Northeast,2021,P&S Syphilis,15-19,0,0.0,42760
50,Vermont,VT,Northeast,2021,P&S Syphilis,20-24,1,2.2,45362
50,Vermont,VT,Northeast,2021,P&S Syphilis,25-29,0,0.0,38516
51,Virginia,VA,South,2021,Chlamydia,15-19,4769,856.7,556671
51,Virginia,VA,South,2021,Chlamydia,20-24,17302,3022.6,572421
51,Virginia,VA,South,2021,Chlamydia,25-29,9162,1575.5,581530
51,Virginia,VA,South,2021,Gonorrhea,15-19,1050,188.6,556671
51,Virginia,VA,South,2021,Gonorrhea,20-24,4217,736.7,572421
51,Virginia,VA,South,2021,Gonorrhea,25-29,3295,566.6,581530
51,Virginia,VA,South,2021,P&S Syphilis,15-19,14,2.5,556671
51,Virginia,VA,South,2021,P&S Syphilis,20-24,104,18.2,572421
51,Virginia,VA,South,2021,P&S Syphilis,25-29,128,22.0,581530
53,Washington,WA,West,2021,Chlamydia,15-19,5801,1262.1,459631
53,Washington,WA,West,2021,Chlamydia,20-24,10388,2178.6,476820
53,Washington,WA,West,2021,Chlamydia,25-29,5657,1003.0,564008
53,Washington,WA,West,2021,Gonorrhea,15-19,907,197.3,459631
53,Washington,WA,West,2021,Gonorrhea,20-24,2219,465.4,476820
53,Washington,WA,West,2021,Gonorrhea,25-29,2296,407.1,564008
53,Washington,WA,West,2021,P&S Syphilis,15-19,33,7.2,459631
53,Washington,WA,West,2021,P&S Syphilis,20-24,154,32.3,476820
53,Washington,WA,West,2021,P&S Syphilis,25-29,240,42.6,564008
54,West Virginia,WV,South,2021,Chlamydia,15-19,1320,1227.3,107553
54,West Virginia,WV,South,2021,Chlamydia,20-24,2129,1925.8,110551
54,West Virginia,WV,South,2021,Chlamydia,25-29,835,788.8,105857
54,West Virginia,WV,South,2021,Gonorrhea,15-19,191,177.6,107553
54,West Virginia,WV,South,2021,Gonorrhea,20-24,403,364.5,110551
54,West Virginia,WV,South,2021,Gonorrhea,25-29,337,318.4,105857
54,West Virginia,WV,South,2021,P&S Syphilis,15-19,8,7.4,107553
54,West Virginia,WV,South,2021,P&S Syphilis,20-24,24,21.7,110551
54,West Virginia,WV,South,2021,P&S Syphilis,25-29,39,36.8,105857
55,Wisconsin,WI,Midwest,2021,Chlamydia,15-19,7073,1825.8,387392
55,Wisconsin,WI,Midwest,2021,Chlamydia,20-24,10355,2631.6,393487
55,Wisconsin,WI,Midwest,2021,Chlamydia,25-29,5175,1387.6,372946
55,Wisconsin,WI,Midwest,2021,Gonorrhea,15-19,2136,551.4,387392
55,Wisconsin,WI,Midwest,2021,Gonorrhea,20-24,2720,691.2,393487
55,Wisconsin,WI,Midwest,2021,Gonorrhea,25-29,2071,555.3,372946
55,Wisconsin,WI,Midwest,2021,P&S Syphilis,15-19,27,7.0,387392
55,Wisconsin,WI,Midwest,2021,P&S Syphilis,20-24,108,27.4,393487
55,Wisconsin,WI,Midwest,2021,P&S Syphilis,25-29,143,38.3,372946
56,Wyoming,WY,West,2021,Chlamydia,15-19,578,1511.9,38230
56,Wyoming,WY,West,2021,Chlamydia,20-24,795,2111.8,37646
56,Wyoming,WY,West,2021,Chlamydia,25-29,327,922.1,35463
56,Wyoming,WY,West,2021,Gonorrhea,15-19,54,141.2,38230
56,Wyoming,WY,West,2021,Gonorrhea,20-24,142,377.2,37646
56,Wyoming,WY,West,2021,Gonorrhea,25-29,99,279.2,35463
56,Wyoming,WY,West,2021,P&S Syphilis,15-19,0,0.0,38230
56,Wyoming,WY,West,2021,P&S Syphilis,20-24,5,13.3,37646
56,Wyoming,WY,West,2021,P&S Syphilis,25-29,2,5.6,35463
01,Alabama,AL,South,2020,Chlamydia,15-19,7979,2463.1,323941
01,Alabama,AL,South,2020,Chlamydia,20-24,10270,3154.1,325608
01,Alabama,AL,South,2020,Chlamydia,25-29,4662,1402.0,332525
01,Alabama,AL,South,2020,Gonorrhea,15-19,3004,927.3,323941
01,Alabama,AL,South,2020,Gonorrhea,20-24,4562,1401.1,325608
01,Alabama,AL,South,2020,Gonorrhea,25-29,2947,886.2,332525
01,Alabama,AL,South,2020,P&S Syphilis,15-19,29,9.0,323941
01,Alabama,AL,South,2020,P&S Syphilis,20-24,105,32.2,325608
01,Alabama,AL,South,2020,P&S Syphilis,25-29,118,35.5,332525
02,Alaska,AK,West,2020,Chlamydia,15-19,1039,2269.8,45775
02,Alaska,AK,West,2020,Chlamydia,20-24,1696,3380.4,50172
02,Alaska,AK,West,2020,Chlamydia,25-29,976,1693.4,57636
02,Alaska,AK,West,2020,Gonorrhea,15-19,227,495.9,45775
02,Alaska,AK,West,2020,Gonorrhea,20-24,498,992.6,50172
02,Alaska,AK,West,2020,Gonorrhea,25-29,396,687.1,57636
02,Alaska,AK,West,2020,P&S Syphilis,15-19,4,8.7,45775
02,Alaska,AK,West,2020,P&S Syphilis,20-24,22,43.9,50172
02,Alaska,AK,West,2020,P&S Syphilis,25-29,28,48.6,57636
04,Arizona,AZ,West,2020,Chlamydia,15-19,8218,1727.7,475661
04,Arizona,AZ,West,2020,Chlamydia,20-24,13697,2850.8,480462
04,Arizona,AZ,West,2020,Chlamydia,25-29,7235,1447.3,499896
04,Arizona,AZ,West,2020,Gonorrhea,15-19,2112,444.0,475661
04,Arizona,AZ,West,2020,Gonorrhea,20-24,4007,834.0,480462
04,Arizona,AZ,West,2020,Gonorrhea,25-29,3468,693.8,499896
04,Arizona,AZ,West,2020,P&S Syphilis,15-19,76,16.0,475661
04,Arizona,AZ,West,2020,P&S Syphilis,20-24,230,47.9,480462
04,Arizona,AZ,West,2020,P&S Syphilis,25-29,285,57.0,499896
05,Arkansas,AR,South,2020,Chlamydia,15-19,4887,2444.3,199935
05,Arkansas,AR,South,2020,Chlamydia,20-24,6003,3042.0,197337
05,Arkansas,AR,South,2020,Chlamydia,25-29,2649,1340.3,197642
05,Arkansas,AR,South,2020,Gonorrhea,15-19,1641,820.8,199935
05,Arkansas,AR,South,2020,Gonorrhea,20-24,2429,1230.9,197337
05,Arkansas,AR,South,2020,Gonorrhea,25-29,1480,748.8,197642
05,Arkansas,AR,South,2020,P&S Syphilis,15-19,37,18.5,199935
05,Arkansas,AR,South,2020,P&S Syphilis,20-24,85,43.1,197337
05,Arkansas,AR,South,2020,P&S Syphilis,25-29,105,53.1,197642
06,California,CA,West,2020,Chlamydia,15-19,30006,1163.0,2580052
06,California,CA,West,2020,Chlamydia,20-24,61635,2384.1,2585252
06,California,CA,West,2020,Chlamydia,25-29,38291,1289.6,2969215
06,California,CA,West,2020,Gonorrhea,15-19,6822,264.4,2580052
06,California,CA,West,2020,Gonorrhea,20-24,17083,660.8,2585252
06,California,CA,West,2020,Gonorrhea,25-29,17781,598.9,2969215
06,California,CA,West,2020,P&S Syphilis,15-19,257,10.0,2580052
06,California,CA,West,2020,P&S Syphilis,20-24,1043,40.3,2585252
06,California,CA,West,2020,P&S Syphilis,25-29,1565,52.7,2969215
08,Colorado,CO,West,2020,Chlamydia,15-19,6472,1740.6,371826
08,Colorado,CO,West,2020,Chlamydia,20-24,9196,2463.2,373335
08,Colorado,CO,West,2020,Chlamydia,25-29,4726,1054.3,448260
08,Colorado,CO,West,2020,Gonorrhea,15-19,1386,372.8,371826
08,Colorado,CO,West,2020,Gonorrhea,20-24,2249,602.4,373335
08,Colorado,CO,West,2020,Gonorrhea,25-29,1934,431.4,448260
08,Colorado,CO,West,2020,P&S Syphilis,15-19,27,7.3,371826
08,Colorado,CO,West,2020,P&S Syphilis,20-24,77,20.6,373335
08,Colorado,CO,West,2020,P&S Syphilis,25-29,140,31.2,448260
09,Connecticut,CT,Northeast,2020,Chlamydia,15-19,3098,1272.0,243553
09,Connecticut,CT,Northeast,2020,Chlamydia,20-24,4731,1980.5,238879
09,Connecticut,CT,Northeast,2020,Chlamydia,25-29,2330,1044.2,223137
09,Connecticut,CT,Northeast,2020,Gonorrhea,15-19,600,246.4,243553
09,Connecticut,CT,Northeast,2020,Gonorrhea,20-24,1243,520.3,238879
09,Connecticut,CT,Northeast,2020,Gonorrhea,25-29,997,446.8,223137
09,Connecticut,CT,Northeast,2020,P&S Syphilis,15-19,12,4.9,243553
09,Connecticut,CT,Northeast,2020,P&S Syphilis,20-24,36,15.1,238879
09,Connecticut,CT,Northeast,2020,P&S Syphilis,25-29,53,23.8,223137
10,Delaware,DE,South,2020,Chlamydia,15-19,1321,2129.4,62036
10,Delaware,DE,South,2020,Chlamydia,20-24,1835,3213.0,57112
10,Delaware,DE,South,2020,Chlamydia,25-29,839,1326.7,63240
10,Delaware,DE,South,2020,Gonorrhea,15-19,196,316.0,62036
10,Delaware,DE,South,2020,Gonorrhea,20-24,412,721.4,57112
10,Delaware,DE,South,2020,Gonorrhea,25-29,307,485.4,63240
10,Delaware,DE,South,2020,P&S Syphilis,15-19,4,6.4,62036
10,Delaware,DE,South,2020,P&S Syphilis,20-24,14,24.5,57112
10,Delaware,DE,South,2020,P&S Syphilis,25-29,18,28.5,63240
11,District of Columbia,DC,South,2020,Chlamydia,15-19,1330,3704.7,35900
11,District of Columbia,DC,South,2020,Chlamydia,20-24,1750,3572.7,48983
11,District of Columbia,DC,South,2020,Chlamydia,25-29,1458,1878.1,77632
11,District of Columbia,DC,South,2020,Gonorrhea,15-19,455,1267.4,35900
11,District of Columbia,DC,South,2020,Gonorrhea,20-24,817,1668.0,48983
11,District of Columbia,DC,South,2020,Gonorrhea,25-29,939,1209.5,77632
11,District of Columbia,DC,South,2020,P&S Syphilis,15-19,7,19.5,35900
11,District of Columbia,DC,South,2020,P&S Syphilis,20-24,29,59.2,48983
11,District of Columbia,DC,South,2020,P&S Syphilis,25-29,51,65.7,77632
12,Florida,FL,South,2020,Chlamydia,15-19,25157,2058.9,1221866
12,Florida,FL,South,2020,Chlamydia,20-24,35849,2889.5,1240664
12,Florida,FL,South,2020,Chlamydia,25-29,18559,1362.3,1362328
12,Florida,FL,South,2020,Gonorrhea,15-19,6472,529.7,1221866
12,Florida,FL,South,2020,Gonorrhea,20-24,11204,903.1,1240664
12,Florida,FL,South,2020,Gonorrhea,25-29,8535,626.5,1362328
12,Florida,FL,South,2020,P&S Syphilis,15-19,171,14.0,1221866
12,Florida,FL,South,2020,P&S Syphilis,20-24,556,44.8,1240664
12,Florida,FL,South,2020,P&S Syphilis,25-29,646,47.4,1362328
13,Georgia,GA,South,2020,Chlamydia,15-19,17143,2293.4,747493
13,Georgia,GA,South,2020,Chlamydia,20-24,23033,3218.7,715599
13,Georgia,GA,South,2020,Chlamydia,25-29,11478,1531.2,749608
13,Georgia,GA,South,2020,Gonorrhea,15-19,3464,463.4,747493
13,Georgia,GA,South,2020,Gonorrhea,20-24,6683,933.9,715599
13,Georgia,GA,South,2020,Gonorrhea,25-29,5331,711.2,749608
13,Georgia,GA,South,2020,P&S Syphilis,15-19,70,9.4,747493
13,Georgia,GA,South,2020,P&S Syphilis,20-24,289,40.4,715599
13,Georgia,GA,South,2020,P&S Syphilis,25-29,401,53.5,749608
15,Hawaii,HI,West,2020,Chlamydia,15-19,1144,1442.2,79323
15,Hawaii,HI,West,2020,Chlamydia,20-24,2746,3068.9,89478
15,Hawaii,HI,West,2020,Chlamydia,25-29,1427,1422.9,100288
15,Hawaii,HI,West,2020,Gonorrhea,15-19,142,179.0,79323
15,Hawaii,HI,West,2020,Gonorrhea,20-24,383,428.0,89478
15,Hawaii,HI,West,2020,Gonorrhea,25-29,287,286.2,100288
15,Hawaii,HI,West,2020,P&S Syphilis,15-19,6,7.6,79323
15,Hawaii,HI,West,2020,P&S Syphilis,20-24,22,24.6,89478
15,Hawaii,HI,West,2020,P&S Syphilis,25-29,27,26.9,100288
16,Idaho,ID,West,2020,Chlamydia,15-19,1713,1311.7,130594
16,Idaho,ID,West,2020,Chlamydia,20-24,2410,2025.1,119006
16,Idaho,ID,West,2020,Chlamydia,25-29,1032,853.8,120871
16,Idaho,ID,West,2020,Gonorrhea,15-19,203,155.4,130594
16,Idaho,ID,West,2020,Gonorrhea,20-24,449,377.3,119006
16,Idaho,ID,West,2020,Gonorrhea,25-29,288,238.3,120871
16,Idaho,ID,West,2020,P&S Syphilis,15-19,6,4.6,130594
16,Idaho,ID,West,2020,P&S Syphilis,20-24,8,6.7,119006
16,Idaho,ID,West,2020,P&S Syphilis,25-29,18,14.9,120871
17,Illinois,IL,Midwest,2020,Chlamydia,15-19,17368,2055.7,844870
17,Illinois,IL,Midwest,2020,Chlamydia,20-24,24644,2992.8,823443
17,Illinois,IL,Midwest,2020,Chlamydia,25-29,13637,1551.5,878956
17,Illinois,IL,Midwest,2020,Gonorrhea,15-19,5581,660.6,844870
17,Illinois,IL,Midwest,2020,Gonorrhea,20-24,8764,1064.3,823443
17,Illinois,IL,Midwest,2020,Gonorrhea,25-29,7133,811.5,878956
17,Illinois,IL,Midwest,2020,P&S Syphilis,15-19,54,6.4,844870
17,Illinois,IL,Midwest,2020,P&S Syphilis,20-24,215,26.1,823443
17,Illinois,IL,Midwest,2020,P&S Syphilis,25-29,323,36.7,878956
18,Indiana,IN,Midwest,2020,Chlamydia,15-19,9309,1999.0,465683
18,Indiana,IN,Midwest,2020,Chlamydia,20-24,12553,2675.7,469148
18,Indiana,IN,Midwest,2020,Chlamydia,25-29,5974,1314.7,454400
18,Indiana,IN,Midwest,2020,Gonorrhea,15-19,2558,549.3,465683
18,Indiana,IN,Midwest,2020,Gonorrhea,20-24,4214,898.2,469148
18,Indiana,IN,Midwest,2020,Gonorrhea,25-29,2996,659.3,454400
18,Indiana,IN,Midwest,2020,P&S Syphilis,15-19,21,4.5,465683
18,Indiana,IN,Midwest,2020,P&S Syphilis,20-24,100,21.3,469148
18,Indiana,IN,Midwest,2020,P&S Syphilis,25-29,117,25.7,454400
19,Iowa,IA,Midwest,2020,Chlamydia,15-19,4078,1865.5,218601
19,Iowa,IA,Midwest,2020,Chlamydia,20-24,5836,2599.9,224470
19,Iowa,IA,Midwest,2020,Chlamydia,25-29,2482,1223.5,202861
19,Iowa,IA,Midwest,2020,Gonorrhea,15-19,1004,459.3,218601
19,Iowa,IA,Midwest,2020,Gonorrhea,20-24,1823,812.1,224470
19,Iowa,IA,Midwest,2020,Gonorrhea,25-29,1455,717.2,202861
19,Iowa,IA,Midwest,2020,P&S Syphilis,15-19,4,1.8,218601
19,Iowa,IA,Midwest,2020,P&S Syphilis,20-24,40,17.8,224470
19,Iowa,IA,Midwest,2020,P&S Syphilis,25-29,46,22.7,202861
20,Kansas,KS,Midwest,2020,Chlamydia,15-19,4218,2054.4,205315
20,Kansas,KS,Midwest,2020,Chlamydia,20-24,5670,2693.9,210476
20,Kansas,KS,Midwest,2020,Chlamydia,25-29,2417,1254.0,192743
20,Kansas,KS,Midwest,2020,Gonorrhea,15-19,1052,512.4,205315
20,Kansas,KS,Midwest,2020,Gonorrhea,20-24,1664,790.6,210476
20,Kansas,KS,Midwest,2020,Gonorrhea,25-29,1056,547.9,192743
20,Kansas,KS,Midwest,2020,P&S Syphilis,15-19,5,2.4,205315
20,Kansas,KS,Midwest,2020,P&S Syphilis,20-24,26,12.4,210476
20,Kansas,KS,Midwest,2020,P&S Syphilis,25-29,36,18.7,192743
21,Kentucky,KY,South,2020,Chlamydia,15-19,4884,1668.7,292683
21,Kentucky,KY,South,2020,Chlamydia,20-24,7004,2362.2,296503
21,Kentucky,KY,South,2020,Chlamydia,25-29,3378,1121.7,301150
21,Kentucky,KY,South,2020,Gonorrhea,15-19,1215,415.1,292683
21,Kentucky,KY,South,2020,Gonorrhea,20-24,2342,789.9,296503
21,Kentucky,KY,South,2020,Gonorrhea,25-29,1765,586.1,301150
21,Kentucky,KY,South,2020,P&S Syphilis,15-19,14,4.8,292683
21,Kentucky,KY,South,2020,P&S Syphilis,20-24,74,25.0,296503
21,Kentucky,KY,South,2020,P&S Syphilis,25-29,73,24.2,301150
22,Louisiana,LA,South,2020,Chlamydia,15-19,10456,3501.4,298623
22,Louisiana,LA,South,2020,Chlamydia,20-24,12074,4021.9,300206
22,Louisiana,LA,South,2020,Chlamydia,25-29,5306,1656.0,320411
22,Louisiana,LA,South,2020,Gonorrhea,15-19,3463,1159.7,298623
22,Louisiana,LA,South,2020,Gonorrhea,20-24,4861,1619.2,300206
22,Louisiana,LA,South,2020,Gonorrhea,25-29,2904,906.3,320411
22,Louisiana,LA,South,2020,P&S Syphilis,15-19,64,21.4,298623
22,Louisiana,LA,South,2020,P&S Syphilis,20-24,146,48.6,300206
22,Louisiana,LA,South,2020,P&S Syphilis,25-29,154,48.1,320411
23,Maine,ME,Northeast,2020,Chlamydia,15-19,371,467.2,79409
23,Maine,ME,Northeast,2020,Chlamydia,20-24,575,772.4,74443
23,Maine,ME,Northeast,2020,Chlamydia,25-29,275,343.9,79965
23,Maine,ME,Northeast,2020,Gonorrhea,15-19,57,71.8,79409
23,Maine,ME,Northeast,2020,Gonorrhea,20-24,135,181.3,74443
23,Maine,ME,Northeast,2020,Gonorrhea,25-29,115,143.8,79965
23,Maine,ME,Northeast,2020,P&S Syphilis,15-19,1,1.3,79409
23,Maine,ME,Northeast,2020,P&S Syphilis,20-24,3,4.0,74443
23,Maine,ME,Northeast,2020,P&S Syphilis,25-29,5,6.3,79965
24,Maryland,MD,South,2020,Chlamydia,15-19,9005,2288.8,393438
24,Maryland,MD,South,2020,Chlamydia,20-24,11840,3184.7,371778
24,Maryland,MD,South,2020,Chlamydia,25-29,5653,1397.7,404450
24,Maryland,MD,South,2020,Gonorrhea,15-19,1862,473.3,393438
24,Maryland,MD,South,2020,Gonorrhea,20-24,3304,888.7,371778
24,Maryland,MD,South,2020,Gonorrhea,25-29,2581,638.1,404450
24,Maryland,MD,South,2020,P&S Syphilis,15-19,39,9.9,393438
24,Maryland,MD,South,2020,P&S Syphilis,20-24,127,34.2,371778
24,Maryland,MD,South,2020,P&S Syphilis,25-29,177,43.8,404450
25,Massachusetts,MA,Northeast,2020,Chlamydia,15-19,5246,1128.6,464824
25,Massachusetts,MA,Northeast,2020,Chlamydia,20-24,9427,1941.4,485577
25,Massachusetts,MA,Northeast,2020,Chlamydia,25-29,4950,991.0,499495
25,Massachusetts,MA,Northeast,2020,Gonorrhea,15-19,815,175.3,464824
25,Massachusetts,MA,Northeast,2020,Gonorrhea,20-24,1875,386.1,485577
25,Massachusetts,MA,Northeast,2020,Gonorrhea,25-29,1652,330.7,499495
25,Massachusetts,MA,Northeast,2020,P&S Syphilis,15-19,23,4.9,464824
25,Massachusetts,MA,Northeast,2020,P&S Syphilis,20-24,86,17.7,485577
25,Massachusetts,MA,Northeast,2020,P&S Syphilis,25-29,129,25.8,499495
26,Michigan,MI,Midwest,2020,Chlamydia,15-19,12244,1867.0,655811
26,Michigan,MI,Midwest,2020,Chlamydia,20-24,16898,2512.0,672691
26,Michigan,MI,Midwest,2020,Chlamydia,25-29,8137,1197.5,679499
26,Michigan,MI,Midwest,2020,Gonorrhea,15-19,4050,617.5,655811
26,Michigan,MI,Midwest,2020,Gonorrhea,20-24,6809,1012.2,672691
26,Michigan,MI,Midwest,2020,Gonorrhea,25-29,5306,780.8,679499
26,Michigan,MI,Midwest,2020,P&S Syphilis,15-19,28,4.3,655811
26,Michigan,MI,Midwest,2020,P&S Syphilis,20-24,122,18.1,672691
26,Michigan,MI,Midwest,2020,P&S Syphilis,25-29,178,26.2,679499
27,Minnesota,MN,Midwest,2020,Chlamydia,15-19,5573,1497.1,372253
27,Minnesota,MN,Midwest,2020,Chlamydia,20-24,8070,2286.2,352987
27,Minnesota,MN,Midwest,2020,Chlamydia,25-29,3908,1049.4,372403
27,Minnesota,MN,Midwest,2020,Gonorrhea,15-19,1678,450.8,372253
27,Minnesota,MN,Midwest,2020,Gonorrhea,20-24,2564,726.4,352987
27,Minnesota,MN,Midwest,2020,Gonorrhea,25-29,2106,565.5,372403
27,Minnesota,MN,Midwest,2020,P&S Syphilis,15-19,13,3.5,372253
27,Minnesota,MN,Midwest,2020,P&S Syphilis,20-24,69,19.5,352987
27,Minnesota,MN,Midwest,2020,P&S Syphilis,25-29,76,20.4,372403
28,Mississippi,MS,South,2020,Chlamydia,15-19,7312,3603.9,202891
28,Mississippi,MS,South,2020,Chlamydia,20-24,9091,4599.4,197656
28,Mississippi,MS,South,2020,Chlamydia,25-29,4158,2107.3,197314
28,Mississippi,MS,South,2020,Gonorrhea,15-19,3087,1521.5,202891
28,Mississippi,MS,South,2020,Gonorrhea,20-24,4532,2292.9,197656
28,Mississippi,MS,South,2020,Gonorrhea,25-29,2792,1415.0,197314
28,Mississippi,MS,South,2020,P&S Syphilis,15-19,75,37.0,202891
28,Mississippi,MS,South,2020,P&S Syphilis,20-24,185,93.6,197656
28,Mississippi,MS,South,2020,P&S Syphilis,25-29,178,90.2,197314
29,Missouri,MO,Midwest,2020,Chlamydia,15-19,9139,2302.6,396899
29,Missouri,MO,Midwest,2020,Chlamydia,20-24,11586,2899.3,399614
29,Missouri,MO,Midwest,2020,Chlamydia,25-29,5504,1337.8,411422
29,Missouri,MO,Midwest,2020,Gonorrhea,15-19,2843,716.3,396899
29,Missouri,MO,Midwest,2020,Gonorrhea,20-24,4589,1148.4,399614
29,Missouri,MO,Midwest,2020,Gonorrhea,25-29,3576,869.2,411422
29,Missouri,MO,Midwest,2020,P&S Syphilis,15-19,41,10.3,396899
29,Missouri,MO,Midwest,2020,P&S Syphilis,20-24,107,26.8,399614
29,Missouri,MO,Midwest,2020,P&S Syphilis,25-29,176,42.8,411422
30,Montana,MT,West,2020,Chlamydia,15-19,1124,1699.1,66153
30,Montana,MT,West,2020,Chlamydia,20-24,1473,2053.7,71724
30,Montana,MT,West,2020,Chlamydia,25-29,661,934.5,70733
30,Montana,MT,West,2020,Gonorrhea,15-19,185,279.7,66153
30,Montana,MT,West,2020,Gonorrhea,20-24,361,503.3,71724
30,Montana,MT,West,2020,Gonorrhea,25-29,348,492.0,70733
30,Montana,MT,West,2020,P&S Syphilis,15-19,0,0.0,66153
30,Montana,MT,West,2020,P&S Syphilis,20-24,3,4.2,71724
30,Montana,MT,West,2020,P&S Syphilis,25-29,11,15.6,70733
31,Nebraska,NE,Midwest,2020,Chlamydia,15-19,2332,1700.7,137120
31,Nebraska,NE,Midwest,2020,Chlamydia,20-24,3561,2632.4,135276
31,Nebraska,NE,Midwest,2020,Chlamydia,25-29,1413,1099.7,128490
31,Nebraska,NE,Midwest,2020,Gonorrhea,15-19,507,369.8,137120
31,Nebraska,NE,Midwest,2020,Gonorrhea,20-24,976,721.5,135276
31,Nebraska,NE,Midwest,2020,Gonorrhea,25-29,682,530.8,128490
31,Nebraska,NE,Midwest,2020,P&S Syphilis,15-19,8,5.8,137120
31,Nebraska,NE,Midwest,2020,P&S Syphilis,20-24,24,17.7,135276
31,Nebraska,NE,Midwest,2020,P&S Syphilis,25-29,21,16.3,128490
32,Nevada,NV,West,2020,Chlamydia,15-19,2855,1530.2,186577
32,Nevada,NV,West,2020,Chlamydia,20-24,4576,2524.4,181271
32,Nevada,NV,West,2020,Chlamydia,25-29,2790,1252.7,222719
32,Nevada,NV,West,2020,Gonorrhea,15-19,671,359.6,186577
32,Nevada,NV,West,2020,Gonorrhea,20-24,1370,755.8,181271
32,Nevada,NV,West,2020,Gonorrhea,25-29,1309,587.7,222719
32,Nevada,NV,West,2020,P&S Syphilis,15-19,23,12.3,186577
32,Nevada,NV,West,2020,P&S Syphilis,20-24,80,44.1,181271
32,Nevada,NV,West,2020,P&S Syphilis,25-29,158,70.9,222719
33,New Hampshire,NH,Northeast,2020,Chlamydia,15-19,616,718.9,85686
33,New Hampshire,NH,Northeast,2020,Chlamydia,20-24,1241,1426.9,86972
33,New Hampshire,NH,Northeast,2020,Chlamydia,25-29,542,627.0,86443
33,New Hampshire,NH,Northeast,2020,Gonorrhea,15-19,51,59.5,85686
33,New Hampshire,NH,Northeast,2020,Gonorrhea,20-24,97,111.5,86972
33,New Hampshire,NH,Northeast,2020,Gonorrhea,25-29,93,107.6,86443
33,New Hampshire,NH,Northeast,2020,P&S Syphilis,15-19,1,1.2,85686
33,New Hampshire,NH,Northeast,2020,P&S Syphilis,20-24,6,6.9,86972
33,New Hampshire,NH,Northeast,2020,P&S Syphilis,25-29,11,12.7,86443
34,New Jersey,NJ,Northeast,2020,Chlamydia,15-19,7728,1319.9,585499
34,New Jersey,NJ,Northeast,2020,Chlamydia,20-24,12338,2223.3,554941
34,New Jersey,NJ,Northeast,2020,Chlamydia,25-29,5965,1015.6,587338
34,New Jersey,NJ,Northeast,2020,Gonorrhea,15-19,1766,301.6,585499
34,New Jersey,NJ,Northeast,2020,Gonorrhea,20-24,2872,517.5,554941
34,New Jersey,NJ,Northeast,2020,Gonorrhea,25-29,2239,381.2,587338
34,New Jersey,NJ,Northeast,2020,P&S Syphilis,15-19,32,5.5,585499
34,New Jersey,NJ,Northeast,2020,P&S Syphilis,20-24,119,21.4,554941
34,New Jersey,NJ,Northeast,2020,P&S Syphilis,25-29,159,27.1,587338
35,New Mexico,NM,West,2020,Chlamydia,15-19,2988,2095.5,142591
35,New Mexico,NM,West,2020,Chlamydia,20-24,4157,2973.3,139811
35,New Mexico,NM,West,2020,Chlamydia,25-29,2194,1540.6,142412
35,New Mexico,NM,West,2020,Gonorrhea,15-19,438,307.2,142591
35,New Mexico,NM,West,2020,Gonorrhea,20-24,951,680.2,139811
35,New Mexico,NM,West,2020,Gonorrhea,25-29,978,686.7,142412
35,New Mexico,NM,West,2020,P&S Syphilis,15-19,22,15.4,142591
35,New Mexico,NM,West,2020,P&S Syphilis,20-24,71,50.8,139811
35,New Mexico,NM,West,2020,P&S Syphilis,25-29,88,61.8,142412
36,New York,NY,Northeast,2020,Chlamydia,15-19,21611,1751.8,1233645
36,New York,NY,Northeast,2020,Chlamydia,20-24,32437,2519.7,1287336
36,New York,NY,Northeast,2020,Chlamydia,25-29,19578,1337.1,1464214
36,New York,NY,Northeast,2020,Gonorrhea,15-19,5814,471.3,1233645
36,New York,NY,Northeast,2020,Gonorrhea,20-24,10033,779.4,1287336
36,New York,NY,Northeast,2020,Gonorrhea,25-29,9422,643.5,1464214
36,New York,NY,Northeast,2020,P&S Syphilis,15-19,93,7.5,1233645
36,New York,NY,Northeast,2020,P&S Syphilis,20-24,359,27.9,1287336
36,New York,NY,Northeast,2020,P&S Syphilis,25-29,667,45.6,1464214
37,North Carolina,NC,South,2020,Chlamydia,15-19,17379,2505.3,693689
37,North Carolina,NC,South,2020,Chlamydia,20-24,24174,3517.2,687308
37,North Carolina,NC,South,2020,Chlamydia,25-29,11928,1690.5,705590
37,North Carolina,NC,South,2020,Gonorrhea,15-19,4716,679.8,693689
37,North Carolina,NC,South,2020,Gonorrhea,20-24,8320,1210.5,687308
37,North Carolina,NC,South,2020,Gonorrhea,25-29,6253,886.2,705590
37,North Carolina,NC,South,2020,P&S Syphilis,15-19,63,9.1,693689
37,North Carolina,NC,South,2020,P&S Syphilis,20-24,205,29.8,687308
37,North Carolina,NC,South,2020,P&S Syphilis,25-29,284,40.3,705590
38,North Dakota,ND,Midwest,2020,Chlamydia,15-19,847,1698.9,49856
38,North Dakota,ND,Midwest,2020,Chlamydia,20-24,1331,2119.0,62813
38,North Dakota,ND,Midwest,2020,Chlamydia,25-29,651,1111.5,58570
38,North Dakota,ND,Midwest,2020,Gonorrhea,15-19,185,371.1,49856
38,North Dakota,ND,Midwest,2020,Gonorrhea,20-24,405,644.8,62813
38,North Dakota,ND,Midwest,2020,Gonorrhea,25-29,405,691.5,58570
38,North Dakota,ND,Midwest,2020,P&S Syphilis,15-19,2,4.0,49856
38,North Dakota,ND,Midwest,2020,P&S Syphilis,20-24,2,3.2,62813
38,North Dakota,ND,Midwest,2020,P&S Syphilis,25-29,8,13.7,58570
39,Ohio,OH,Midwest,2020,Chlamydia,15-19,16476,2140.2,769835
39,Ohio,OH,Midwest,2020,Chlamydia,20-24,22061,2958.6,745657
39,Ohio,OH,Midwest,2020,Chlamydia,25-29,10733,1370.2,783316
39,Ohio,OH,Midwest,2020,Gonorrhea,15-19,5566,723.0,769835
39,Ohio,OH,Midwest,2020,Gonorrhea,20-24,8933,1198.0,745657
39,Ohio,OH,Midwest,2020,Gonorrhea,25-29,6598,842.3,783316
39,Ohio,OH,Midwest,2020,P&S Syphilis,15-19,42,5.5,769835
39,Ohio,OH,Midwest,2020,P&S Syphilis,20-24,177,23.7,745657
39,Ohio,OH,Midwest,2020,P&S Syphilis,25-29,247,31.5,783316
40,Oklahoma,OK,South,2020,Chlamydia,15-19,5726,2129.2,268927
40,Oklahoma,OK,South,2020,Chlamydia,20-24,7817,2878.3,271584
40,Oklahoma,OK,South,2020,Chlamydia,25-29,3724,1376.3,270581
40,Oklahoma,OK,South,2020,Gonorrhea,15-19,1844,685.7,268927
40,Oklahoma,OK,South,2020,Gonorrhea,20-24,2893,1065.2,271584
40,Oklahoma,OK,South,2020,Gonorrhea,25-29,2299,849.7,270581
40,Oklahoma,OK,South,2020,P&S Syphilis,15-19,42,15.6,268927
40,Oklahoma,OK,South,2020,P&S Syphilis,20-24,132,48.6,271584
40,Oklahoma,OK,South,2020,P&S Syphilis,25-29,166,61.4,270581
41,Oregon,OR,West,2020,Chlamydia,15-19,3566,1424.9,250263
41,Oregon,OR,West,2020,Chlamydia,20-24,5407,2075.8,260478
41,Oregon,OR,West,2020,Chlamydia,25-29,2924,989.7,295443
41,Oregon,OR,West,2020,Gonorrhea,15-19,446,178.2,250263
41,Oregon,OR,West,2020,Gonorrhea,20-24,1219,468.0,260478
41,Oregon,OR,West,2020,Gonorrhea,25-29,1364,461.7,295443
41,Oregon,OR,West,2020,P&S Syphilis,15-19,18,7.2,250263
41,Oregon,OR,West,2020,P&S Syphilis,20-24,68,26.1,260478
41,Oregon,OR,West,2020,P&S Syphilis,25-29,105,35.5,295443
42,Pennsylvania,PA,Northeast,2020,Chlamydia,15-19,14232,1724.6,825235
42,Pennsylvania,PA,Northeast,2020,Chlamydia,20-24,19443,2445.8,794955
42,Pennsylvania,PA,Northeast,2020,Chlamydia,25-29,9670,1148.7,841821
42,Pennsylvania,PA,Northeast,2020,Gonorrhea,15-19,3213,389.3,825235
42,Pennsylvania,PA,Northeast,2020,Gonorrhea,20-24,4788,602.3,794955
42,Pennsylvania,PA,Northeast,2020,Gonorrhea,25-29,3928,466.6,841821
42,Pennsylvania,PA,Northeast,2020,P&S Syphilis,15-19,50,6.1,825235
42,Pennsylvania,PA,Northeast,2020,P&S Syphilis,20-24,192,24.2,794955
42,Pennsylvania,PA,Northeast,2020,P&S Syphilis,25-29,221,26.3,841821
44,Rhode Island,RI,Northeast,2020,Chlamydia,15-19,1099,1485.3,73992
44,Rhode Island,RI,Northeast,2020,Chlamydia,20-24,1689,2215.5,76236
44,Rhode Island,RI,Northeast,2020,Chlamydia,25-29,829,1098.8,75446
44,Rhode Island,RI,Northeast,2020,Gonorrhea,15-19,177,239.2,73992
44,Rhode Island,RI,Northeast,2020,Gonorrhea,20-24,353,463.0,76236
44,Rhode Island,RI,Northeast,2020,Gonorrhea,25-29,290,384.4,75446
44,Rhode Island,RI,Northeast,2020,P&S Syphilis,15-19,6,8.1,73992
44,Rhode Island,RI,Northeast,2020,P&S Syphilis,20-24,11,14.4,76236
44,Rhode Island,RI,Northeast,2020,P&S Syphilis,25-29,21,27.8,75446
45,South Carolina,SC,South,2020,Chlamydia,15-19,9557,2929.6,326222
45,South Carolina,SC,South,2020,Chlamydia,20-24,12666,3915.7,323467
45,South Carolina,SC,South,2020,Chlamydia,25-29,6118,1823.6,335490
45,South Carolina,SC,South,2020,Gonorrhea,15-19,3062,938.6,326222
45,South Carolina,SC,South,2020,Gonorrhea,20-24,5000,1545.7,323467
45,South Carolina,SC,South,2020,Gonorrhea,25-29,3596,1071.9,335490
45,South Carolina,SC,South,2020,P&S Syphilis,15-19,25,7.7,326222
45,South Carolina,SC,South,2020,P&S Syphilis,20-24,130,40.2,323467
45,South Carolina,SC,South,2020,P&S Syphilis,25-29,133,39.6,335490
46,South Dakota,SD,Midwest,2020,Chlamydia,15-19,1030,1730.8,59510
46,South Dakota,SD,Midwest,2020,Chlamydia,20-24,1483,2536.2,58473
46,South Dakota,SD,Midwest,2020,Chlamydia,25-29,703,1248.9,56290
46,South Dakota,SD,Midwest,2020,Gonorrhea,15-19,318,534.4,59510
46,South Dakota,SD,Midwest,2020,Gonorrhea,20-24,576,985.1,58473
46,South Dakota,SD,Midwest,2020,Gonorrhea,25-29,496,881.1,56290
46,South Dakota,SD,Midwest,2020,P&S Syphilis,15-19,1,1.7,59510
46,South Dakota,SD,Midwest,2020,P&S Syphilis,20-24,8,13.7,58473
46,South Dakota,SD,Midwest,2020,P&S Syphilis,25-29,16,28.4,56290
47,Tennessee,TN,South,2020,Chlamydia,15-19,10315,2377.6,433841
47,Tennessee,TN,South,2020,Chlamydia,20-24,13875,3131.2,443121
47,Tennessee,TN,South,2020,Chlamydia,25-29,7227,1485.9,486372
47,Tennessee,TN,South,2020,Gonorrhea,15-19,3206,739.0,433841
47,Tennessee,TN,South,2020,Gonorrhea,20-24,5405,1219.7,443121
47,Tennessee,TN,South,2020,Gonorrhea,25-29,4055,833.7,486372
47,Tennessee,TN,South,2020,P&S Syphilis,15-19,44,10.1,433841
47,Tennessee,TN,South,2020,P&S Syphilis,20-24,122,27.5,443121
47,Tennessee,TN,South,2020,P&S Syphilis,25-29,166,34.1,486372
48,Texas,TX,South,2020,Chlamydia,15-19,34428,1643.6,2094670
48,Texas,TX,South,2020,Chlamydia,20-24,50139,2523.8,1986647
48,Texas,TX,South,2020,Chlamydia,25-29,24998,1185.8,2108113
48,Texas,TX,South,2020,Gonorrhea,15-19,10574,504.8,2094670
48,Texas,TX,South,2020,Gonorrhea,20-24,17549,883.3,1986647
48,Texas,TX,South,2020,Gonorrhea,25-29,11791,559.3,2108113
48,Texas,TX,South,2020,P&S Syphilis,15-19,161,7.7,2094670
48,Texas,TX,South,2020,P&S Syphilis,20-24,525,26.4,1986647
48,Texas,TX,South,2020,P&S Syphilis,25-29,616,29.2,2108113
49,Utah,UT,West,2020,Chlamydia,15-19,2431,922.0,263666
49,Utah,UT,West,2020,Chlamydia,20-24,3785,1416.4,267227
49,Utah,UT,West,2020,Chlamydia,25-29,1916,767.2,249739
49,Utah,UT,West,2020,Gonorrhea,15-19,351,133.1,263666
49,Utah,UT,West,2020,Gonorrhea,20-24,758,283.7,267227
49,Utah,UT,West,2020,Gonorrhea,25-29,662,265.1,249739
49,Utah,UT,West,2020,P&S Syphilis,15-19,5,1.9,263666
49,Utah,UT,West,2020,P&S Syphilis,20-24,11,4.1,267227
49,Utah,UT,West,2020,P&S Syphilis,25-29,29,11.6,249739
50,Vermont,VT,Northeast,2020,Chlamydia,15-19,278,645.5,43067
50,Vermont,VT,Northeast,2020,Chlamydia,20-24,454,995.8,45591
50,Vermont,VT,Northeast,2020,Chlamydia,25-29,169,438.7,38523
50,Vermont,VT,Northeast,2020,Gonorrhea,15-19,18,41.8,43067
50,Vermont,VT,Northeast,2020,Gonorrhea,20-24,40,87.7,45591
50,Vermont,VT,Northeast,2020,Gonorrhea,25-29,35,90.9,38523
50,Vermont,VT,Northeast,2020,P&S Syphilis,15-19,1,2.3,43067
50,Vermont,VT,Northeast,2020,P&S Syphilis,20-24,1,2.2,45591
50,Vermont,VT,Northeast,2020,P&S Syphilis,25-29,0,0.0,38523
51,Virginia,VA,South,2020,Chlamydia,15-19,5705,1025.3,556423
51,Virginia,VA,South,2020,Chlamydia,20-24,17572,3082.6,570038
51,Virginia,VA,South,2020,Chlamydia,25-29,9188,1556.8,590185
51,Virginia,VA,South,2020,Gonorrhea,15-19,1255,225.6,556423
51,Virginia,VA,South,2020,Gonorrhea,20-24,4534,795.4,570038
51,Virginia,VA,South,2020,Gonorrhea,25-29,3676,622.9,590185
51,Virginia,VA,South,2020,P&S Syphilis,15-19,14,2.5,556423
51,Virginia,VA,South,2020,P&S Syphilis,20-24,111,19.5,570038
51,Virginia,VA,South,2020,P&S Syphilis,25-29,166,28.1,590185
53,Washington,WA,West,2020,Chlamydia,15-19,6519,1422.5,458278
53,Washington,WA,West,2020,Chlamydia,20-24,10816,2257.2,479178
53,Washington,WA,West,2020,Chlamydia,25-29,6046,1044.8,578675
53,Washington,WA,West,2020,Gonorrhea,15-19,1024,223.4,458278
53,Washington,WA,West,2020,Gonorrhea,20-24,2452,511.7,479178
53,Washington,WA,West,2020,Gonorrhea,25-29,2467,426.3,578675
53,Washington,WA,West,2020,P&S Syphilis,15-19,27,5.9,458278
53,Washington,WA,West,2020,P&S Syphilis,20-24,102,21.3,479178
53,Washington,WA,West,2020,P&S Syphilis,25-29,153,26.4,578675
54,West Virginia,WV,South,2020,Chlamydia,15-19,1376,1275.5,107879
54,West Virginia,WV,South,2020,Chlamydia,20-24,2185,1987.6,109932
54,West Virginia,WV,South,2020,Chlamydia,25-29,958,884.1,108359
54,West Virginia,WV,South,2020,Gonorrhea,15-19,197,182.6,107879
54,West Virginia,WV,South,2020,Gonorrhea,20-24,466,423.9,109932
54,West Virginia,WV,South,2020,Gonorrhea,25-29,387,357.2,108359
54,West Virginia,WV,South,2020,P&S Syphilis,15-19,4,3.7,107879
54,West Virginia,WV,South,2020,P&S Syphilis,20-24,20,18.2,109932
54,West Virginia,WV,South,2020,P&S Syphilis,25-29,23,21.2,108359
55,Wisconsin,WI,Midwest,2020,Chlamydia,15-19,7088,1828.2,387704
55,Wisconsin,WI,Midwest,2020,Chlamydia,20-24,10009,2565.3,390169
55,Wisconsin,WI,Midwest,2020,Chlamydia,25-29,4749,1267.3,374734
55,Wisconsin,WI,Midwest,2020,Gonorrhea,15-19,1783,459.9,387704
55,Wisconsin,WI,Midwest,2020,Gonorrhea,20-24,2909,745.6,390169
55,Wisconsin,WI,Midwest,2020,Gonorrhea,25-29,2261,603.3,374734
55,Wisconsin,WI,Midwest,2020,P&S Syphilis,15-19,10,2.6,387704
55,Wisconsin,WI,Midwest,2020,P&S Syphilis,20-24,55,14.1,390169
55,Wisconsin,WI,Midwest,2020,P&S Syphilis,25-29,67,17.9,374734
56,Wyoming,WY,West,2020,Chlamydia,15-19,534,1434.2,37233
56,Wyoming,WY,West,2020,Chlamydia,20-24,748,2000.6,37389
56,Wyoming,WY,West,2020,Chlamydia,25-29,336,921.5,36462
56,Wyoming,WY,West,2020,Gonorrhea,15-19,35,94.0,37233
56,Wyoming,WY,West,2020,Gonorrhea,20-24,125,334.3,37389
56,Wyoming,WY,West,2020,Gonorrhea,25-29,64,175.5,36462
56,Wyoming,WY,West,2020,P&S Syphilis,15-19,0,0.0,37233
56,Wyoming,WY,West,2020,P&S Syphilis,20-24,1,2.7,37389
56,Wyoming,WY,West,2020,P&S Syphilis,25-29,0,0.0,36462
01,Alabama,AL,South,2019,Chlamydia,15-19,9674,3084.7,313612
01,Alabama,AL,South,2019,Chlamydia,20-24,11850,3679.1,322090
01,Alabama,AL,South,2019,Chlamydia,25-29,5185,1533.4,338137
01,Alabama,AL,South,2019,Gonorrhea,15-19,3024,964.2,313612
01,Alabama,AL,South,2019,Gonorrhea,20-24,4610,1431.3,322090
01,Alabama,AL,South,2019,Gonorrhea,25-29,2980,881.3,338137
01,Alabama,AL,South,2019,P&S Syphilis,15-19,33,10.5,313612
01,Alabama,AL,South,2019,P&S Syphilis,20-24,152,47.2,322090
01,Alabama,AL,South,2019,P&S Syphilis,25-29,155,45.8,338137
02,Alaska,AK,West,2019,Chlamydia,15-19,1269,2813.1,45110
02,Alaska,AK,West,2019,Chlamydia,20-24,2030,3958.4,51283
02,Alaska,AK,West,2019,Chlamydia,25-29,1249,2067.0,60426
02,Alaska,AK,West,2019,Gonorrhea,15-19,206,456.7,45110
02,Alaska,AK,West,2019,Gonorrhea,20-24,451,879.4,51283
02,Alaska,AK,West,2019,Gonorrhea,25-29,461,762.9,60426
02,Alaska,AK,West,2019,P&S Syphilis,15-19,4,8.9,45110
02,Alaska,AK,West,2019,P&S Syphilis,20-24,20,39.0,51283
02,Alaska,AK,West,2019,P&S Syphilis,25-29,24,39.7,60426
04,Arizona,AZ,West,2019,Chlamydia,15-19,9606,2009.4,478053
04,Arizona,AZ,West,2019,Chlamydia,20-24,15764,3181.5,495490
04,Arizona,AZ,West,2019,Chlamydia,25-29,8360,1589.7,525885
04,Arizona,AZ,West,2019,Gonorrhea,15-19,1810,378.6,478053
04,Arizona,AZ,West,2019,Gonorrhea,20-24,3815,770.0,495490
04,Arizona,AZ,West,2019,Gonorrhea,25-29,3420,650.3,525885
04,Arizona,AZ,West,2019,P&S Syphilis,15-19,59,12.3,478053
04,Arizona,AZ,West,2019,P&S Syphilis,20-24,223,45.0,495490
04,Arizona,AZ,West,2019,P&S Syphilis,25-29,284,54.0,525885
05,Arkansas,AR,South,2019,Chlamydia,15-19,5193,2632.7,197250
05,Arkansas,AR,South,2019,Chlamydia,20-24,6558,3274.3,200287
05,Arkansas,AR,South,2019,Chlamydia,25-29,2789,1357.2,205497
05,Arkansas,AR,South,2019,Gonorrhea,15-19,1453,736.6,197250
05,Arkansas,AR,South,2019,Gonorrhea,20-24,2098,1047.5,200287
05,Arkansas,AR,South,2019,Gonorrhea,25-29,1414,688.1,205497
05,Arkansas,AR,South,2019,P&S Syphilis,15-19,24,12.2,197250
05,Arkansas,AR,South,2019,P&S Syphilis,20-24,76,37.9,200287
05,Arkansas,AR,South,2019,P&S Syphilis,25-29,78,38.0,205497
06,California,CA,West,2019,Chlamydia,15-19,41037,1619.7,2533617
06,California,CA,West,2019,Chlamydia,20-24,80311,3033.7,2647295
06,California,CA,West,2019,Chlamydia,25-29,50278,1624.5,3094983
06,California,CA,West,2019,Gonorrhea,15-19,6836,269.8,2533617
06,California,CA,West,2019,Gonorrhea,20-24,17132,647.2,2647295
06,California,CA,West,2019,Gonorrhea,25-29,18244,589.5,3094983
06,California,CA,West,2019,P&S Syphilis,15-19,297,11.7,2533617
06,California,CA,West,2019,P&S Syphilis,20-24,1178,44.5,2647295
06,California,CA,West,2019,P&S Syphilis,25-29,1636,52.9,3094983
08,Colorado,CO,West,2019,Chlamydia,15-19,7493,2050.4,365441
08,Colorado,CO,West,2019,Chlamydia,20-24,10187,2696.7,377758
08,Colorado,CO,West,2019,Chlamydia,25-29,5563,1206.3,461162
08,Colorado,CO,West,2019,Gonorrhea,15-19,1472,402.8,365441
08,Colorado,CO,West,2019,Gonorrhea,20-24,2193,580.5,377758
08,Colorado,CO,West,2019,Gonorrhea,25-29,1975,428.3,461162
08,Colorado,CO,West,2019,P&S Syphilis,15-19,11,3.0,365441
08,Colorado,CO,West,2019,P&S Syphilis,20-24,62,16.4,377758
08,Colorado,CO,West,2019,P&S Syphilis,25-29,109,23.6,461162
09,Connecticut,CT,Northeast,2019,Chlamydia,15-19,3965,1659.9,238870
09,Connecticut,CT,Northeast,2019,Chlamydia,20-24,5659,2358.6,239930
09,Connecticut,CT,Northeast,2019,Chlamydia,25-29,2724,1208.2,225459
09,Connecticut,CT,Northeast,2019,Gonorrhea,15-19,630,263.7,238870
09,Connecticut,CT,Northeast,2019,Gonorrhea,20-24,1126,469.3,239930
09,Connecticut,CT,Northeast,2019,Gonorrhea,25-29,936,415.2,225459
09,Connecticut,CT,Northeast,2019,P&S Syphilis,15-19,17,7.1,238870
09,Connecticut,CT,Northeast,2019,P&S Syphilis,20-24,38,15.8,239930
09,Connecticut,CT,Northeast,2019,P&S Syphilis,25-29,37,16.4,225459
10,Delaware,DE,South,2019,Chlamydia,15-19,1744,2896.1,60219
10,Delaware,DE,South,2019,Chlamydia,20-24,2183,3819.5,57154
10,Delaware,DE,South,2019,Chlamydia,25-29,948,1451.5,65312
10,Delaware,DE,South,2019,Gonorrhea,15-19,248,411.8,60219
10,Delaware,DE,South,2019,Gonorrhea,20-24,420,734.9,57154
10,Delaware,DE,South,2019,Gonorrhea,25-29,353,540.5,65312
10,Delaware,DE,South,2019,P&S Syphilis,15-19,5,8.3,60219
10,Delaware,DE,South,2019,P&S Syphilis,20-24,20,35.0,57154
10,Delaware,DE,South,2019,P&S Syphilis,25-29,17,26.0,65312
11,District of Columbia,DC,South,2019,Chlamydia,15-19,2156,5895.4,36571
11,District of Columbia,DC,South,2019,Chlamydia,20-24,2663,5181.2,51397
11,District of Columbia,DC,South,2019,Chlamydia,25-29,2099,2543.8,82514
11,District of Columbia,DC,South,2019,Gonorrhea,15-19,584,1596.9,36571
11,District of Columbia,DC,South,2019,Gonorrhea,20-24,921,1791.9,51397
11,District of Columbia,DC,South,2019,Gonorrhea,25-29,1077,1305.2,82514
11,District of Columbia,DC,South,2019,P&S Syphilis,15-19,11,30.1,36571
11,District of Columbia,DC,South,2019,P&S Syphilis,20-24,36,70.0,51397
11,District of Columbia,DC,South,2019,P&S Syphilis,25-29,72,87.3,82514
12,Florida,FL,South,2019,Chlamydia,15-19,28451,2366.1,1202443
12,Florida,FL,South,2019,Chlamydia,20-24,39749,3159.4,1258119
12,Florida,FL,South,2019,Chlamydia,25-29,20805,1465.3,1419846
12,Florida,FL,South,2019,Gonorrhea,15-19,5496,457.1,1202443
12,Florida,FL,South,2019,Gonorrhea,20-24,9791,778.2,1258119
12,Florida,FL,South,2019,Gonorrhea,25-29,7862,553.7,1419846
12,Florida,FL,South,2019,P&S Syphilis,15-19,152,12.6,1202443
12,Florida,FL,South,2019,P&S Syphilis,20-24,484,38.5,1258119
12,Florida,FL,South,2019,P&S Syphilis,25-29,617,43.5,1419846
13,Georgia,GA,South,2019,Chlamydia,15-19,19439,2655.2,732111
13,Georgia,GA,South,2019,Chlamydia,20-24,24363,3396.1,717382
13,Georgia,GA,South,2019,Chlamydia,25-29,12356,1601.4,771575
13,Georgia,GA,South,2019,Gonorrhea,15-19,3364,459.5,732111
13,Georgia,GA,South,2019,Gonorrhea,20-24,6113,852.1,717382
13,Georgia,GA,South,2019,Gonorrhea,25-29,4929,638.8,771575
13,Georgia,GA,South,2019,P&S Syphilis,15-19,63,8.6,732111
13,Georgia,GA,South,2019,P&S Syphilis,20-24,317,44.2,717382
13,Georgia,GA,South,2019,P&S Syphilis,25-29,414,53.7,771575
15,Hawaii,HI,West,2019,Chlamydia,15-19,1518,1964.1,77287
15,Hawaii,HI,West,2019,Chlamydia,20-24,3197,3606.3,88650
15,Hawaii,HI,West,2019,Chlamydia,25-29,1621,1591.3,101866
15,Hawaii,HI,West,2019,Gonorrhea,15-19,154,199.3,77287
15,Hawaii,HI,West,2019,Gonorrhea,20-24,342,385.8,88650
15,Hawaii,HI,West,2019,Gonorrhea,25-29,335,328.9,101866
15,Hawaii,HI,West,2019,P&S Syphilis,15-19,7,9.1,77287
15,Hawaii,HI,West,2019,P&S Syphilis,20-24,15,16.9,88650
15,Hawaii,HI,West,2019,P&S Syphilis,25-29,24,23.6,101866
16,Idaho,ID,West,2019,Chlamydia,15-19,1964,1568.9,125183
16,Idaho,ID,West,2019,Chlamydia,20-24,2607,2239.0,116436
16,Idaho,ID,West,2019,Chlamydia,25-29,1170,961.9,121634
16,Idaho,ID,West,2019,Gonorrhea,15-19,160,127.8,125183
16,Idaho,ID,West,2019,Gonorrhea,20-24,367,315.2,116436
16,Idaho,ID,West,2019,Gonorrhea,25-29,333,273.8,121634
16,Idaho,ID,West,2019,P&S Syphilis,15-19,2,1.6,125183
16,Idaho,ID,West,2019,P&S Syphilis,20-24,9,7.7,116436
16,Idaho,ID,West,2019,P&S Syphilis,25-29,10,8.2,121634
17,Illinois,IL,Midwest,2019,Chlamydia,15-19,20780,2526.0,822644
17,Illinois,IL,Midwest,2019,Chlamydia,20-24,29324,3533.1,829979
17,Illinois,IL,Midwest,2019,Chlamydia,25-29,15676,1747.2,897207
17,Illinois,IL,Midwest,2019,Gonorrhea,15-19,5303,644.6,822644
17,Illinois,IL,Midwest,2019,Gonorrhea,20-24,8346,1005.6,829979
17,Illinois,IL,Midwest,2019,Gonorrhea,25-29,6769,754.4,897207
17,Illinois,IL,Midwest,2019,P&S Syphilis,15-19,78,9.5,822644
17,Illinois,IL,Midwest,2019,P&S Syphilis,20-24,218,26.3,829979
17,Illinois,IL,Midwest,2019,P&S Syphilis,25-29,331,36.9,897207
18,Indiana,IN,Midwest,2019,Chlamydia,15-19,10244,2237.9,457751
18,Indiana,IN,Midwest,2019,Chlamydia,20-24,13222,2797.4,472653
18,Indiana,IN,Midwest,2019,Chlamydia,25-29,6185,1331.7,464444
18,Indiana,IN,Midwest,2019,Gonorrhea,15-19,2158,471.4,457751
18,Indiana,IN,Midwest,2019,Gonorrhea,20-24,3440,727.8,472653
18,Indiana,IN,Midwest,2019,Gonorrhea,25-29,2601,560.0,464444
18,Indiana,IN,Midwest,2019,P&S Syphilis,15-19,19,4.2,457751
18,Indiana,IN,Midwest,2019,P&S Syphilis,20-24,64,13.5,472653
18,Indiana,IN,Midwest,2019,P&S Syphilis,25-29,79,17.0,464444
19,Iowa,IA,Midwest,2019,Chlamydia,15-19,4438,2091.4,212202
19,Iowa,IA,Midwest,2019,Chlamydia,20-24,6131,2734.5,224209
19,Iowa,IA,Midwest,2019,Chlamydia,25-29,2745,1332.2,206050
19,Iowa,IA,Midwest,2019,Gonorrhea,15-19,821,386.9,212202
19,Iowa,IA,Midwest,2019,Gonorrhea,20-24,1381,615.9,224209
19,Iowa,IA,Midwest,2019,Gonorrhea,25-29,1181,573.1,206050
19,Iowa,IA,Midwest,2019,P&S Syphilis,15-19,14,6.6,212202
19,Iowa,IA,Midwest,2019,P&S Syphilis,20-24,22,9.8,224209
19,Iowa,IA,Midwest,2019,P&S Syphilis,25-29,28,13.6,206050
20,Kansas,KS,Midwest,2019,Chlamydia,15-19,4315,2152.2,200493
20,Kansas,KS,Midwest,2019,Chlamydia,20-24,6055,2851.8,212322
20,Kansas,KS,Midwest,2019,Chlamydia,25-29,2510,1279.2,196216
20,Kansas,KS,Midwest,2019,Gonorrhea,15-19,923,460.4,200493
20,Kansas,KS,Midwest,2019,Gonorrhea,20-24,1462,688.6,212322
20,Kansas,KS,Midwest,2019,Gonorrhea,25-29,971,494.9,196216
20,Kansas,KS,Midwest,2019,P&S Syphilis,15-19,8,4.0,200493
20,Kansas,KS,Midwest,2019,P&S Syphilis,20-24,38,17.9,212322
20,Kansas,KS,Midwest,2019,P&S Syphilis,25-29,35,17.8,196216
21,Kentucky,KY,South,2019,Chlamydia,15-19,5939,2077.2,285914
21,Kentucky,KY,South,2019,Chlamydia,20-24,7712,2588.9,297887
21,Kentucky,KY,South,2019,Chlamydia,25-29,3680,1189.1,309478
21,Kentucky,KY,South,2019,Gonorrhea,15-19,1132,395.9,285914
21,Kentucky,KY,South,2019,Gonorrhea,20-24,1959,657.6,297887
21,Kentucky,KY,South,2019,Gonorrhea,25-29,1601,517.3,309478
21,Kentucky,KY,South,2019,P&S Syphilis,15-19,19,6.6,285914
21,Kentucky,KY,South,2019,P&S Syphilis,20-24,53,17.8,297887
21,Kentucky,KY,South,2019,P&S Syphilis,25-29,82,26.5,309478
22,Louisiana,LA,South,2019,Chlamydia,15-19,11755,4000.2,293860
22,Louisiana,LA,South,2019,Chlamydia,20-24,12895,4250.1,303405
22,Louisiana,LA,South,2019,Chlamydia,25-29,5950,1774.8,335249
22,Louisiana,LA,South,2019,Gonorrhea,15-19,2779,945.7,293860
22,Louisiana,LA,South,2019,Gonorrhea,20-24,3886,1280.8,303405
22,Louisiana,LA,South,2019,Gonorrhea,25-29,2556,762.4,335249
22,Louisiana,LA,South,2019,P&S Syphilis,15-19,64,21.8,293860
22,Louisiana,LA,South,2019,P&S Syphilis,20-24,171,56.4,303405
22,Louisiana,LA,South,2019,P&S Syphilis,25-29,125,37.3,335249
23,Maine,ME,Northeast,2019,Chlamydia,15-19,386,497.9,77526
23,Maine,ME,Northeast,2019,Chlamydia,20-24,659,883.2,74615
23,Maine,ME,Northeast,2019,Chlamydia,25-29,336,414.6,81042
23,Maine,ME,Northeast,2019,Gonorrhea,15-19,73,94.2,77526
23,Maine,ME,Northeast,2019,Gonorrhea,20-24,129,172.9,74615
23,Maine,ME,Northeast,2019,Gonorrhea,25-29,90,111.1,81042
23,Maine,ME,Northeast,2019,P&S Syphilis,15-19,0,0.0,77526
23,Maine,ME,Northeast,2019,P&S Syphilis,20-24,13,17.4,74615
23,Maine,ME,Northeast,2019,P&S Syphilis,25-29,10,12.3,81042
24,Maryland,MD,South,2019,Chlamydia,15-19,10852,2856.4,379919
24,Maryland,MD,South,2019,Chlamydia,20-24,13279,3578.1,371119
24,Maryland,MD,South,2019,Chlamydia,25-29,6707,1627.3,412155
24,Maryland,MD,South,2019,Gonorrhea,15-19,1659,436.7,379919
24,Maryland,MD,South,2019,Gonorrhea,20-24,2918,786.3,371119
24,Maryland,MD,South,2019,Gonorrhea,25-29,2630,638.1,412155
24,Maryland,MD,South,2019,P&S Syphilis,15-19,43,11.3,379919
24,Maryland,MD,South,2019,P&S Syphilis,20-24,154,41.5,371119
24,Maryland,MD,South,2019,P&S Syphilis,25-29,200,48.5,412155
25,Massachusetts,MA,Northeast,2019,Chlamydia,15-19,6972,1549.9,449835
25,Massachusetts,MA,Northeast,2019,Chlamydia,20-24,11633,2397.1,485295
25,Massachusetts,MA,Northeast,2019,Chlamydia,25-29,6190,1226.9,504524
25,Massachusetts,MA,Northeast,2019,Gonorrhea,15-19,653,145.2,449835
25,Massachusetts,MA,Northeast,2019,Gonorrhea,20-24,1733,357.1,485295
25,Massachusetts,MA,Northeast,2019,Gonorrhea,25-29,1774,351.6,504524
25,Massachusetts,MA,Northeast,2019,P&S Syphilis,15-19,28,6.2,449835
25,Massachusetts,MA,Northeast,2019,P&S Syphilis,20-24,104,21.4,485295
25,Massachusetts,MA,Northeast,2019,P&S Syphilis,25-29,110,21.8,504524
26,Michigan,MI,Midwest,2019,Chlamydia,15-19,14330,2223.2,644566
26,Michigan,MI,Midwest,2019,Chlamydia,20-24,18505,2714.3,681760
26,Michigan,MI,Midwest,2019,Chlamydia,25-29,9239,1324.0,697810
26,Michigan,MI,Midwest,2019,Gonorrhea,15-19,3459,536.6,644566
26,Michigan,MI,Midwest,2019,Gonorrhea,20-24,5362,786.5,681760
26,Michigan,MI,Midwest,2019,Gonorrhea,25-29,4081,584.8,697810
26,Michigan,MI,Midwest,2019,P&S Syphilis,15-19,33,5.1,644566
26,Michigan,MI,Midwest,2019,P&S Syphilis,20-24,102,15.0,681760
26,Michigan,MI,Midwest,2019,P&S Syphilis,25-29,161,23.1,697810
27,Minnesota,MN,Midwest,2019,Chlamydia,15-19,6222,1722.9,361135
27,Minnesota,MN,Midwest,2019,Chlamydia,20-24,8773,2464.8,355932
27,Minnesota,MN,Midwest,2019,Chlamydia,25-29,4391,1159.2,378796
27,Minnesota,MN,Midwest,2019,Gonorrhea,15-19,1182,327.3,361135
27,Minnesota,MN,Midwest,2019,Gonorrhea,20-24,1954,549.0,355932
27,Minnesota,MN,Midwest,2019,Gonorrhea,25-29,1714,452.5,378796
27,Minnesota,MN,Midwest,2019,P&S Syphilis,15-19,14,3.9,361135
27,Minnesota,MN,Midwest,2019,P&S Syphilis,20-24,67,18.8,355932
27,Minnesota,MN,Midwest,2019,P&S Syphilis,25-29,89,23.5,378796
28,Mississippi,MS,South,2019,Chlamydia,15-19,8012,3979.1,201352
28,Mississippi,MS,South,2019,Chlamydia,20-24,9668,4797.6,201517
28,Mississippi,MS,South,2019,Chlamydia,25-29,4220,2038.8,206985
28,Mississippi,MS,South,2019,Gonorrhea,15-19,2832,1406.5,201352
28,Mississippi,MS,South,2019,Gonorrhea,20-24,4092,2030.6,201517
28,Mississippi,MS,South,2019,Gonorrhea,25-29,2448,1182.7,206985
28,Mississippi,MS,South,2019,P&S Syphilis,15-19,56,27.8,201352
28,Mississippi,MS,South,2019,P&S Syphilis,20-24,200,99.2,201517
28,Mississippi,MS,South,2019,P&S Syphilis,25-29,129,62.3,206985
29,Missouri,MO,Midwest,2019,Chlamydia,15-19,9751,2502.4,389666
29,Missouri,MO,Midwest,2019,Chlamydia,20-24,12426,3069.7,404795
29,Missouri,MO,Midwest,2019,Chlamydia,25-29,6216,1461.2,425404
29,Missouri,MO,Midwest,2019,Gonorrhea,15-19,2537,651.1,389666
29,Missouri,MO,Midwest,2019,Gonorrhea,20-24,4135,1021.5,404795
29,Missouri,MO,Midwest,2019,Gonorrhea,25-29,3358,789.3,425404
29,Missouri,MO,Midwest,2019,P&S Syphilis,15-19,35,9.0,389666
29,Missouri,MO,Midwest,2019,P&S Syphilis,20-24,111,27.4,404795
29,Missouri,MO,Midwest,2019,P&S Syphilis,25-29,159,37.4,425404
30,Montana,MT,West,2019,Chlamydia,15-19,1308,2045.2,63955
30,Montana,MT,West,2019,Chlamydia,20-24,1647,2289.5,71937
30,Montana,MT,West,2019,Chlamydia,25-29,831,1159.4,71675
30,Montana,MT,West,2019,Gonorrhea,15-19,165,258.0,63955
30,Montana,MT,West,2019,Gonorrhea,20-24,367,510.2,71937
30,Montana,MT,West,2019,Gonorrhea,25-29,350,488.3,71675
30,Montana,MT,West,2019,P&S Syphilis,15-19,6,9.4,63955
30,Montana,MT,West,2019,P&S Syphilis,20-24,8,11.1,71937
30,Montana,MT,West,2019,P&S Syphilis,25-29,15,20.9,71675
31,Nebraska,NE,Midwest,2019,Chlamydia,15-19,2555,1926.2,132645
31,Nebraska,NE,Midwest,2019,Chlamydia,20-24,3529,2603.4,135554
31,Nebraska,NE,Midwest,2019,Chlamydia,25-29,1612,1242.8,129707
31,Nebraska,NE,Midwest,2019,Gonorrhea,15-19,513,386.7,132645
31,Nebraska,NE,Midwest,2019,Gonorrhea,20-24,785,579.1,135554
31,Nebraska,NE,Midwest,2019,Gonorrhea,25-29,658,507.3,129707
31,Nebraska,NE,Midwest,2019,P&S Syphilis,15-19,8,6.0,132645
31,Nebraska,NE,Midwest,2019,P&S Syphilis,20-24,34,25.1,135554
31,Nebraska,NE,Midwest,2019,P&S Syphilis,25-29,28,21.6,129707
32,Nevada,NV,West,2019,Chlamydia,15-19,3979,2178.7,182632
32,Nevada,NV,West,2019,Chlamydia,20-24,6058,3317.9,182585
32,Nevada,NV,West,2019,Chlamydia,25-29,3549,1547.3,229367
32,Nevada,NV,West,2019,Gonorrhea,15-19,930,509.2,182632
32,Nevada,NV,West,2019,Gonorrhea,20-24,1412,773.3,182585
32,Nevada,NV,West,2019,Gonorrhea,25-29,1383,603.0,229367
32,Nevada,NV,West,2019,P&S Syphilis,15-19,16,8.8,182632
32,Nevada,NV,West,2019,P&S Syphilis,20-24,106,58.1,182585
32,Nevada,NV,West,2019,P&S Syphilis,25-29,183,79.8,229367
33,New Hampshire,NH,Northeast,2019,Chlamydia,15-19,857,1020.6,83970
33,New Hampshire,NH,Northeast,2019,Chlamydia,20-24,1459,1659.7,87907
33,New Hampshire,NH,Northeast,2019,Chlamydia,25-29,646,739.2,87392
33,New Hampshire,NH,Northeast,2019,Gonorrhea,15-19,36,42.9,83970
33,New Hampshire,NH,Northeast,2019,Gonorrhea,20-24,96,109.2,87907
33,New Hampshire,NH,Northeast,2019,Gonorrhea,25-29,96,109.8,87392
33,New Hampshire,NH,Northeast,2019,P&S Syphilis,15-19,0,0.0,83970
33,New Hampshire,NH,Northeast,2019,P&S Syphilis,20-24,6,6.8,87907
33,New Hampshire,NH,Northeast,2019,P&S Syphilis,25-29,12,13.7,87392
34,New Jersey,NJ,Northeast,2019,Chlamydia,15-19,9829,1777.9,552843
34,New Jersey,NJ,Northeast,2019,Chlamydia,20-24,14063,2600.8,540718
34,New Jersey,NJ,Northeast,2019,Chlamydia,25-29,6913,1193.5,579221
34,New Jersey,NJ,Northeast,2019,Gonorrhea,15-19,1772,320.5,552843
34,New Jersey,NJ,Northeast,2019,Gonorrhea,20-24,2657,491.4,540718
34,New Jersey,NJ,Northeast,2019,Gonorrhea,25-29,1992,343.9,579221
34,New Jersey,NJ,Northeast,2019,P&S Syphilis,15-19,26,4.7,552843
34,New Jersey,NJ,Northeast,2019,P&S Syphilis,20-24,124,22.9,540718
34,New Jersey,NJ,Northeast,2019,P&S Syphilis,25-29,152,26.2,579221
35,New Mexico,NM,West,2019,Chlamydia,15-19,3668,2649.2,138457
35,New Mexico,NM,West,2019,Chlamydia,20-24,4709,3363.5,140003
35,New Mexico,NM,West,2019,Chlamydia,25-29,2670,1833.4,145631
35,New Mexico,NM,West,2019,Gonorrhea,15-19,483,348.8,138457
35,New Mexico,NM,West,2019,Gonorrhea,20-24,1069,763.6,140003
35,New Mexico,NM,West,2019,Gonorrhea,25-29,1046,718.2,145631
35,New Mexico,NM,West,2019,P&S Syphilis,15-19,22,15.9,138457
35,New Mexico,NM,West,2019,P&S Syphilis,20-24,66,47.1,140003
35,New Mexico,NM,West,2019,P&S Syphilis,25-29,96,65.9,145631
36,New York,NY,Northeast,2019,Chlamydia,15-19,28120,2392.4,1175389
36,New York,NY,Northeast,2019,Chlamydia,20-24,40217,3167.1,1269837
36,New York,NY,Northeast,2019,Chlamydia,25-29,24815,1693.9,1464963
36,New York,NY,Northeast,2019,Gonorrhea,15-19,5109,434.7,1175389
36,New York,NY,Northeast,2019,Gonorrhea,20-24,8924,702.8,1269837
36,New York,NY,Northeast,2019,Gonorrhea,25-29,9638,657.9,1464963
36,New York,NY,Northeast,2019,P&S Syphilis,15-19,94,8.0,1175389
36,New York,NY,Northeast,2019,P&S Syphilis,20-24,388,30.6,1269837
36,New York,NY,Northeast,2019,P&S Syphilis,25-29,633,43.2,1464963
37,North Carolina,NC,South,2019,Chlamydia,15-19,19532,2838.1,688207
37,North Carolina,NC,South,2019,Chlamydia,20-24,26386,3775.6,698856
37,North Carolina,NC,South,2019,Chlamydia,25-29,12796,1744.3,733589
37,North Carolina,NC,South,2019,Gonorrhea,15-19,4530,658.2,688207
37,North Carolina,NC,South,2019,Gonorrhea,20-24,7763,1110.8,698856
37,North Carolina,NC,South,2019,Gonorrhea,25-29,5886,802.4,733589
37,North Carolina,NC,South,2019,P&S Syphilis,15-19,54,7.8,688207
37,North Carolina,NC,South,2019,P&S Syphilis,20-24,205,29.3,698856
37,North Carolina,NC,South,2019,P&S Syphilis,25-29,266,36.3,733589
38,North Dakota,ND,Midwest,2019,Chlamydia,15-19,879,1863.0,47182
38,North Dakota,ND,Midwest,2019,Chlamydia,20-24,1520,2443.1,62216
38,North Dakota,ND,Midwest,2019,Chlamydia,25-29,741,1229.1,60288
38,North Dakota,ND,Midwest,2019,Gonorrhea,15-19,179,379.4,47182
38,North Dakota,ND,Midwest,2019,Gonorrhea,20-24,359,577.0,62216
38,North Dakota,ND,Midwest,2019,Gonorrhea,25-29,346,573.9,60288
38,North Dakota,ND,Midwest,2019,P&S Syphilis,15-19,2,4.2,47182
38,North Dakota,ND,Midwest,2019,P&S Syphilis,20-24,5,8.0,62216
38,North Dakota,ND,Midwest,2019,P&S Syphilis,25-29,11,18.2,60288
39,Ohio,OH,Midwest,2019,Chlamydia,15-19,18929,2504.6,755769
39,Ohio,OH,Midwest,2019,Chlamydia,20-24,24201,3220.5,751467
39,Ohio,OH,Midwest,2019,Chlamydia,25-29,11469,1430.7,801636
39,Ohio,OH,Midwest,2019,Gonorrhea,15-19,4663,617.0,755769
39,Ohio,OH,Midwest,2019,Gonorrhea,20-24,7173,954.5,751467
39,Ohio,OH,Midwest,2019,Gonorrhea,25-29,5556,693.1,801636
39,Ohio,OH,Midwest,2019,P&S Syphilis,15-19,26,3.4,755769
39,Ohio,OH,Midwest,2019,P&S Syphilis,20-24,149,19.8,751467
39,Ohio,OH,Midwest,2019,P&S Syphilis,25-29,171,21.3,801636
40,Oklahoma,OK,South,2019,Chlamydia,15-19,6599,2491.0,264914
40,Oklahoma,OK,South,2019,Chlamydia,20-24,8669,3156.4,274648
40,Oklahoma,OK,South,2019,Chlamydia,25-29,4164,1487.2,279989
40,Oklahoma,OK,South,2019,Gonorrhea,15-19,1748,659.8,264914
40,Oklahoma,OK,South,2019,Gonorrhea,20-24,2786,1014.4,274648
40,Oklahoma,OK,South,2019,Gonorrhea,25-29,2158,770.8,279989
40,Oklahoma,OK,South,2019,P&S Syphilis,15-19,24,9.1,264914
40,Oklahoma,OK,South,2019,P&S Syphilis,20-24,116,42.2,274648
40,Oklahoma,OK,South,2019,P&S Syphilis,25-29,170,60.7,279989
41,Oregon,OR,West,2019,Chlamydia,15-19,4296,1745.4,246133
41,Oregon,OR,West,2019,Chlamydia,20-24,6680,2529.3,264105
41,Oregon,OR,West,2019,Chlamydia,25-29,3580,1175.6,304525
41,Oregon,OR,West,2019,Gonorrhea,15-19,477,193.8,246133
41,Oregon,OR,West,2019,Gonorrhea,20-24,1268,480.1,264105
41,Oregon,OR,West,2019,Gonorrhea,25-29,1375,451.5,304525
41,Oregon,OR,West,2019,P&S Syphilis,15-19,9,3.7,246133
41,Oregon,OR,West,2019,P&S Syphilis,20-24,37,14.0,264105
41,Oregon,OR,West,2019,P&S Syphilis,25-29,84,27.6,304525
42,Pennsylvania,PA,Northeast,2019,Chlamydia,15-19,17163,2134.8,803963
42,Pennsylvania,PA,Northeast,2019,Chlamydia,20-24,22564,2823.2,799235
42,Pennsylvania,PA,Northeast,2019,Chlamydia,25-29,11264,1307.7,861360
42,Pennsylvania,PA,Northeast,2019,Gonorrhea,15-19,2655,330.2,803963
42,Pennsylvania,PA,Northeast,2019,Gonorrhea,20-24,4126,516.2,799235
42,Pennsylvania,PA,Northeast,2019,Gonorrhea,25-29,3585,416.2,861360
42,Pennsylvania,PA,Northeast,2019,P&S Syphilis,15-19,36,4.5,803963
42,Pennsylvania,PA,Northeast,2019,P&S Syphilis,20-24,161,20.1,799235
42,Pennsylvania,PA,Northeast,2019,P&S Syphilis,25-29,226,26.2,861360
44,Rhode Island,RI,Northeast,2019,Chlamydia,15-19,1381,1940.9,71153
44,Rhode Island,RI,Northeast,2019,Chlamydia,20-24,2205,2920.4,75503
44,Rhode Island,RI,Northeast,2019,Chlamydia,25-29,1052,1388.9,75743
44,Rhode Island,RI,Northeast,2019,Gonorrhea,15-19,144,202.4,71153
44,Rhode Island,RI,Northeast,2019,Gonorrhea,20-24,400,529.8,75503
44,Rhode Island,RI,Northeast,2019,Gonorrhea,25-29,392,517.5,75743
44,Rhode Island,RI,Northeast,2019,P&S Syphilis,15-19,4,5.6,71153
44,Rhode Island,RI,Northeast,2019,P&S Syphilis,20-24,14,18.5,75503
44,Rhode Island,RI,Northeast,2019,P&S Syphilis,25-29,21,27.7,75743
45,South Carolina,SC,South,2019,Chlamydia,15-19,10670,3286.5,324661
45,South Carolina,SC,South,2019,Chlamydia,20-24,13054,3946.9,330741
45,South Carolina,SC,South,2019,Chlamydia,25-29,6329,1791.5,353279
45,South Carolina,SC,South,2019,Gonorrhea,15-19,2747,846.1,324661
45,South Carolina,SC,South,2019,Gonorrhea,20-24,4071,1230.9,330741
45,South Carolina,SC,South,2019,Gonorrhea,25-29,3046,862.2,353279
45,South Carolina,SC,South,2019,P&S Syphilis,15-19,23,7.1,324661
45,South Carolina,SC,South,2019,P&S Syphilis,20-24,89,26.9,330741
45,South Carolina,SC,South,2019,P&S Syphilis,25-29,107,30.3,353279
46,South Dakota,SD,Midwest,2019,Chlamydia,15-19,1143,1979.8,57733
46,South Dakota,SD,Midwest,2019,Chlamydia,20-24,1600,2715.1,58930
46,South Dakota,SD,Midwest,2019,Chlamydia,25-29,859,1481.4,57986
46,South Dakota,SD,Midwest,2019,Gonorrhea,15-19,274,474.6,57733
46,South Dakota,SD,Midwest,2019,Gonorrhea,20-24,545,924.8,58930
46,South Dakota,SD,Midwest,2019,Gonorrhea,25-29,506,872.6,57986
46,South Dakota,SD,Midwest,2019,P&S Syphilis,15-19,4,6.9,57733
46,South Dakota,SD,Midwest,2019,P&S Syphilis,20-24,7,11.9,58930
46,South Dakota,SD,Midwest,2019,P&S Syphilis,25-29,6,10.3,57986
47,Tennessee,TN,South,2019,Chlamydia,15-19,11551,2722.5,424279
47,Tennessee,TN,South,2019,Chlamydia,20-24,15142,3403.3,444921
47,Tennessee,TN,South,2019,Chlamydia,25-29,7588,1525.9,497280
47,Tennessee,TN,South,2019,Gonorrhea,15-19,2943,693.6,424279
47,Tennessee,TN,South,2019,Gonorrhea,20-24,4808,1080.6,444921
47,Tennessee,TN,South,2019,Gonorrhea,25-29,3472,698.2,497280
47,Tennessee,TN,South,2019,P&S Syphilis,15-19,38,9.0,424279
47,Tennessee,TN,South,2019,P&S Syphilis,20-24,120,27.0,444921
47,Tennessee,TN,South,2019,P&S Syphilis,25-29,129,25.9,497280
48,Texas,TX,South,2019,Chlamydia,15-19,34139,1662.9,2052980
48,Texas,TX,South,2019,Chlamydia,20-24,46965,2345.3,2002516
48,Texas,TX,South,2019,Chlamydia,25-29,23964,1103.2,2172226
48,Texas,TX,South,2019,Gonorrhea,15-19,8155,397.2,2052980
48,Texas,TX,South,2019,Gonorrhea,20-24,13140,656.2,2002516
48,Texas,TX,South,2019,Gonorrhea,25-29,9252,425.9,2172226
48,Texas,TX,South,2019,P&S Syphilis,15-19,169,8.2,2052980
48,Texas,TX,South,2019,P&S Syphilis,20-24,457,22.8,2002516
48,Texas,TX,South,2019,P&S Syphilis,25-29,592,27.3,2172226
49,Utah,UT,West,2019,Chlamydia,15-19,2621,1032.5,253850
49,Utah,UT,West,2019,Chlamydia,20-24,3917,1480.1,264644
49,Utah,UT,West,2019,Chlamydia,25-29,2110,839.4,251370
49,Utah,UT,West,2019,Gonorrhea,15-19,274,107.9,253850
49,Utah,UT,West,2019,Gonorrhea,20-24,681,257.3,264644
49,Utah,UT,West,2019,Gonorrhea,25-29,666,264.9,251370
49,Utah,UT,West,2019,P&S Syphilis,15-19,4,1.6,253850
49,Utah,UT,West,2019,P&S Syphilis,20-24,22,8.3,264644
49,Utah,UT,West,2019,P&S Syphilis,25-29,24,9.5,251370
50,Vermont,VT,Northeast,2019,Chlamydia,15-19,404,980.2,41216
50,Vermont,VT,Northeast,2019,Chlamydia,20-24,735,1617.9,45429
50,Vermont,VT,Northeast,2019,Chlamydia,25-29,285,750.9,37954
50,Vermont,VT,Northeast,2019,Gonorrhea,15-19,23,55.8,41216
50,Vermont,VT,Northeast,2019,Gonorrhea,20-24,52,114.5,45429
50,Vermont,VT,Northeast,2019,Gonorrhea,25-29,48,126.5,37954
50,Vermont,VT,Northeast,2019,P&S Syphilis,15-19,0,0.0,41216
50,Vermont,VT,Northeast,2019,P&S Syphilis,20-24,1,2.2,45429
50,Vermont,VT,Northeast,2019,P&S Syphilis,25-29,4,10.5,37954
51,Virginia,VA,South,2019,Chlamydia,15-19,8501,1568.9,541845
51,Virginia,VA,South,2019,Chlamydia,20-24,20265,3545.2,571618
51,Virginia,VA,South,2019,Chlamydia,25-29,10329,1716.0,601923
51,Virginia,VA,South,2019,Gonorrhea,15-19,1627,300.3,541845
51,Virginia,VA,South,2019,Gonorrhea,20-24,4379,766.1,571618
51,Virginia,VA,South,2019,Gonorrhea,25-29,3300,548.2,601923
51,Virginia,VA,South,2019,P&S Syphilis,15-19,9,1.7,541845
51,Virginia,VA,South,2019,P&S Syphilis,20-24,116,20.3,571618
51,Virginia,VA,South,2019,P&S Syphilis,25-29,158,26.2,601923
53,Washington,WA,West,2019,Chlamydia,15-19,8317,1856.2,448066
53,Washington,WA,West,2019,Chlamydia,20-24,12655,2629.5,481270
53,Washington,WA,West,2019,Chlamydia,25-29,7269,1226.6,592614
53,Washington,WA,West,2019,Gonorrhea,15-19,1028,229.4,448066
53,Washington,WA,West,2019,Gonorrhea,20-24,2358,490.0,481270
53,Washington,WA,West,2019,Gonorrhea,25-29,2555,431.2,592614
53,Washington,WA,West,2019,P&S Syphilis,15-19,19,4.2,448066
53,Washington,WA,West,2019,P&S Syphilis,20-24,103,21.4,481270
53,Washington,WA,West,2019,P&S Syphilis,25-29,150,25.3,592614
54,West Virginia,WV,South,2019,Chlamydia,15-19,1403,1323.9,105975
54,West Virginia,WV,South,2019,Chlamydia,20-24,2136,1926.4,110880
54,West Virginia,WV,South,2019,Chlamydia,25-29,901,805.4,111870
54,West Virginia,WV,South,2019,Gonorrhea,15-19,175,165.1,105975
54,West Virginia,WV,South,2019,Gonorrhea,20-24,410,369.8,110880
54,West Virginia,WV,South,2019,Gonorrhea,25-29,394,352.2,111870
54,West Virginia,WV,South,2019,P&S Syphilis,15-19,4,3.8,105975
54,West Virginia,WV,South,2019,P&S Syphilis,20-24,12,10.8,110880
54,West Virginia,WV,South,2019,P&S Syphilis,25-29,17,15.2,111870
55,Wisconsin,WI,Midwest,2019,Chlamydia,15-19,7955,2106.9,377569
55,Wisconsin,WI,Midwest,2019,Chlamydia,20-24,10851,2778.2,390577
55,Wisconsin,WI,Midwest,2019,Chlamydia,25-29,5222,1375.5,379644
55,Wisconsin,WI,Midwest,2019,Gonorrhea,15-19,1731,458.5,377569
55,Wisconsin,WI,Midwest,2019,Gonorrhea,20-24,2395,613.2,390577
55,Wisconsin,WI,Midwest,2019,Gonorrhea,25-29,1816,478.3,379644
55,Wisconsin,WI,Midwest,2019,P&S Syphilis,15-19,13,3.4,377569
55,Wisconsin,WI,Midwest,2019,P&S Syphilis,20-24,29,7.4,390577
55,Wisconsin,WI,Midwest,2019,P&S Syphilis,25-29,37,9.7,379644
56,Wyoming,WY,West,2019,Chlamydia,15-19,623,1706.5,36507
56,Wyoming,WY,West,2019,Chlamydia,20-24,820,2153.2,38083
56,Wyoming,WY,West,2019,Chlamydia,25-29,392,1030.5,38040
56,Wyoming,WY,West,2019,Gonorrhea,15-19,50,137.0,36507
56,Wyoming,WY,West,2019,Gonorrhea,20-24,98,257.3,38083
56,Wyoming,WY,West,2019,Gonorrhea,25-29,102,268.1,38040
56,Wyoming,WY,West,2019,P&S Syphilis,15-19,2,5.5,36507
56,Wyoming,WY,West,2019,P&S Syphilis,20-24,3,7.9,38083
56,Wyoming,WY,West,2019,P&S Syphilis,25-29,1,2.6,38040
01,Alabama,AL,South,2018,Chlamydia,15-19,9257,2930.2,315917
01,Alabama,AL,South,2018,Chlamydia,20-24,10734,3304.9,324790
01,Alabama,AL,South,2018,Chlamydia,25-29,4648,1366.6,340114
01,Alabama,AL,South,2018,Gonorrhea,15-19,2877,910.7,315917
01,Alabama,AL,South,2018,Gonorrhea,20-24,4084,1257.4,324790
01,Alabama,AL,South,2018,Gonorrhea,25-29,2557,751.8,340114
01,Alabama,AL,South,2018,P&S Syphilis,15-19,39,12.3,315917
01,Alabama,AL,South,2018,P&S Syphilis,20-24,125,38.5,324790
01,Alabama,AL,South,2018,P&S Syphilis,25-29,111,32.6,340114
02,Alaska,AK,West,2018,Chlamydia,15-19,1246,2717.7,45848
02,Alaska,AK,West,2018,Chlamydia,20-24,2088,3961.0,52714
02,Alaska,AK,West,2018,Chlamydia,25-29,1289,2091.6,61627
02,Alaska,AK,West,2018,Gonorrhea,15-19,227,495.1,45848
02,Alaska,AK,West,2018,Gonorrhea,20-24,470,891.6,52714
02,Alaska,AK,West,2018,Gonorrhea,25-29,540,876.2,61627
02,Alaska,AK,West,2018,P&S Syphilis,15-19,2,4.4,45848
02,Alaska,AK,West,2018,P&S Syphilis,20-24,10,19.0,52714
02,Alaska,AK,West,2018,P&S Syphilis,25-29,10,16.2,61627
04,Arizona,AZ,West,2018,Chlamydia,15-19,9390,1984.4,473191
04,Arizona,AZ,West,2018,Chlamydia,20-24,14863,3021.9,491843
04,Arizona,AZ,West,2018,Chlamydia,25-29,7979,1543.5,516942
04,Arizona,AZ,West,2018,Gonorrhea,15-19,1667,352.3,473191
04,Arizona,AZ,West,2018,Gonorrhea,20-24,3340,679.1,491843
04,Arizona,AZ,West,2018,Gonorrhea,25-29,2849,551.1,516942
04,Arizona,AZ,West,2018,P&S Syphilis,15-19,62,13.1,473191
04,Arizona,AZ,West,2018,P&S Syphilis,20-24,163,33.1,491843
04,Arizona,AZ,West,2018,P&S Syphilis,25-29,211,40.8,516942
05,Arkansas,AR,South,2018,Chlamydia,15-19,5444,2755.0,197604
05,Arkansas,AR,South,2018,Chlamydia,20-24,6748,3354.9,201139
05,Arkansas,AR,South,2018,Chlamydia,25-29,2907,1408.5,206390
05,Arkansas,AR,South,2018,Gonorrhea,15-19,1578,798.6,197604
05,Arkansas,AR,South,2018,Gonorrhea,20-24,2321,1153.9,201139
05,Arkansas,AR,South,2018,Gonorrhea,25-29,1457,705.9,206390
05,Arkansas,AR,South,2018,P&S Syphilis,15-19,13,6.6,197604
05,Arkansas,AR,South,2018,P&S Syphilis,20-24,71,35.3,201139
05,Arkansas,AR,South,2018,P&S Syphilis,25-29,73,35.4,206390
06,California,CA,West,2018,Chlamydia,15-19,41600,1636.4,2542166
06,California,CA,West,2018,Chlamydia,20-24,80132,2967.9,2699956
06,California,CA,West,2018,Chlamydia,25-29,48634,1559.0,3119564
06,California,CA,West,2018,Gonorrhea,15-19,6976,274.4,2542166
06,California,CA,West,2018,Gonorrhea,20-24,17485,647.6,2699956
06,California,CA,West,2018,Gonorrhea,25-29,18101,580.2,3119564
06,California,CA,West,2018,P&S Syphilis,15-19,328,12.9,2542166
06,California,CA,West,2018,P&S Syphilis,20-24,1228,45.5,2699956
06,California,CA,West,2018,P&S Syphilis,25-29,1510,48.4,3119564
08,Colorado,CO,West,2018,Chlamydia,15-19,7299,2018.5,361605
08,Colorado,CO,West,2018,Chlamydia,20-24,10095,2676.2,377214
08,Colorado,CO,West,2018,Chlamydia,25-29,5680,1251.1,454000
08,Colorado,CO,West,2018,Gonorrhea,15-19,1146,316.9,361605
08,Colorado,CO,West,2018,Gonorrhea,20-24,2160,572.6,377214
08,Colorado,CO,West,2018,Gonorrhea,25-29,1955,430.6,454000
08,Colorado,CO,West,2018,P&S Syphilis,15-19,8,2.2,361605
08,Colorado,CO,West,2018,P&S Syphilis,20-24,47,12.5,377214
08,Colorado,CO,West,2018,P&S Syphilis,25-29,82,18.1,454000
09,Connecticut,CT,Northeast,2018,Chlamydia,15-19,4684,1938.3,241655
09,Connecticut,CT,Northeast,2018,Chlamydia,20-24,6287,2593.8,242386
09,Connecticut,CT,Northeast,2018,Chlamydia,25-29,2888,1293.7,223236
09,Connecticut,CT,Northeast,2018,Gonorrhea,15-19,777,321.5,241655
09,Connecticut,CT,Northeast,2018,Gonorrhea,20-24,1269,523.5,242386
09,Connecticut,CT,Northeast,2018,Gonorrhea,25-29,1051,470.8,223236
09,Connecticut,CT,Northeast,2018,P&S Syphilis,15-19,2,0.8,241655
09,Connecticut,CT,Northeast,2018,P&S Syphilis,20-24,12,5.0,242386
09,Connecticut,CT,Northeast,2018,P&S Syphilis,25-29,27,12.1,223236
10,Delaware,DE,South,2018,Chlamydia,15-19,1667,2769.3,60196
10,Delaware,DE,South,2018,Chlamydia,20-24,2315,4000.3,57871
10,Delaware,DE,South,2018,Chlamydia,25-29,1043,1563.0,66731
10,Delaware,DE,South,2018,Gonorrhea,15-19,230,382.1,60196
10,Delaware,DE,South,2018,Gonorrhea,20-24,503,869.2,57871
10,Delaware,DE,South,2018,Gonorrhea,25-29,355,532.0,66731
10,Delaware,DE,South,2018,P&S Syphilis,15-19,0,0.0,60196
10,Delaware,DE,South,2018,P&S Syphilis,20-24,6,10.4,57871
10,Delaware,DE,South,2018,P&S Syphilis,25-29,6,9.0,66731
11,District of Columbia,DC,South,2018,Chlamydia,15-19,2038,5543.5,36764
11,District of Columbia,DC,South,2018,Chlamydia,20-24,2624,4969.1,52806
11,District of Columbia,DC,South,2018,Chlamydia,25-29,1955,2356.3,82969
11,District of Columbia,DC,South,2018,Gonorrhea,15-19,519,1411.7,36764
11,District of Columbia,DC,South,2018,Gonorrhea,20-24,931,1763.1,52806
11,District of Columbia,DC,South,2018,Gonorrhea,25-29,1034,1246.2,82969
11,District of Columbia,DC,South,2018,P&S Syphilis,15-19,9,24.5,36764
11,District of Columbia,DC,South,2018,P&S Syphilis,20-24,24,45.4,52806
11,District of Columbia,DC,South,2018,P&S Syphilis,25-29,61,73.5,82969
12,Florida,FL,South,2018,Chlamydia,15-19,26859,2232.8,1202929
12,Florida,FL,South,2018,Chlamydia,20-24,38314,3028.9,1264948
12,Florida,FL,South,2018,Chlamydia,25-29,19880,1390.3,1429907
12,Florida,FL,South,2018,Gonorrhea,15-19,5112,425.0,1202929
12,Florida,FL,South,2018,Gonorrhea,20-24,9204,727.6,1264948
12,Florida,FL,South,2018,Gonorrhea,25-29,7131,498.7,1429907
12,Florida,FL,South,2018,P&S Syphilis,15-19,137,11.4,1202929
12,Florida,FL,South,2018,P&S Syphilis,20-24,471,37.2,1264948
12,Florida,FL,South,2018,P&S Syphilis,25-29,583,40.8,1429907
13,Georgia,GA,South,2018,Chlamydia,15-19,18424,2535.3,726699
13,Georgia,GA,South,2018,Chlamydia,20-24,24302,3401.6,714429
13,Georgia,GA,South,2018,Chlamydia,25-29,12314,1607.2,766177
13,Georgia,GA,South,2018,Gonorrhea,15-19,3370,463.7,726699
13,Georgia,GA,South,2018,Gonorrhea,20-24,6032,844.3,714429
13,Georgia,GA,South,2018,Gonorrhea,25-29,4931,643.6,766177
13,Georgia,GA,South,2018,P&S Syphilis,15-19,61,8.4,726699
13,Georgia,GA,South,2018,P&S Syphilis,20-24,288,40.3,714429
13,Georgia,GA,South,2018,P&S Syphilis,25-29,412,53.8,766177
15,Hawaii,HI,West,2018,Chlamydia,15-19,1525,1976.2,77168
15,Hawaii,HI,West,2018,Chlamydia,20-24,2960,3261.7,90750
15,Hawaii,HI,West,2018,Chlamydia,25-29,1555,1495.1,104006
15,Hawaii,HI,West,2018,Gonorrhea,15-19,134,173.6,77168
15,Hawaii,HI,West,2018,Gonorrhea,20-24,352,387.9,90750
15,Hawaii,HI,West,2018,Gonorrhea,25-29,333,320.2,104006
15,Hawaii,HI,West,2018,P&S Syphilis,15-19,4,5.2,77168
15,Hawaii,HI,West,2018,P&S Syphilis,20-24,16,17.6,90750
15,Hawaii,HI,West,2018,P&S Syphilis,25-29,25,24.0,104006
16,Idaho,ID,West,2018,Chlamydia,15-19,2042,1656.1,123302
16,Idaho,ID,West,2018,Chlamydia,20-24,2363,2059.4,114742
16,Idaho,ID,West,2018,Chlamydia,25-29,1070,897.1,119273
16,Idaho,ID,West,2018,Gonorrhea,15-19,133,107.9,123302
16,Idaho,ID,West,2018,Gonorrhea,20-24,276,240.5,114742
16,Idaho,ID,West,2018,Gonorrhea,25-29,261,218.8,119273
16,Idaho,ID,West,2018,P&S Syphilis,15-19,4,3.2,123302
16,Idaho,ID,West,2018,P&S Syphilis,20-24,7,6.1,114742
16,Idaho,ID,West,2018,P&S Syphilis,25-29,7,5.9,119273
17,Illinois,IL,Midwest,2018,Chlamydia,15-19,20523,2480.3,827440
17,Illinois,IL,Midwest,2018,Chlamydia,20-24,28233,3343.5,844415
17,Illinois,IL,Midwest,2018,Chlamydia,25-29,14622,1623.0,900924
17,Illinois,IL,Midwest,2018,Gonorrhea,15-19,4857,587.0,827440
17,Illinois,IL,Midwest,2018,Gonorrhea,20-24,7549,894.0,844415
17,Illinois,IL,Midwest,2018,Gonorrhea,25-29,5750,638.3,900924
17,Illinois,IL,Midwest,2018,P&S Syphilis,15-19,62,7.5,827440
17,Illinois,IL,Midwest,2018,P&S Syphilis,20-24,242,28.7,844415
17,Illinois,IL,Midwest,2018,P&S Syphilis,25-29,320,35.5,900924
18,Indiana,IN,Midwest,2018,Chlamydia,15-19,10105,2210.1,457219
18,Indiana,IN,Midwest,2018,Chlamydia,20-24,13151,2780.7,472938
18,Indiana,IN,Midwest,2018,Chlamydia,25-29,6178,1344.6,459467
18,Indiana,IN,Midwest,2018,Gonorrhea,15-19,2220,485.5,457219
18,Indiana,IN,Midwest,2018,Gonorrhea,20-24,3572,755.3,472938
18,Indiana,IN,Midwest,2018,Gonorrhea,25-29,2775,604.0,459467
18,Indiana,IN,Midwest,2018,P&S Syphilis,15-19,16,3.5,457219
18,Indiana,IN,Midwest,2018,P&S Syphilis,20-24,81,17.1,472938
18,Indiana,IN,Midwest,2018,P&S Syphilis,25-29,85,18.5,459467
19,Iowa,IA,Midwest,2018,Chlamydia,15-19,4061,1912.3,212362
19,Iowa,IA,Midwest,2018,Chlamydia,20-24,5582,2466.6,226303
19,Iowa,IA,Midwest,2018,Chlamydia,25-29,2586,1267.3,204056
19,Iowa,IA,Midwest,2018,Gonorrhea,15-19,745,350.8,212362
19,Iowa,IA,Midwest,2018,Gonorrhea,20-24,1261,557.2,226303
19,Iowa,IA,Midwest,2018,Gonorrhea,25-29,1080,529.3,204056
19,Iowa,IA,Midwest,2018,P&S Syphilis,15-19,2,0.9,212362
19,Iowa,IA,Midwest,2018,P&S Syphilis,20-24,19,8.4,226303
19,Iowa,IA,Midwest,2018,P&S Syphilis,25-29,21,10.3,204056
20,Kansas,KS,Midwest,2018,Chlamydia,15-19,4142,2064.3,200649
20,Kansas,KS,Midwest,2018,Chlamydia,20-24,5561,2602.8,213655
20,Kansas,KS,Midwest,2018,Chlamydia,25-29,2391,1222.4,195599
20,Kansas,KS,Midwest,2018,Gonorrhea,15-19,982,489.4,200649
20,Kansas,KS,Midwest,2018,Gonorrhea,20-24,1542,721.7,213655
20,Kansas,KS,Midwest,2018,Gonorrhea,25-29,1051,537.3,195599
20,Kansas,KS,Midwest,2018,P&S Syphilis,15-19,15,7.5,200649
20,Kansas,KS,Midwest,2018,P&S Syphilis,20-24,31,14.5,213655
20,Kansas,KS,Midwest,2018,P&S Syphilis,25-29,32,16.4,195599
21,Kentucky,KY,South,2018,Chlamydia,15-19,5220,1824.0,286184
21,Kentucky,KY,South,2018,Chlamydia,20-24,7488,2493.7,300277
21,Kentucky,KY,South,2018,Chlamydia,25-29,3529,1139.3,309752
21,Kentucky,KY,South,2018,Gonorrhea,15-19,1174,410.2,286184
21,Kentucky,KY,South,2018,Gonorrhea,20-24,2047,681.7,300277
21,Kentucky,KY,South,2018,Gonorrhea,25-29,1587,512.3,309752
21,Kentucky,KY,South,2018,P&S Syphilis,15-19,18,6.3,286184
21,Kentucky,KY,South,2018,P&S Syphilis,20-24,62,20.6,300277
21,Kentucky,KY,South,2018,P&S Syphilis,25-29,78,25.2,309752
22,Louisiana,LA,South,2018,Chlamydia,15-19,11784,3976.6,296334
22,Louisiana,LA,South,2018,Chlamydia,20-24,13121,4252.0,308584
22,Louisiana,LA,South,2018,Chlamydia,25-29,6043,1760.3,343294
22,Louisiana,LA,South,2018,Gonorrhea,15-19,2751,928.3,296334
22,Louisiana,LA,South,2018,Gonorrhea,20-24,3793,1229.2,308584
22,Louisiana,LA,South,2018,Gonorrhea,25-29,2446,712.5,343294
22,Louisiana,LA,South,2018,P&S Syphilis,15-19,51,17.2,296334
22,Louisiana,LA,South,2018,P&S Syphilis,20-24,150,48.6,308584
22,Louisiana,LA,South,2018,P&S Syphilis,25-29,167,48.6,343294
23,Maine,ME,Northeast,2018,Chlamydia,15-19,840,1075.4,78110
23,Maine,ME,Northeast,2018,Chlamydia,20-24,1457,1930.4,75477
23,Maine,ME,Northeast,2018,Chlamydia,25-29,645,799.6,80665
23,Maine,ME,Northeast,2018,Gonorrhea,15-19,67,85.8,78110
23,Maine,ME,Northeast,2018,Gonorrhea,20-24,178,235.8,75477
23,Maine,ME,Northeast,2018,Gonorrhea,25-29,166,205.8,80665
23,Maine,ME,Northeast,2018,P&S Syphilis,15-19,3,3.8,78110
23,Maine,ME,Northeast,2018,P&S Syphilis,20-24,12,15.9,75477
23,Maine,ME,Northeast,2018,P&S Syphilis,25-29,13,16.1,80665
24,Maryland,MD,South,2018,Chlamydia,15-19,9837,2582.1,380969
24,Maryland,MD,South,2018,Chlamydia,20-24,12805,3410.0,375513
24,Maryland,MD,South,2018,Chlamydia,25-29,6515,1564.5,416427
24,Maryland,MD,South,2018,Gonorrhea,15-19,1769,464.3,380969
24,Maryland,MD,South,2018,Gonorrhea,20-24,2732,727.5,375513
24,Maryland,MD,South,2018,Gonorrhea,25-29,2278,547.0,416427
24,Maryland,MD,South,2018,P&S Syphilis,15-19,30,7.9,380969
24,Maryland,MD,South,2018,P&S Syphilis,20-24,112,29.8,375513
24,Maryland,MD,South,2018,P&S Syphilis,25-29,177,42.5,416427
25,Massachusetts,MA,Northeast,2018,Chlamydia,15-19,6728,1484.6,453186
25,Massachusetts,MA,Northeast,2018,Chlamydia,20-24,11475,2342.5,489861
25,Massachusetts,MA,Northeast,2018,Chlamydia,25-29,6050,1199.1,504545
25,Massachusetts,MA,Northeast,2018,Gonorrhea,15-19,751,165.7,453186
25,Massachusetts,MA,Northeast,2018,Gonorrhea,20-24,1952,398.5,489861
25,Massachusetts,MA,Northeast,2018,Gonorrhea,25-29,1955,387.5,504545
25,Massachusetts,MA,Northeast,2018,P&S Syphilis,15-19,22,4.9,453186
25,Massachusetts,MA,Northeast,2018,P&S Syphilis,20-24,96,19.6,489861
25,Massachusetts,MA,Northeast,2018,P&S Syphilis,25-29,116,23.0,504545
26,Michigan,MI,Midwest,2018,Chlamydia,15-19,15030,2303.7,652429
26,Michigan,MI,Midwest,2018,Chlamydia,20-24,18808,2712.7,693331
26,Michigan,MI,Midwest,2018,Chlamydia,25-29,9304,1342.5,693035
26,Michigan,MI,Midwest,2018,Gonorrhea,15-19,3454,529.4,652429
26,Michigan,MI,Midwest,2018,Gonorrhea,20-24,4879,703.7,693331
26,Michigan,MI,Midwest,2018,Gonorrhea,25-29,3604,520.0,693035
26,Michigan,MI,Midwest,2018,P&S Syphilis,15-19,29,4.4,652429
26,Michigan,MI,Midwest,2018,P&S Syphilis,20-24,127,18.3,693331
26,Michigan,MI,Midwest,2018,P&S Syphilis,25-29,158,22.8,693035
27,Minnesota,MN,Midwest,2018,Chlamydia,15-19,5973,1669.1,357858
27,Minnesota,MN,Midwest,2018,Chlamydia,20-24,8479,2362.7,358869
27,Minnesota,MN,Midwest,2018,Chlamydia,25-29,4304,1145.0,375895
27,Minnesota,MN,Midwest,2018,Gonorrhea,15-19,1248,348.7,357858
27,Minnesota,MN,Midwest,2018,Gonorrhea,20-24,1930,537.8,358869
27,Minnesota,MN,Midwest,2018,Gonorrhea,25-29,1619,430.7,375895
27,Minnesota,MN,Midwest,2018,P&S Syphilis,15-19,15,4.2,357858
27,Minnesota,MN,Midwest,2018,P&S Syphilis,20-24,39,10.9,358869
27,Minnesota,MN,Midwest,2018,P&S Syphilis,25-29,61,16.2,375895
28,Mississippi,MS,South,2018,Chlamydia,15-19,7186,3541.6,202903
28,Mississippi,MS,South,2018,Chlamydia,20-24,8519,4171.6,204214
28,Mississippi,MS,South,2018,Chlamydia,25-29,3697,1764.0,209580
28,Mississippi,MS,South,2018,Gonorrhea,15-19,2202,1085.2,202903
28,Mississippi,MS,South,2018,Gonorrhea,20-24,3275,1603.7,204214
28,Mississippi,MS,South,2018,Gonorrhea,25-29,2032,969.6,209580
28,Mississippi,MS,South,2018,P&S Syphilis,15-19,54,26.6,202903
28,Mississippi,MS,South,2018,P&S Syphilis,20-24,131,64.1,204214
28,Mississippi,MS,South,2018,P&S Syphilis,25-29,108,51.5,209580
29,Missouri,MO,Midwest,2018,Chlamydia,15-19,9834,2515.4,390952
29,Missouri,MO,Midwest,2018,Chlamydia,20-24,12823,3142.5,408051
29,Missouri,MO,Midwest,2018,Chlamydia,25-29,6363,1495.3,425533
29,Missouri,MO,Midwest,2018,Gonorrhea,15-19,2615,668.9,390952
29,Missouri,MO,Midwest,2018,Gonorrhea,20-24,4063,995.7,408051
29,Missouri,MO,Midwest,2018,Gonorrhea,25-29,3334,783.5,425533
29,Missouri,MO,Midwest,2018,P&S Syphilis,15-19,28,7.2,390952
29,Missouri,MO,Midwest,2018,P&S Syphilis,20-24,133,32.6,408051
29,Missouri,MO,Midwest,2018,P&S Syphilis,25-29,182,42.8,425533
30,Montana,MT,West,2018,Chlamydia,15-19,1401,2196.3,63789
30,Montana,MT,West,2018,Chlamydia,20-24,1762,2433.6,72403
30,Montana,MT,West,2018,Chlamydia,25-29,843,1183.5,71229
30,Montana,MT,West,2018,Gonorrhea,15-19,144,225.7,63789
30,Montana,MT,West,2018,Gonorrhea,20-24,280,386.7,72403
30,Montana,MT,West,2018,Gonorrhea,25-29,249,349.6,71229
30,Montana,MT,West,2018,P&S Syphilis,15-19,5,7.8,63789
30,Montana,MT,West,2018,P&S Syphilis,20-24,7,9.7,72403
30,Montana,MT,West,2018,P&S Syphilis,25-29,6,8.4,71229
31,Nebraska,NE,Midwest,2018,Chlamydia,15-19,2069,1574.1,131440
31,Nebraska,NE,Midwest,2018,Chlamydia,20-24,3086,2263.2,136356
31,Nebraska,NE,Midwest,2018,Chlamydia,25-29,1482,1158.2,127957
31,Nebraska,NE,Midwest,2018,Gonorrhea,15-19,358,272.4,131440
31,Nebraska,NE,Midwest,2018,Gonorrhea,20-24,742,544.2,136356
31,Nebraska,NE,Midwest,2018,Gonorrhea,25-29,619,483.7,127957
31,Nebraska,NE,Midwest,2018,P&S Syphilis,15-19,3,2.3,131440
31,Nebraska,NE,Midwest,2018,P&S Syphilis,20-24,21,15.4,136356
31,Nebraska,NE,Midwest,2018,P&S Syphilis,25-29,23,18.0,127957
32,Nevada,NV,West,2018,Chlamydia,15-19,3874,2142.2,180842
32,Nevada,NV,West,2018,Chlamydia,20-24,5999,3303.7,181584
32,Nevada,NV,West,2018,Chlamydia,25-29,3601,1587.5,226835
32,Nevada,NV,West,2018,Gonorrhea,15-19,1039,574.5,180842
32,Nevada,NV,West,2018,Gonorrhea,20-24,1559,858.6,181584
32,Nevada,NV,West,2018,Gonorrhea,25-29,1380,608.4,226835
32,Nevada,NV,West,2018,P&S Syphilis,15-19,17,9.4,180842
32,Nevada,NV,West,2018,P&S Syphilis,20-24,107,58.9,181584
32,Nevada,NV,West,2018,P&S Syphilis,25-29,148,65.2,226835
33,New Hampshire,NH,Northeast,2018,Chlamydia,15-19,857,1012.2,84667
33,New Hampshire,NH,Northeast,2018,Chlamydia,20-24,1629,1826.5,89187
33,New Hampshire,NH,Northeast,2018,Chlamydia,25-29,671,780.9,85926
33,New Hampshire,NH,Northeast,2018,Gonorrhea,15-19,55,65.0,84667
33,New Hampshire,NH,Northeast,2018,Gonorrhea,20-24,151,169.3,89187
33,New Hampshire,NH,Northeast,2018,Gonorrhea,25-29,114,132.7,85926
33,New Hampshire,NH,Northeast,2018,P&S Syphilis,15-19,4,4.7,84667
33,New Hampshire,NH,Northeast,2018,P&S Syphilis,20-24,15,16.8,89187
33,New Hampshire,NH,Northeast,2018,P&S Syphilis,25-29,15,17.5,85926
34,New Jersey,NJ,Northeast,2018,Chlamydia,15-19,7794,1402.4,555762
34,New Jersey,NJ,Northeast,2018,Chlamydia,20-24,14817,2703.8,548007
34,New Jersey,NJ,Northeast,2018,Chlamydia,25-29,7147,1236.3,578096
34,New Jersey,NJ,Northeast,2018,Gonorrhea,15-19,1284,231.0,555762
34,New Jersey,NJ,Northeast,2018,Gonorrhea,20-24,2582,471.2,548007
34,New Jersey,NJ,Northeast,2018,Gonorrhea,25-29,1962,339.4,578096
34,New Jersey,NJ,Northeast,2018,P&S Syphilis,15-19,16,2.9,555762
34,New Jersey,NJ,Northeast,2018,P&S Syphilis,20-24,98,17.9,548007
34,New Jersey,NJ,Northeast,2018,P&S Syphilis,25-29,141,24.4,578096
35,New Mexico,NM,West,2018,Chlamydia,15-19,3540,2547.0,138987
35,New Mexico,NM,West,2018,Chlamydia,20-24,4718,3339.9,141262
35,New Mexico,NM,West,2018,Chlamydia,25-29,2646,1819.5,145425
35,New Mexico,NM,West,2018,Gonorrhea,15-19,615,442.5,138987
35,New Mexico,NM,West,2018,Gonorrhea,20-24,1204,852.3,141262
35,New Mexico,NM,West,2018,Gonorrhea,25-29,1185,814.8,145425
35,New Mexico,NM,West,2018,P&S Syphilis,15-19,15,10.8,138987
35,New Mexico,NM,West,2018,P&S Syphilis,20-24,45,31.9,141262
35,New Mexico,NM,West,2018,P&S Syphilis,25-29,44,30.3,145425
36,New York,NY,Northeast,2018,Chlamydia,15-19,27637,2326.5,1187922
36,New York,NY,Northeast,2018,Chlamydia,20-24,39163,3018.0,1297647
36,New York,NY,Northeast,2018,Chlamydia,25-29,24154,1630.1,1481750
36,New York,NY,Northeast,2018,Gonorrhea,15-19,4675,393.6,1187922
36,New York,NY,Northeast,2018,Gonorrhea,20-24,8369,644.9,1297647
36,New York,NY,Northeast,2018,Gonorrhea,25-29,8946,603.8,1481750
36,New York,NY,Northeast,2018,P&S Syphilis,15-19,79,6.7,1187922
36,New York,NY,Northeast,2018,P&S Syphilis,20-24,378,29.1,1297647
36,New York,NY,Northeast,2018,P&S Syphilis,25-29,588,39.7,1481750
37,North Carolina,NC,South,2018,Chlamydia,15-19,18789,2737.8,686281
37,North Carolina,NC,South,2018,Chlamydia,20-24,25265,3614.8,698932
37,North Carolina,NC,South,2018,Chlamydia,25-29,12266,1686.1,727478
37,North Carolina,NC,South,2018,Gonorrhea,15-19,4204,612.6,686281
37,North Carolina,NC,South,2018,Gonorrhea,20-24,7092,1014.7,698932
37,North Carolina,NC,South,2018,Gonorrhea,25-29,5306,729.4,727478
37,North Carolina,NC,South,2018,P&S Syphilis,15-19,59,8.6,686281
37,North Carolina,NC,South,2018,P&S Syphilis,20-24,210,30.0,698932
37,North Carolina,NC,South,2018,P&S Syphilis,25-29,270,37.1,727478
38,North Dakota,ND,Midwest,2018,Chlamydia,15-19,824,1751.6,47043
38,North Dakota,ND,Midwest,2018,Chlamydia,20-24,1370,2164.8,63285
38,North Dakota,ND,Midwest,2018,Chlamydia,25-29,666,1094.0,60878
38,North Dakota,ND,Midwest,2018,Gonorrhea,15-19,188,399.6,47043
38,North Dakota,ND,Midwest,2018,Gonorrhea,20-24,370,584.7,63285
38,North Dakota,ND,Midwest,2018,Gonorrhea,25-29,311,510.9,60878
38,North Dakota,ND,Midwest,2018,P&S Syphilis,15-19,1,2.1,47043
38,North Dakota,ND,Midwest,2018,P&S Syphilis,20-24,6,9.5,63285
38,North Dakota,ND,Midwest,2018,P&S Syphilis,25-29,15,24.6,60878
39,Ohio,OH,Midwest,2018,Chlamydia,15-19,18843,2478.6,760228
39,Ohio,OH,Midwest,2018,Chlamydia,20-24,23507,3105.1,757045
39,Ohio,OH,Midwest,2018,Chlamydia,25-29,11220,1393.9,804936
39,Ohio,OH,Midwest,2018,Gonorrhea,15-19,4635,609.7,760228
39,Ohio,OH,Midwest,2018,Gonorrhea,20-24,7134,942.3,757045
39,Ohio,OH,Midwest,2018,Gonorrhea,25-29,5431,674.7,804936
39,Ohio,OH,Midwest,2018,P&S Syphilis,15-19,54,7.1,760228
39,Ohio,OH,Midwest,2018,P&S Syphilis,20-24,143,18.9,757045
39,Ohio,OH,Midwest,2018,P&S Syphilis,25-29,163,20.3,804936
40,Oklahoma,OK,South,2018,Chlamydia,15-19,6343,2403.5,263907
40,Oklahoma,OK,South,2018,Chlamydia,20-24,8005,2924.0,273769
40,Oklahoma,OK,South,2018,Chlamydia,25-29,3869,1378.0,280769
40,Oklahoma,OK,South,2018,Gonorrhea,15-19,1534,581.3,263907
40,Oklahoma,OK,South,2018,Gonorrhea,20-24,2461,898.9,273769
40,Oklahoma,OK,South,2018,Gonorrhea,25-29,1884,671.0,280769
40,Oklahoma,OK,South,2018,P&S Syphilis,15-19,28,10.6,263907
40,Oklahoma,OK,South,2018,P&S Syphilis,20-24,88,32.1,273769
40,Oklahoma,OK,South,2018,P&S Syphilis,25-29,84,29.9,280769
41,Oregon,OR,West,2018,Chlamydia,15-19,4590,1864.4,246192
41,Oregon,OR,West,2018,Chlamydia,20-24,6582,2484.3,264944
41,Oregon,OR,West,2018,Chlamydia,25-29,3637,1200.6,302932
41,Oregon,OR,West,2018,Gonorrhea,15-19,541,219.7,246192
41,Oregon,OR,West,2018,Gonorrhea,20-24,1213,457.8,264944
41,Oregon,OR,West,2018,Gonorrhea,25-29,1302,429.8,302932
41,Oregon,OR,West,2018,P&S Syphilis,15-19,12,4.9,246192
41,Oregon,OR,West,2018,P&S Syphilis,20-24,61,23.0,264944
41,Oregon,OR,West,2018,P&S Syphilis,25-29,91,30.0,302932
42,Pennsylvania,PA,Northeast,2018,Chlamydia,15-19,16357,2021.4,809192
42,Pennsylvania,PA,Northeast,2018,Chlamydia,20-24,22265,2740.6,812413
42,Pennsylvania,PA,Northeast,2018,Chlamydia,25-29,10869,1250.3,869311
42,Pennsylvania,PA,Northeast,2018,Gonorrhea,15-19,2514,310.7,809192
42,Pennsylvania,PA,Northeast,2018,Gonorrhea,20-24,4324,532.2,812413
42,Pennsylvania,PA,Northeast,2018,Gonorrhea,25-29,3554,408.8,869311
42,Pennsylvania,PA,Northeast,2018,P&S Syphilis,15-19,42,5.2,809192
42,Pennsylvania,PA,Northeast,2018,P&S Syphilis,20-24,161,19.8,812413
42,Pennsylvania,PA,Northeast,2018,P&S Syphilis,25-29,190,21.9,869311
44,Rhode Island,RI,Northeast,2018,Chlamydia,15-19,1392,1943.8,71612
44,Rhode Island,RI,Northeast,2018,Chlamydia,20-24,2134,2780.9,76738
44,Rhode Island,RI,Northeast,2018,Chlamydia,25-29,997,1301.3,76616
44,Rhode Island,RI,Northeast,2018,Gonorrhea,15-19,180,251.4,71612
44,Rhode Island,RI,Northeast,2018,Gonorrhea,20-24,373,486.1,76738
44,Rhode Island,RI,Northeast,2018,Gonorrhea,25-29,275,358.9,76616
44,Rhode Island,RI,Northeast,2018,P&S Syphilis,15-19,4,5.6,71612
44,Rhode Island,RI,Northeast,2018,P&S Syphilis,20-24,14,18.2,76738
44,Rhode Island,RI,Northeast,2018,P&S Syphilis,25-29,14,18.3,76616
45,South Carolina,SC,South,2018,Chlamydia,15-19,10147,3139.3,323225
45,South Carolina,SC,South,2018,Chlamydia,20-24,12401,3743.3,331285
45,South Carolina,SC,South,2018,Chlamydia,25-29,6193,1747.5,354392
45,South Carolina,SC,South,2018,Gonorrhea,15-19,2855,883.3,323225
45,South Carolina,SC,South,2018,Gonorrhea,20-24,4253,1283.8,331285
45,South Carolina,SC,South,2018,Gonorrhea,25-29,2974,839.2,354392
45,South Carolina,SC,South,2018,P&S Syphilis,15-19,24,7.4,323225
45,South Carolina,SC,South,2018,P&S Syphilis,20-24,82,24.8,331285
45,South Carolina,SC,South,2018,P&S Syphilis,25-29,111,31.3,354392
46,South Dakota,SD,Midwest,2018,Chlamydia,15-19,1094,1909.7,57286
46,South Dakota,SD,Midwest,2018,Chlamydia,20-24,1625,2734.8,59419
46,South Dakota,SD,Midwest,2018,Chlamydia,25-29,849,1460.9,58115
46,South Dakota,SD,Midwest,2018,Gonorrhea,15-19,233,406.7,57286
46,South Dakota,SD,Midwest,2018,Gonorrhea,20-24,483,812.9,59419
46,South Dakota,SD,Midwest,2018,Gonorrhea,25-29,399,686.6,58115
46,South Dakota,SD,Midwest,2018,P&S Syphilis,15-19,0,0.0,57286
46,South Dakota,SD,Midwest,2018,P&S Syphilis,20-24,12,20.2,59419
46,South Dakota,SD,Midwest,2018,P&S Syphilis,25-29,7,12.0,58115
47,Tennessee,TN,South,2018,Chlamydia,15-19,10734,2525.4,425042
47,Tennessee,TN,South,2018,Chlamydia,20-24,14332,3212.6,446118
47,Tennessee,TN,South,2018,Chlamydia,25-29,7137,1447.3,493125
47,Tennessee,TN,South,2018,Gonorrhea,15-19,2700,635.2,425042
47,Tennessee,TN,South,2018,Gonorrhea,20-24,4545,1018.8,446118
47,Tennessee,TN,South,2018,Gonorrhea,25-29,3217,652.4,493125
47,Tennessee,TN,South,2018,P&S Syphilis,15-19,23,5.4,425042
47,Tennessee,TN,South,2018,P&S Syphilis,20-24,120,26.9,446118
47,Tennessee,TN,South,2018,P&S Syphilis,25-29,144,29.2,493125
48,Texas,TX,South,2018,Chlamydia,15-19,39437,1941.9,2030846
48,Texas,TX,South,2018,Chlamydia,20-24,54102,2716.6,1991534
48,Texas,TX,South,2018,Chlamydia,25-29,26893,1248.5,2154025
48,Texas,TX,South,2018,Gonorrhea,15-19,9355,460.6,2030846
48,Texas,TX,South,2018,Gonorrhea,20-24,14166,711.3,1991534
48,Texas,TX,South,2018,Gonorrhea,25-29,10064,467.2,2154025
48,Texas,TX,South,2018,P&S Syphilis,15-19,161,7.9,2030846
48,Texas,TX,South,2018,P&S Syphilis,20-24,553,27.8,1991534
48,Texas,TX,South,2018,P&S Syphilis,25-29,598,27.8,2154025
49,Utah,UT,West,2018,Chlamydia,15-19,2633,1059.9,248420
49,Utah,UT,West,2018,Chlamydia,20-24,3734,1441.3,259072
49,Utah,UT,West,2018,Chlamydia,25-29,1898,769.0,246814
49,Utah,UT,West,2018,Gonorrhea,15-19,319,128.4,248420
49,Utah,UT,West,2018,Gonorrhea,20-24,689,266.0,259072
49,Utah,UT,West,2018,Gonorrhea,25-29,620,251.2,246814
49,Utah,UT,West,2018,P&S Syphilis,15-19,9,3.6,248420
49,Utah,UT,West,2018,P&S Syphilis,20-24,21,8.1,259072
49,Utah,UT,West,2018,P&S Syphilis,25-29,37,15.0,246814
50,Vermont,VT,Northeast,2018,Chlamydia,15-19,345,828.0,41667
50,Vermont,VT,Northeast,2018,Chlamydia,20-24,730,1593.4,45814
50,Vermont,VT,Northeast,2018,Chlamydia,25-29,357,951.2,37532
50,Vermont,VT,Northeast,2018,Gonorrhea,15-19,31,74.4,41667
50,Vermont,VT,Northeast,2018,Gonorrhea,20-24,71,155.0,45814
50,Vermont,VT,Northeast,2018,Gonorrhea,25-29,61,162.5,37532
50,Vermont,VT,Northeast,2018,P&S Syphilis,15-19,2,4.8,41667
50,Vermont,VT,Northeast,2018,P&S Syphilis,20-24,1,2.2,45814
50,Vermont,VT,Northeast,2018,P&S Syphilis,25-29,3,8.0,37532
51,Virginia,VA,South,2018,Chlamydia,15-19,7645,1412.4,541277
51,Virginia,VA,South,2018,Chlamydia,20-24,18208,3157.9,576586
51,Virginia,VA,South,2018,Chlamydia,25-29,9301,1545.5,601812
51,Virginia,VA,South,2018,Gonorrhea,15-19,1407,259.9,541277
51,Virginia,VA,South,2018,Gonorrhea,20-24,3618,627.5,576586
51,Virginia,VA,South,2018,Gonorrhea,25-29,2945,489.4,601812
51,Virginia,VA,South,2018,P&S Syphilis,15-19,9,1.7,541277
51,Virginia,VA,South,2018,P&S Syphilis,20-24,127,22.0,576586
51,Virginia,VA,South,2018,P&S Syphilis,25-29,174,28.9,601812
53,Washington,WA,West,2018,Chlamydia,15-19,7661,1717.2,446133
53,Washington,WA,West,2018,Chlamydia,20-24,11741,2437.3,481722
53,Washington,WA,West,2018,Chlamydia,25-29,6603,1121.2,588923
53,Washington,WA,West,2018,Gonorrhea,15-19,1040,233.1,446133
53,Washington,WA,West,2018,Gonorrhea,20-24,2291,475.6,481722
53,Washington,WA,West,2018,Gonorrhea,25-29,2456,417.0,588923
53,Washington,WA,West,2018,P&S Syphilis,15-19,23,5.2,446133
53,Washington,WA,West,2018,P&S Syphilis,20-24,111,23.0,481722
53,Washington,WA,West,2018,P&S Syphilis,25-29,160,27.2,588923
54,West Virginia,WV,South,2018,Chlamydia,15-19,1011,947.2,106736
54,West Virginia,WV,South,2018,Chlamydia,20-24,1455,1291.8,112634
54,West Virginia,WV,South,2018,Chlamydia,25-29,603,532.1,113325
54,West Virginia,WV,South,2018,Gonorrhea,15-19,150,140.5,106736
54,West Virginia,WV,South,2018,Gonorrhea,20-24,311,276.1,112634
54,West Virginia,WV,South,2018,Gonorrhea,25-29,251,221.5,113325
54,West Virginia,WV,South,2018,P&S Syphilis,15-19,3,2.8,106736
54,West Virginia,WV,South,2018,P&S Syphilis,20-24,15,13.3,112634
54,West Virginia,WV,South,2018,P&S Syphilis,25-29,12,10.6,113325
55,Wisconsin,WI,Midwest,2018,Chlamydia,15-19,7576,2003.5,378138
55,Wisconsin,WI,Midwest,2018,Chlamydia,20-24,10484,2653.5,395101
55,Wisconsin,WI,Midwest,2018,Chlamydia,25-29,5234,1398.6,374231
55,Wisconsin,WI,Midwest,2018,Gonorrhea,15-19,1684,445.3,378138
55,Wisconsin,WI,Midwest,2018,Gonorrhea,20-24,2152,544.7,395101
55,Wisconsin,WI,Midwest,2018,Gonorrhea,25-29,1569,419.3,374231
55,Wisconsin,WI,Midwest,2018,P&S Syphilis,15-19,9,2.4,378138
55,Wisconsin,WI,Midwest,2018,P&S Syphilis,20-24,34,8.6,395101
55,Wisconsin,WI,Midwest,2018,P&S Syphilis,25-29,33,8.8,374231
56,Wyoming,WY,West,2018,Chlamydia,15-19,677,1865.6,36289
56,Wyoming,WY,West,2018,Chlamydia,20-24,828,2169.5,38165
56,Wyoming,WY,West,2018,Chlamydia,25-29,356,916.3,38852
56,Wyoming,WY,West,2018,Gonorrhea,15-19,52,143.3,36289
56,Wyoming,WY,West,2018,Gonorrhea,20-24,75,196.5,38165
56,Wyoming,WY,West,2018,Gonorrhea,25-29,79,203.3,38852
56,Wyoming,WY,West,2018,P&S Syphilis,15-19,2,5.5,36289
56,Wyoming,WY,West,2018,P&S Syphilis,20-24,7,18.3,38165
56,Wyoming,WY,West,2018,P&S Syphilis,25-29,5,12.9,38852
01,Alabama,AL,South,2017,Chlamydia,15-19,9549,3000.3,318268
01,Alabama,AL,South,2017,Chlamydia,20-24,11698,3557.7,328808
01,Alabama,AL,South,2017,Chlamydia,25-29,4713,1392.5,338456
01,Alabama,AL,South,2017,Gonorrhea,15-19,2755,865.6,318268
01,Alabama,AL,South,2017,Gonorrhea,20-24,3857,1173.0,328808
01,Alabama,AL,South,2017,Gonorrhea,25-29,2327,687.5,338456
01,Alabama,AL,South,2017,P&S Syphilis,15-19,31,9.7,318268
01,Alabama,AL,South,2017,P&S Syphilis,20-24,106,32.2,328808
01,Alabama,AL,South,2017,P&S Syphilis,25-29,113,33.4,338456
02,Alaska,AK,West,2017,Chlamydia,15-19,1249,2677.8,46643
02,Alaska,AK,West,2017,Chlamydia,20-24,2019,3698.3,54593
02,Alaska,AK,West,2017,Chlamydia,25-29,1274,2029.3,62780
02,Alaska,AK,West,2017,Gonorrhea,15-19,214,458.8,46643
02,Alaska,AK,West,2017,Gonorrhea,20-24,485,888.4,54593
02,Alaska,AK,West,2017,Gonorrhea,25-29,551,877.7,62780
02,Alaska,AK,West,2017,P&S Syphilis,15-19,0,0.0,46643
02,Alaska,AK,West,2017,P&S Syphilis,20-24,4,7.3,54593
02,Alaska,AK,West,2017,P&S Syphilis,25-29,3,4.8,62780
04,Arizona,AZ,West,2017,Chlamydia,15-19,9386,2000.1,469277
04,Arizona,AZ,West,2017,Chlamydia,20-24,14461,2968.6,487132
04,Arizona,AZ,West,2017,Chlamydia,25-29,7692,1524.0,504724
04,Arizona,AZ,West,2017,Gonorrhea,15-19,1866,397.6,469277
04,Arizona,AZ,West,2017,Gonorrhea,20-24,3225,662.0,487132
04,Arizona,AZ,West,2017,Gonorrhea,25-29,2783,551.4,504724
04,Arizona,AZ,West,2017,P&S Syphilis,15-19,43,9.2,469277
04,Arizona,AZ,West,2017,P&S Syphilis,20-24,160,32.8,487132
04,Arizona,AZ,West,2017,P&S Syphilis,25-29,203,40.2,504724
05,Arkansas,AR,South,2017,Chlamydia,15-19,5487,2772.2,197929
05,Arkansas,AR,South,2017,Chlamydia,20-24,6397,3159.9,202443
05,Arkansas,AR,South,2017,Chlamydia,25-29,2886,1402.9,205717
05,Arkansas,AR,South,2017,Gonorrhea,15-19,1561,788.7,197929
05,Arkansas,AR,South,2017,Gonorrhea,20-24,1993,984.5,202443
05,Arkansas,AR,South,2017,Gonorrhea,25-29,1443,701.4,205717
05,Arkansas,AR,South,2017,P&S Syphilis,15-19,20,10.1,197929
05,Arkansas,AR,South,2017,P&S Syphilis,20-24,60,29.6,202443
05,Arkansas,AR,South,2017,P&S Syphilis,25-29,49,23.8,205717
06,California,CA,West,2017,Chlamydia,15-19,40306,1577.3,2555379
06,California,CA,West,2017,Chlamydia,20-24,76439,2778.6,2750990
06,California,CA,West,2017,Chlamydia,25-29,45924,1471.9,3120049
06,California,CA,West,2017,Gonorrhea,15-19,7260,284.1,2555379
06,California,CA,West,2017,Gonorrhea,20-24,17223,626.1,2750990
06,California,CA,West,2017,Gonorrhea,25-29,17117,548.6,3120049
06,California,CA,West,2017,P&S Syphilis,15-19,274,10.7,2555379
06,California,CA,West,2017,P&S Syphilis,20-24,1089,39.6,2750990
06,California,CA,West,2017,P&S Syphilis,25-29,1281,41.1,3120049
08,Colorado,CO,West,2017,Chlamydia,15-19,6610,1854.4,356450
08,Colorado,CO,West,2017,Chlamydia,20-24,9613,2543.0,378018
08,Colorado,CO,West,2017,Chlamydia,25-29,5239,1185.8,441811
08,Colorado,CO,West,2017,Gonorrhea,15-19,1196,335.5,356450
08,Colorado,CO,West,2017,Gonorrhea,20-24,2200,582.0,378018
08,Colorado,CO,West,2017,Gonorrhea,25-29,1929,436.6,441811
08,Colorado,CO,West,2017,P&S Syphilis,15-19,13,3.6,356450
08,Colorado,CO,West,2017,P&S Syphilis,20-24,45,11.9,378018
08,Colorado,CO,West,2017,P&S Syphilis,25-29,62,14.0,441811
09,Connecticut,CT,Northeast,2017,Chlamydia,15-19,4739,1940.7,244190
09,Connecticut,CT,Northeast,2017,Chlamydia,20-24,6779,2758.5,245750
09,Connecticut,CT,Northeast,2017,Chlamydia,25-29,3174,1441.5,220187
09,Connecticut,CT,Northeast,2017,Gonorrhea,15-19,615,251.9,244190
09,Connecticut,CT,Northeast,2017,Gonorrhea,20-24,1070,435.4,245750
09,Connecticut,CT,Northeast,2017,Gonorrhea,25-29,827,375.6,220187
09,Connecticut,CT,Northeast,2017,P&S Syphilis,15-19,9,3.7,244190
09,Connecticut,CT,Northeast,2017,P&S Syphilis,20-24,22,9.0,245750
09,Connecticut,CT,Northeast,2017,P&S Syphilis,25-29,21,9.5,220187
10,Delaware,DE,South,2017,Chlamydia,15-19,1609,2675.6,60136
10,Delaware,DE,South,2017,Chlamydia,20-24,2001,3398.6,58877
10,Delaware,DE,South,2017,Chlamydia,25-29,979,1452.3,67410
10,Delaware,DE,South,2017,Gonorrhea,15-19,312,518.8,60136
10,Delaware,DE,South,2017,Gonorrhea,20-24,487,827.1,58877
10,Delaware,DE,South,2017,Gonorrhea,25-29,387,574.1,67410
10,Delaware,DE,South,2017,P&S Syphilis,15-19,2,3.3,60136
10,Delaware,DE,South,2017,P&S Syphilis,20-24,9,15.3,58877
10,Delaware,DE,South,2017,P&S Syphilis,25-29,11,16.3,67410
11,District of Columbia,DC,South,2017,Chlamydia,15-19,1916,5216.3,36731
11,District of Columbia,DC,South,2017,Chlamydia,20-24,2741,5144.9,53276
11,District of Columbia,DC,South,2017,Chlamydia,25-29,2057,2454.4,83809
11,District of Columbia,DC,South,2017,Gonorrhea,15-19,623,1696.1,36731
11,District of Columbia,DC,South,2017,Gonorrhea,20-24,1057,1984.0,53276
11,District of Columbia,DC,South,2017,Gonorrhea,25-29,1140,1360.3,83809
11,District of Columbia,DC,South,2017,P&S Syphilis,15-19,11,29.9,36731
11,District of Columbia,DC,South,2017,P&S Syphilis,20-24,24,45.0,53276
11,District of Columbia,DC,South,2017,P&S Syphilis,25-29,64,76.4,83809
12,Florida,FL,South,2017,Chlamydia,15-19,25632,2127.6,1204738
12,Florida,FL,South,2017,Chlamydia,20-24,36783,2892.5,1271668
12,Florida,FL,South,2017,Chlamydia,25-29,19293,1354.4,1424468
12,Florida,FL,South,2017,Gonorrhea,15-19,5339,443.2,1204738
12,Florida,FL,South,2017,Gonorrhea,20-24,9086,714.5,1271668
12,Florida,FL,South,2017,Gonorrhea,25-29,7011,492.2,1424468
12,Florida,FL,South,2017,P&S Syphilis,15-19,121,10.0,1204738
12,Florida,FL,South,2017,P&S Syphilis,20-24,413,32.5,1271668
12,Florida,FL,South,2017,P&S Syphilis,25-29,498,35.0,1424468
13,Georgia,GA,South,2017,Chlamydia,15-19,18406,2547.6,722484
13,Georgia,GA,South,2017,Chlamydia,20-24,23925,3335.4,717305
13,Georgia,GA,South,2017,Chlamydia,25-29,12166,1614.9,753359
13,Georgia,GA,South,2017,Gonorrhea,15-19,4043,559.6,722484
13,Georgia,GA,South,2017,Gonorrhea,20-24,6894,961.1,717305
13,Georgia,GA,South,2017,Gonorrhea,25-29,5191,689.0,753359
13,Georgia,GA,South,2017,P&S Syphilis,15-19,71,9.8,722484
13,Georgia,GA,South,2017,P&S Syphilis,20-24,278,38.8,717305
13,Georgia,GA,South,2017,P&S Syphilis,25-29,391,51.9,753359
15,Hawaii,HI,West,2017,Chlamydia,15-19,1369,1768.7,77401
15,Hawaii,HI,West,2017,Chlamydia,20-24,2638,2823.6,93427
15,Hawaii,HI,West,2017,Chlamydia,25-29,1368,1298.4,105360
15,Hawaii,HI,West,2017,Gonorrhea,15-19,148,191.2,77401
15,Hawaii,HI,West,2017,Gonorrhea,20-24,328,351.1,93427
15,Hawaii,HI,West,2017,Gonorrhea,25-29,306,290.4,105360
15,Hawaii,HI,West,2017,P&S Syphilis,15-19,0,0.0,77401
15,Hawaii,HI,West,2017,P&S Syphilis,20-24,15,16.1,93427
15,Hawaii,HI,West,2017,P&S Syphilis,25-29,20,19.0,105360
16,Idaho,ID,West,2017,Chlamydia,15-19,1829,1499.7,121958
16,Idaho,ID,West,2017,Chlamydia,20-24,2257,1988.2,113520
16,Idaho,ID,West,2017,Chlamydia,25-29,1053,907.4,116046
16,Idaho,ID,West,2017,Gonorrhea,15-19,104,85.3,121958
16,Idaho,ID,West,2017,Gonorrhea,20-24,256,225.5,113520
16,Idaho,ID,West,2017,Gonorrhea,25-29,200,172.3,116046
16,Idaho,ID,West,2017,P&S Syphilis,15-19,3,2.5,121958
16,Idaho,ID,West,2017,P&S Syphilis,20-24,14,12.3,113520
16,Idaho,ID,West,2017,P&S Syphilis,25-29,16,13.8,116046
17,Illinois,IL,Midwest,2017,Chlamydia,15-19,19917,2385.7,834849
17,Illinois,IL,Midwest,2017,Chlamydia,20-24,28461,3302.5,861802
17,Illinois,IL,Midwest,2017,Chlamydia,25-29,13988,1549.4,902801
17,Illinois,IL,Midwest,2017,Gonorrhea,15-19,4867,583.0,834849
17,Illinois,IL,Midwest,2017,Gonorrhea,20-24,7347,852.5,861802
17,Illinois,IL,Midwest,2017,Gonorrhea,25-29,5047,559.0,902801
17,Illinois,IL,Midwest,2017,P&S Syphilis,15-19,43,5.2,834849
17,Illinois,IL,Midwest,2017,P&S Syphilis,20-24,213,24.7,861802
17,Illinois,IL,Midwest,2017,P&S Syphilis,25-29,276,30.6,902801
18,Indiana,IN,Midwest,2017,Chlamydia,15-19,9817,2150.1,456583
18,Indiana,IN,Midwest,2017,Chlamydia,20-24,13195,2782.6,474197
18,Indiana,IN,Midwest,2017,Chlamydia,25-29,6107,1353.7,451134
18,Indiana,IN,Midwest,2017,Gonorrhea,15-19,2445,535.5,456583
18,Indiana,IN,Midwest,2017,Gonorrhea,20-24,3631,765.7,474197
18,Indiana,IN,Midwest,2017,Gonorrhea,25-29,2596,575.4,451134
18,Indiana,IN,Midwest,2017,P&S Syphilis,15-19,23,5.0,456583
18,Indiana,IN,Midwest,2017,P&S Syphilis,20-24,70,14.8,474197
18,Indiana,IN,Midwest,2017,P&S Syphilis,25-29,86,19.1,451134
19,Iowa,IA,Midwest,2017,Chlamydia,15-19,3863,1807.4,213732
19,Iowa,IA,Midwest,2017,Chlamydia,20-24,5294,2316.6,228525
19,Iowa,IA,Midwest,2017,Chlamydia,25-29,2425,1208.5,200662
19,Iowa,IA,Midwest,2017,Gonorrhea,15-19,620,290.1,213732
19,Iowa,IA,Midwest,2017,Gonorrhea,20-24,1035,452.9,228525
19,Iowa,IA,Midwest,2017,Gonorrhea,25-29,835,416.1,200662
19,Iowa,IA,Midwest,2017,P&S Syphilis,15-19,6,2.8,213732
19,Iowa,IA,Midwest,2017,P&S Syphilis,20-24,16,7.0,228525
19,Iowa,IA,Midwest,2017,P&S Syphilis,25-29,20,10.0,200662
20,Kansas,KS,Midwest,2017,Chlamydia,15-19,3865,1931.1,200145
20,Kansas,KS,Midwest,2017,Chlamydia,20-24,5345,2486.2,214987
20,Kansas,KS,Midwest,2017,Chlamydia,25-29,2349,1211.6,193876
20,Kansas,KS,Midwest,2017,Gonorrhea,15-19,872,435.7,200145
20,Kansas,KS,Midwest,2017,Gonorrhea,20-24,1342,624.2,214987
20,Kansas,KS,Midwest,2017,Gonorrhea,25-29,922,475.6,193876
20,Kansas,KS,Midwest,2017,P&S Syphilis,15-19,7,3.5,200145
20,Kansas,KS,Midwest,2017,P&S Syphilis,20-24,26,12.1,214987
20,Kansas,KS,Midwest,2017,P&S Syphilis,25-29,27,13.9,193876
21,Kentucky,KY,South,2017,Chlamydia,15-19,5807,2020.5,287404
21,Kentucky,KY,South,2017,Chlamydia,20-24,7403,2440.3,303364
21,Kentucky,KY,South,2017,Chlamydia,25-29,3245,1059.0,306421
21,Kentucky,KY,South,2017,Gonorrhea,15-19,1343,467.3,287404
21,Kentucky,KY,South,2017,Gonorrhea,20-24,2117,697.8,303364
21,Kentucky,KY,South,2017,Gonorrhea,25-29,1527,498.3,306421
21,Kentucky,KY,South,2017,P&S Syphilis,15-19,5,1.7,287404
21,Kentucky,KY,South,2017,P&S Syphilis,20-24,45,14.8,303364
21,Kentucky,KY,South,2017,P&S Syphilis,25-29,63,20.6,306421
22,Louisiana,LA,South,2017,Chlamydia,15-19,11220,3754.9,298810
22,Louisiana,LA,South,2017,Chlamydia,20-24,12753,4031.7,316318
22,Louisiana,LA,South,2017,Chlamydia,25-29,5678,1632.8,347746
22,Louisiana,LA,South,2017,Gonorrhea,15-19,2812,941.1,298810
22,Louisiana,LA,South,2017,Gonorrhea,20-24,4091,1293.3,316318
22,Louisiana,LA,South,2017,Gonorrhea,25-29,2313,665.1,347746
22,Louisiana,LA,South,2017,P&S Syphilis,15-19,56,18.7,298810
22,Louisiana,LA,South,2017,P&S Syphilis,20-24,171,54.1,316318
22,Louisiana,LA,South,2017,P&S Syphilis,25-29,164,47.2,347746
23,Maine,ME,Northeast,2017,Chlamydia,15-19,1086,1380.5,78667
23,Maine,ME,Northeast,2017,Chlamydia,20-24,1768,2323.6,76089
23,Maine,ME,Northeast,2017,Chlamydia,25-29,894,1117.7,79986
23,Maine,ME,Northeast,2017,Gonorrhea,15-19,58,73.7,78667
23,Maine,ME,Northeast,2017,Gonorrhea,20-24,131,172.2,76089
23,Maine,ME,Northeast,2017,Gonorrhea,25-29,149,186.3,79986
23,Maine,ME,Northeast,2017,P&S Syphilis,15-19,1,1.3,78667
23,Maine,ME,Northeast,2017,P&S Syphilis,20-24,12,15.8,76089
23,Maine,ME,Northeast,2017,P&S Syphilis,25-29,13,16.3,79986
24,Maryland,MD,South,2017,Chlamydia,15-19,9440,2466.1,382791
24,Maryland,MD,South,2017,Chlamydia,20-24,12299,3213.1,382777
24,Maryland,MD,South,2017,Chlamydia,25-29,5994,1435.1,417671
24,Maryland,MD,South,2017,Gonorrhea,15-19,2117,553.1,382791
24,Maryland,MD,South,2017,Gonorrhea,20-24,3158,825.0,382777
24,Maryland,MD,South,2017,Gonorrhea,25-29,2367,566.7,417671
24,Maryland,MD,South,2017,P&S Syphilis,15-19,31,8.1,382791
24,Maryland,MD,South,2017,P&S Syphilis,20-24,103,26.9,382777
24,Maryland,MD,South,2017,P&S Syphilis,25-29,145,34.7,417671
25,Massachusetts,MA,Northeast,2017,Chlamydia,15-19,6678,1465.6,455650
25,Massachusetts,MA,Northeast,2017,Chlamydia,20-24,11363,2299.9,494065
25,Massachusetts,MA,Northeast,2017,Chlamydia,25-29,5718,1139.3,501887
25,Massachusetts,MA,Northeast,2017,Gonorrhea,15-19,733,160.9,455650
25,Massachusetts,MA,Northeast,2017,Gonorrhea,20-24,1915,387.6,494065
25,Massachusetts,MA,Northeast,2017,Gonorrhea,25-29,1802,359.0,501887
25,Massachusetts,MA,Northeast,2017,P&S Syphilis,15-19,13,2.9,455650
25,Massachusetts,MA,Northeast,2017,P&S Syphilis,20-24,85,17.2,494065
25,Massachusetts,MA,Northeast,2017,P&S Syphilis,25-29,127,25.3,501887
26,Michigan,MI,Midwest,2017,Chlamydia,15-19,14997,2266.4,661710
26,Michigan,MI,Midwest,2017,Chlamydia,20-24,19316,2739.6,705066
26,Michigan,MI,Midwest,2017,Chlamydia,25-29,9130,1344.4,679113
26,Michigan,MI,Midwest,2017,Gonorrhea,15-19,3334,503.8,661710
26,Michigan,MI,Midwest,2017,Gonorrhea,20-24,4811,682.4,705066
26,Michigan,MI,Midwest,2017,Gonorrhea,25-29,3467,510.5,679113
26,Michigan,MI,Midwest,2017,P&S Syphilis,15-19,39,5.9,661710
26,Michigan,MI,Midwest,2017,P&S Syphilis,20-24,103,14.6,705066
26,Michigan,MI,Midwest,2017,P&S Syphilis,25-29,107,15.8,679113
27,Minnesota,MN,Midwest,2017,Chlamydia,15-19,5912,1659.4,356273
27,Minnesota,MN,Midwest,2017,Chlamydia,20-24,8624,2381.2,362170
27,Minnesota,MN,Midwest,2017,Chlamydia,25-29,4403,1188.1,370592
27,Minnesota,MN,Midwest,2017,Gonorrhea,15-19,1166,327.3,356273
27,Minnesota,MN,Midwest,2017,Gonorrhea,20-24,1745,481.8,362170
27,Minnesota,MN,Midwest,2017,Gonorrhea,25-29,1351,364.5,370592
27,Minnesota,MN,Midwest,2017,P&S Syphilis,15-19,9,2.5,356273
27,Minnesota,MN,Midwest,2017,P&S Syphilis,20-24,60,16.6,362170
27,Minnesota,MN,Midwest,2017,P&S Syphilis,25-29,69,18.6,370592
28,Mississippi,MS,South,2017,Chlamydia,15-19,7020,3388.3,207184
28,Mississippi,MS,South,2017,Chlamydia,20-24,8216,3909.1,210176
28,Mississippi,MS,South,2017,Chlamydia,25-29,3362,1617.4,207864
28,Mississippi,MS,South,2017,Gonorrhea,15-19,2183,1053.6,207184
28,Mississippi,MS,South,2017,Gonorrhea,20-24,3173,1509.7,210176
28,Mississippi,MS,South,2017,Gonorrhea,25-29,1847,888.6,207864
28,Mississippi,MS,South,2017,P&S Syphilis,15-19,34,16.4,207184
28,Mississippi,MS,South,2017,P&S Syphilis,20-24,89,42.3,210176
28,Mississippi,MS,South,2017,P&S Syphilis,25-29,53,25.5,207864
29,Missouri,MO,Midwest,2017,Chlamydia,15-19,9615,2449.5,392529
29,Missouri,MO,Midwest,2017,Chlamydia,20-24,12207,2953.2,413348
29,Missouri,MO,Midwest,2017,Chlamydia,25-29,5703,1353.9,421228
29,Missouri,MO,Midwest,2017,Gonorrhea,15-19,2512,640.0,392529
29,Missouri,MO,Midwest,2017,Gonorrhea,20-24,3811,922.0,413348
29,Missouri,MO,Midwest,2017,Gonorrhea,25-29,2723,646.4,421228
29,Missouri,MO,Midwest,2017,P&S Syphilis,15-19,19,4.8,392529
29,Missouri,MO,Midwest,2017,P&S Syphilis,20-24,87,21.0,413348
29,Missouri,MO,Midwest,2017,P&S Syphilis,25-29,108,25.6,421228
30,Montana,MT,West,2017,Chlamydia,15-19,1310,2056.5,63700
30,Montana,MT,West,2017,Chlamydia,20-24,1604,2186.7,73353
30,Montana,MT,West,2017,Chlamydia,25-29,804,1152.8,69743
30,Montana,MT,West,2017,Gonorrhea,15-19,103,161.7,63700
30,Montana,MT,West,2017,Gonorrhea,20-24,211,287.7,73353
30,Montana,MT,West,2017,Gonorrhea,25-29,183,262.4,69743
30,Montana,MT,West,2017,P&S Syphilis,15-19,0,0.0,63700
30,Montana,MT,West,2017,P&S Syphilis,20-24,6,8.2,73353
30,Montana,MT,West,2017,P&S Syphilis,25-29,13,18.6,69743
31,Nebraska,NE,Midwest,2017,Chlamydia,15-19,2159,1659.2,130123
31,Nebraska,NE,Midwest,2017,Chlamydia,20-24,3328,2422.1,137401
31,Nebraska,NE,Midwest,2017,Chlamydia,25-29,1600,1266.0,126382
31,Nebraska,NE,Midwest,2017,Gonorrhea,15-19,420,322.8,130123
31,Nebraska,NE,Midwest,2017,Gonorrhea,20-24,728,529.8,137401
31,Nebraska,NE,Midwest,2017,Gonorrhea,25-29,593,469.2,126382
31,Nebraska,NE,Midwest,2017,P&S Syphilis,15-19,2,1.5,130123
31,Nebraska,NE,Midwest,2017,P&S Syphilis,20-24,4,2.9,137401
31,Nebraska,NE,Midwest,2017,P&S Syphilis,25-29,13,10.3,126382
32,Nevada,NV,West,2017,Chlamydia,15-19,3683,2058.9,178882
32,Nevada,NV,West,2017,Chlamydia,20-24,5626,3111.1,180836
32,Nevada,NV,West,2017,Chlamydia,25-29,3344,1500.7,222829
32,Nevada,NV,West,2017,Gonorrhea,15-19,721,403.1,178882
32,Nevada,NV,West,2017,Gonorrhea,20-24,1293,715.0,180836
32,Nevada,NV,West,2017,Gonorrhea,25-29,1260,565.5,222829
32,Nevada,NV,West,2017,P&S Syphilis,15-19,17,9.5,178882
32,Nevada,NV,West,2017,P&S Syphilis,20-24,73,40.4,180836
32,Nevada,NV,West,2017,P&S Syphilis,25-29,136,61.0,222829
33,New Hampshire,NH,Northeast,2017,Chlamydia,15-19,1048,1220.5,85866
33,New Hampshire,NH,Northeast,2017,Chlamydia,20-24,1948,2141.7,90956
33,New Hampshire,NH,Northeast,2017,Chlamydia,25-29,770,913.2,84319
33,New Hampshire,NH,Northeast,2017,Gonorrhea,15-19,40,46.6,85866
33,New Hampshire,NH,Northeast,2017,Gonorrhea,20-24,108,118.7,90956
33,New Hampshire,NH,Northeast,2017,Gonorrhea,25-29,115,136.4,84319
33,New Hampshire,NH,Northeast,2017,P&S Syphilis,15-19,0,0.0,85866
33,New Hampshire,NH,Northeast,2017,P&S Syphilis,20-24,3,3.3,90956
33,New Hampshire,NH,Northeast,2017,P&S Syphilis,25-29,11,13.0,84319
34,New Jersey,NJ,Northeast,2017,Chlamydia,15-19,7365,1316.0,559650
34,New Jersey,NJ,Northeast,2017,Chlamydia,20-24,14281,2561.5,557525
34,New Jersey,NJ,Northeast,2017,Chlamydia,25-29,6997,1223.9,571697
34,New Jersey,NJ,Northeast,2017,Gonorrhea,15-19,1492,266.6,559650
34,New Jersey,NJ,Northeast,2017,Gonorrhea,20-24,2708,485.7,557525
34,New Jersey,NJ,Northeast,2017,Gonorrhea,25-29,1941,339.5,571697
34,New Jersey,NJ,Northeast,2017,P&S Syphilis,15-19,21,3.8,559650
34,New Jersey,NJ,Northeast,2017,P&S Syphilis,20-24,98,17.6,557525
34,New Jersey,NJ,Northeast,2017,P&S Syphilis,25-29,111,19.4,571697
35,New Mexico,NM,West,2017,Chlamydia,15-19,3447,2476.5,139188
35,New Mexico,NM,West,2017,Chlamydia,20-24,4646,3225.6,144035
35,New Mexico,NM,West,2017,Chlamydia,25-29,2673,1842.6,145067
35,New Mexico,NM,West,2017,Gonorrhea,15-19,618,444.0,139188
35,New Mexico,NM,West,2017,Gonorrhea,20-24,1108,769.3,144035
35,New Mexico,NM,West,2017,Gonorrhea,25-29,988,681.1,145067
35,New Mexico,NM,West,2017,P&S Syphilis,15-19,9,6.5,139188
35,New Mexico,NM,West,2017,P&S Syphilis,20-24,43,29.9,144035
35,New Mexico,NM,West,2017,P&S Syphilis,25-29,39,26.9,145067
36,New York,NY,Northeast,2017,Chlamydia,15-19,27129,2257.0,1201994
36,New York,NY,Northeast,2017,Chlamydia,20-24,38794,2922.2,1327561
36,New York,NY,Northeast,2017,Chlamydia,25-29,23334,1565.2,1490800
36,New York,NY,Northeast,2017,Gonorrhea,15-19,4571,380.3,1201994
36,New York,NY,Northeast,2017,Gonorrhea,20-24,7986,601.5,1327561
36,New York,NY,Northeast,2017,Gonorrhea,25-29,8165,547.7,1490800
36,New York,NY,Northeast,2017,P&S Syphilis,15-19,90,7.5,1201994
36,New York,NY,Northeast,2017,P&S Syphilis,20-24,356,26.8,1327561
36,New York,NY,Northeast,2017,P&S Syphilis,25-29,568,38.1,1490800
37,North Carolina,NC,South,2017,Chlamydia,15-19,18121,2663.0,680473
37,North Carolina,NC,South,2017,Chlamydia,20-24,24297,3476.8,698832
37,North Carolina,NC,South,2017,Chlamydia,25-29,11031,1542.4,715184
37,North Carolina,NC,South,2017,Gonorrhea,15-19,4209,618.6,680473
37,North Carolina,NC,South,2017,Gonorrhea,20-24,7186,1028.3,698832
37,North Carolina,NC,South,2017,Gonorrhea,25-29,4982,696.6,715184
37,North Carolina,NC,South,2017,P&S Syphilis,15-19,63,9.3,680473
37,North Carolina,NC,South,2017,P&S Syphilis,20-24,250,35.8,698832
37,North Carolina,NC,South,2017,P&S Syphilis,25-29,261,36.5,715184
38,North Dakota,ND,Midwest,2017,Chlamydia,15-19,719,1528.4,47043
38,North Dakota,ND,Midwest,2017,Chlamydia,20-24,1274,1970.2,64663
38,North Dakota,ND,Midwest,2017,Chlamydia,25-29,686,1127.5,60843
38,North Dakota,ND,Midwest,2017,Gonorrhea,15-19,136,289.1,47043
38,North Dakota,ND,Midwest,2017,Gonorrhea,20-24,276,426.8,64663
38,North Dakota,ND,Midwest,2017,Gonorrhea,25-29,235,386.3,60843
38,North Dakota,ND,Midwest,2017,P&S Syphilis,15-19,4,8.5,47043
38,North Dakota,ND,Midwest,2017,P&S Syphilis,20-24,10,15.5,64663
38,North Dakota,ND,Midwest,2017,P&S Syphilis,25-29,4,6.6,60843
39,Ohio,OH,Midwest,2017,Chlamydia,15-19,18903,2463.0,767479
39,Ohio,OH,Midwest,2017,Chlamydia,20-24,22924,2992.5,766048
39,Ohio,OH,Midwest,2017,Chlamydia,25-29,10562,1323.9,797794
39,Ohio,OH,Midwest,2017,Gonorrhea,15-19,4650,605.9,767479
39,Ohio,OH,Midwest,2017,Gonorrhea,20-24,6966,909.3,766048
39,Ohio,OH,Midwest,2017,Gonorrhea,25-29,5142,644.5,797794
39,Ohio,OH,Midwest,2017,P&S Syphilis,15-19,29,3.8,767479
39,Ohio,OH,Midwest,2017,P&S Syphilis,20-24,167,21.8,766048
39,Ohio,OH,Midwest,2017,P&S Syphilis,25-29,205,25.7,797794
40,Oklahoma,OK,South,2017,Chlamydia,15-19,6120,2323.5,263396
40,Oklahoma,OK,South,2017,Chlamydia,20-24,8092,2939.3,275304
40,Oklahoma,OK,South,2017,Chlamydia,25-29,3933,1400.8,280768
40,Oklahoma,OK,South,2017,Gonorrhea,15-19,1573,597.2,263396
40,Oklahoma,OK,South,2017,Gonorrhea,20-24,2434,884.1,275304
40,Oklahoma,OK,South,2017,Gonorrhea,25-29,2073,738.3,280768
40,Oklahoma,OK,South,2017,P&S Syphilis,15-19,19,7.2,263396
40,Oklahoma,OK,South,2017,P&S Syphilis,20-24,69,25.1,275304
40,Oklahoma,OK,South,2017,P&S Syphilis,25-29,86,30.6,280768
41,Oregon,OR,West,2017,Chlamydia,15-19,4729,1917.9,246572
41,Oregon,OR,West,2017,Chlamydia,20-24,6339,2389.6,265275
41,Oregon,OR,West,2017,Chlamydia,25-29,3411,1142.4,298582
41,Oregon,OR,West,2017,Gonorrhea,15-19,499,202.4,246572
41,Oregon,OR,West,2017,Gonorrhea,20-24,1023,385.6,265275
41,Oregon,OR,West,2017,Gonorrhea,25-29,1092,365.7,298582
41,Oregon,OR,West,2017,P&S Syphilis,15-19,9,3.7,246572
41,Oregon,OR,West,2017,P&S Syphilis,20-24,53,20.0,265275
41,Oregon,OR,West,2017,P&S Syphilis,25-29,65,21.8,298582
42,Pennsylvania,PA,Northeast,2017,Chlamydia,15-19,15879,1950.8,813974
42,Pennsylvania,PA,Northeast,2017,Chlamydia,20-24,21257,2572.1,826445
42,Pennsylvania,PA,Northeast,2017,Chlamydia,25-29,10386,1193.7,870068
42,Pennsylvania,PA,Northeast,2017,Gonorrhea,15-19,2608,320.4,813974
42,Pennsylvania,PA,Northeast,2017,Gonorrhea,20-24,4315,522.1,826445
42,Pennsylvania,PA,Northeast,2017,Gonorrhea,25-29,3430,394.2,870068
42,Pennsylvania,PA,Northeast,2017,P&S Syphilis,15-19,33,4.1,813974
42,Pennsylvania,PA,Northeast,2017,P&S Syphilis,20-24,132,16.0,826445
42,Pennsylvania,PA,Northeast,2017,P&S Syphilis,25-29,212,24.4,870068
44,Rhode Island,RI,Northeast,2017,Chlamydia,15-19,1503,2087.0,72017
44,Rhode Island,RI,Northeast,2017,Chlamydia,20-24,2140,2743.3,78008
44,Rhode Island,RI,Northeast,2017,Chlamydia,25-29,840,1103.5,76121
44,Rhode Island,RI,Northeast,2017,Gonorrhea,15-19,176,244.4,72017
44,Rhode Island,RI,Northeast,2017,Gonorrhea,20-24,300,384.6,78008
44,Rhode Island,RI,Northeast,2017,Gonorrhea,25-29,240,315.3,76121
44,Rhode Island,RI,Northeast,2017,P&S Syphilis,15-19,6,8.3,72017
44,Rhode Island,RI,Northeast,2017,P&S Syphilis,20-24,16,20.5,78008
44,Rhode Island,RI,Northeast,2017,P&S Syphilis,25-29,10,13.1,76121
45,South Carolina,SC,South,2017,Chlamydia,15-19,9451,2934.6,322054
45,South Carolina,SC,South,2017,Chlamydia,20-24,12274,3669.6,334478
45,South Carolina,SC,South,2017,Chlamydia,25-29,5783,1648.3,350846
45,South Carolina,SC,South,2017,Gonorrhea,15-19,2612,811.0,322054
45,South Carolina,SC,South,2017,Gonorrhea,20-24,4088,1222.2,334478
45,South Carolina,SC,South,2017,Gonorrhea,25-29,2703,770.4,350846
45,South Carolina,SC,South,2017,P&S Syphilis,15-19,25,7.8,322054
45,South Carolina,SC,South,2017,P&S Syphilis,20-24,95,28.4,334478
45,South Carolina,SC,South,2017,P&S Syphilis,25-29,71,20.2,350846
46,South Dakota,SD,Midwest,2017,Chlamydia,15-19,1096,1918.0,57143
46,South Dakota,SD,Midwest,2017,Chlamydia,20-24,1663,2763.1,60186
46,South Dakota,SD,Midwest,2017,Chlamydia,25-29,852,1467.2,58070
46,South Dakota,SD,Midwest,2017,Gonorrhea,15-19,235,411.3,57143
46,South Dakota,SD,Midwest,2017,Gonorrhea,20-24,372,618.1,60186
46,South Dakota,SD,Midwest,2017,Gonorrhea,25-29,279,480.5,58070
46,South Dakota,SD,Midwest,2017,P&S Syphilis,15-19,2,3.5,57143
46,South Dakota,SD,Midwest,2017,P&S Syphilis,20-24,13,21.6,60186
46,South Dakota,SD,Midwest,2017,P&S Syphilis,25-29,8,13.8,58070
47,Tennessee,TN,South,2017,Chlamydia,15-19,10060,2369.4,424580
47,Tennessee,TN,South,2017,Chlamydia,20-24,13594,3044.6,446495
47,Tennessee,TN,South,2017,Chlamydia,25-29,6353,1314.2,483412
47,Tennessee,TN,South,2017,Gonorrhea,15-19,2439,574.5,424580
47,Tennessee,TN,South,2017,Gonorrhea,20-24,4050,907.1,446495
47,Tennessee,TN,South,2017,Gonorrhea,25-29,2623,542.6,483412
47,Tennessee,TN,South,2017,P&S Syphilis,15-19,24,5.7,424580
47,Tennessee,TN,South,2017,P&S Syphilis,20-24,118,26.4,446495
47,Tennessee,TN,South,2017,P&S Syphilis,25-29,118,24.4,483412
48,Texas,TX,South,2017,Chlamydia,15-19,40748,2029.4,2007884
48,Texas,TX,South,2017,Chlamydia,20-24,56133,2814.6,1994351
48,Texas,TX,South,2017,Chlamydia,25-29,27842,1308.3,2128105
48,Texas,TX,South,2017,Gonorrhea,15-19,9454,470.8,2007884
48,Texas,TX,South,2017,Gonorrhea,20-24,14633,733.7,1994351
48,Texas,TX,South,2017,Gonorrhea,25-29,9984,469.2,2128105
48,Texas,TX,South,2017,P&S Syphilis,15-19,131,6.5,2007884
48,Texas,TX,South,2017,P&S Syphilis,20-24,479,24.0,1994351
48,Texas,TX,South,2017,P&S Syphilis,25-29,557,26.2,2128105
49,Utah,UT,West,2017,Chlamydia,15-19,2553,1051.7,242750
49,Utah,UT,West,2017,Chlamydia,20-24,3614,1420.3,254453
49,Utah,UT,West,2017,Chlamydia,25-29,1886,784.5,240408
49,Utah,UT,West,2017,Gonorrhea,15-19,275,113.3,242750
49,Utah,UT,West,2017,Gonorrhea,20-24,569,223.6,254453
49,Utah,UT,West,2017,Gonorrhea,25-29,581,241.7,240408
49,Utah,UT,West,2017,P&S Syphilis,15-19,4,1.6,242750
49,Utah,UT,West,2017,P&S Syphilis,20-24,27,10.6,254453
49,Utah,UT,West,2017,P&S Syphilis,25-29,22,9.2,240408
50,Vermont,VT,Northeast,2017,Chlamydia,15-19,363,861.8,42121
50,Vermont,VT,Northeast,2017,Chlamydia,20-24,806,1730.5,46576
50,Vermont,VT,Northeast,2017,Chlamydia,25-29,355,961.9,36906
50,Vermont,VT,Northeast,2017,Gonorrhea,15-19,17,40.4,42121
50,Vermont,VT,Northeast,2017,Gonorrhea,20-24,54,115.9,46576
50,Vermont,VT,Northeast,2017,Gonorrhea,25-29,38,103.0,36906
50,Vermont,VT,Northeast,2017,P&S Syphilis,15-19,0,0.0,42121
50,Vermont,VT,Northeast,2017,P&S Syphilis,20-24,0,0.0,46576
50,Vermont,VT,Northeast,2017,P&S Syphilis,25-29,2,5.4,36906
51,Virginia,VA,South,2017,Chlamydia,15-19,7665,1417.9,540588
51,Virginia,VA,South,2017,Chlamydia,20-24,18049,3093.4,583468
51,Virginia,VA,South,2017,Chlamydia,25-29,9205,1534.7,599791
51,Virginia,VA,South,2017,Gonorrhea,15-19,1605,296.9,540588
51,Virginia,VA,South,2017,Gonorrhea,20-24,4044,693.1,583468
51,Virginia,VA,South,2017,Gonorrhea,25-29,3150,525.2,599791
51,Virginia,VA,South,2017,P&S Syphilis,15-19,15,2.8,540588
51,Virginia,VA,South,2017,P&S Syphilis,20-24,92,15.8,583468
51,Virginia,VA,South,2017,P&S Syphilis,25-29,140,23.3,599791
53,Washington,WA,West,2017,Chlamydia,15-19,7299,1637.9,445632
53,Washington,WA,West,2017,Chlamydia,20-24,11356,2351.7,482885
53,Washington,WA,West,2017,Chlamydia,25-29,6184,1072.1,576812
53,Washington,WA,West,2017,Gonorrhea,15-19,930,208.7,445632
53,Washington,WA,West,2017,Gonorrhea,20-24,2208,457.3,482885
53,Washington,WA,West,2017,Gonorrhea,25-29,2133,369.8,576812
53,Washington,WA,West,2017,P&S Syphilis,15-19,19,4.3,445632
53,Washington,WA,West,2017,P&S Syphilis,20-24,109,22.6,482885
53,Washington,WA,West,2017,P&S Syphilis,25-29,141,24.4,576812
54,West Virginia,WV,South,2017,Chlamydia,15-19,1192,1103.9,107981
54,West Virginia,WV,South,2017,Chlamydia,20-24,1717,1494.3,114903
54,West Virginia,WV,South,2017,Chlamydia,25-29,677,596.0,113591
54,West Virginia,WV,South,2017,Gonorrhea,15-19,223,206.5,107981
54,West Virginia,WV,South,2017,Gonorrhea,20-24,397,345.5,114903
54,West Virginia,WV,South,2017,Gonorrhea,25-29,248,218.3,113591
54,West Virginia,WV,South,2017,P&S Syphilis,15-19,6,5.6,107981
54,West Virginia,WV,South,2017,P&S Syphilis,20-24,12,10.4,114903
54,West Virginia,WV,South,2017,P&S Syphilis,25-29,19,16.7,113591
55,Wisconsin,WI,Midwest,2017,Chlamydia,15-19,7384,1946.5,379348
55,Wisconsin,WI,Midwest,2017,Chlamydia,20-24,10665,2660.0,400940
55,Wisconsin,WI,Midwest,2017,Chlamydia,25-29,5155,1407.4,366278
55,Wisconsin,WI,Midwest,2017,Gonorrhea,15-19,1822,480.3,379348
55,Wisconsin,WI,Midwest,2017,Gonorrhea,20-24,2224,554.7,400940
55,Wisconsin,WI,Midwest,2017,Gonorrhea,25-29,1440,393.1,366278
55,Wisconsin,WI,Midwest,2017,P&S Syphilis,15-19,8,2.1,379348
55,Wisconsin,WI,Midwest,2017,P&S Syphilis,20-24,36,9.0,400940
55,Wisconsin,WI,Midwest,2017,P&S Syphilis,25-29,36,9.8,366278
56,Wyoming,WY,West,2017,Chlamydia,15-19,654,1802.2,36289
56,Wyoming,WY,West,2017,Chlamydia,20-24,791,2047.4,38634
56,Wyoming,WY,West,2017,Chlamydia,25-29,380,963.7,39431
56,Wyoming,WY,West,2017,Gonorrhea,15-19,82,226.0,36289
56,Wyoming,WY,West,2017,Gonorrhea,20-24,113,292.5,38634
56,Wyoming,WY,West,2017,Gonorrhea,25-29,104,263.7,39431
56,Wyoming,WY,West,2017,P&S Syphilis,15-19,1,2.8,36289
56,Wyoming,WY,West,2017,P&S Syphilis,20-24,0,0.0,38634
56,Wyoming,WY,West,2017,P&S Syphilis,25-29,0,0.0,39431
01,Alabama,AL,South,2016,Chlamydia,15-19,6931,2161.5,320657
01,Alabama,AL,South,2016,Chlamydia,20-24,9487,2824.4,335894
01,Alabama,AL,South,2016,Chlamydia,25-29,4020,1207.9,332809
01,Alabama,AL,South,2016,Gonorrhea,15-19,1568,489.0,320657
01,Alabama,AL,South,2016,Gonorrhea,20-24,2682,798.5,335894
01,Alabama,AL,South,2016,Gonorrhea,25-29,1441,433.0,332809
01,Alabama,AL,South,2016,P&S Syphilis,15-19,38,11.9,320657
01,Alabama,AL,South,2016,P&S Syphilis,20-24,93,27.7,335894
01,Alabama,AL,South,2016,P&S Syphilis,25-29,98,29.4,332809
02,Alaska,AK,West,2016,Chlamydia,15-19,1313,2782.2,47193
02,Alaska,AK,West,2016,Chlamydia,20-24,1961,3433.1,57120
02,Alaska,AK,West,2016,Chlamydia,25-29,1183,1883.8,62799
02,Alaska,AK,West,2016,Gonorrhea,15-19,140,296.7,47193
02,Alaska,AK,West,2016,Gonorrhea,20-24,334,584.7,57120
02,Alaska,AK,West,2016,Gonorrhea,25-29,342,544.6,62799
02,Alaska,AK,West,2016,P&S Syphilis,15-19,0,0.0,47193
02,Alaska,AK,West,2016,P&S Syphilis,20-24,1,1.8,57120
02,Alaska,AK,West,2016,P&S Syphilis,25-29,4,6.4,62799
04,Arizona,AZ,West,2016,Chlamydia,15-19,8421,1799.1,468067
04,Arizona,AZ,West,2016,Chlamydia,20-24,13018,2658.4,489693
04,Arizona,AZ,West,2016,Chlamydia,25-29,6661,1362.5,488881
04,Arizona,AZ,West,2016,Gonorrhea,15-19,1531,327.1,468067
04,Arizona,AZ,West,2016,Gonorrhea,20-24,3016,615.9,489693
04,Arizona,AZ,West,2016,Gonorrhea,25-29,2227,455.5,488881
04,Arizona,AZ,West,2016,P&S Syphilis,15-19,44,9.4,468067
04,Arizona,AZ,West,2016,P&S Syphilis,20-24,132,27.0,489693
04,Arizona,AZ,West,2016,P&S Syphilis,25-29,146,29.9,488881
05,Arkansas,AR,South,2016,Chlamydia,15-19,5304,2669.0,198726
05,Arkansas,AR,South,2016,Chlamydia,20-24,6353,3098.6,205028
05,Arkansas,AR,South,2016,Chlamydia,25-29,2689,1330.0,202180
05,Arkansas,AR,South,2016,Gonorrhea,15-19,1320,664.2,198726
05,Arkansas,AR,South,2016,Gonorrhea,20-24,1876,915.0,205028
05,Arkansas,AR,South,2016,Gonorrhea,25-29,1100,544.1,202180
05,Arkansas,AR,South,2016,P&S Syphilis,15-19,4,2.0,198726
05,Arkansas,AR,South,2016,P&S Syphilis,20-24,30,14.6,205028
05,Arkansas,AR,South,2016,P&S Syphilis,25-29,43,21.3,202180
06,California,CA,West,2016,Chlamydia,15-19,36668,1421.6,2579347
06,California,CA,West,2016,Chlamydia,20-24,70467,2511.7,2805550
06,California,CA,West,2016,Chlamydia,25-29,41261,1342.7,3072987
06,California,CA,West,2016,Gonorrhea,15-19,6393,247.9,2579347
06,California,CA,West,2016,Gonorrhea,20-24,15510,552.8,2805550
06,California,CA,West,2016,Gonorrhea,25-29,14751,480.0,3072987
06,California,CA,West,2016,P&S Syphilis,15-19,223,8.6,2579347
06,California,CA,West,2016,P&S Syphilis,20-24,952,33.9,2805550
06,California,CA,West,2016,P&S Syphilis,25-29,1113,36.2,3072987
08,Colorado,CO,West,2016,Chlamydia,15-19,6070,1719.1,353092
08,Colorado,CO,West,2016,Chlamydia,20-24,9369,2461.5,380622
08,Colorado,CO,West,2016,Chlamydia,25-29,5139,1199.0,428607
08,Colorado,CO,West,2016,Gonorrhea,15-19,909,257.4,353092
08,Colorado,CO,West,2016,Gonorrhea,20-24,1596,419.3,380622
08,Colorado,CO,West,2016,Gonorrhea,25-29,1340,312.6,428607
08,Colorado,CO,West,2016,P&S Syphilis,15-19,6,1.7,353092
08,Colorado,CO,West,2016,P&S Syphilis,20-24,31,8.1,380622
08,Colorado,CO,West,2016,P&S Syphilis,25-29,62,14.5,428607
09,Connecticut,CT,Northeast,2016,Chlamydia,15-19,3207,1296.8,247301
09,Connecticut,CT,Northeast,2016,Chlamydia,20-24,5704,2311.1,246809
09,Connecticut,CT,Northeast,2016,Chlamydia,25-29,2603,1191.7,218427
09,Connecticut,CT,Northeast,2016,Gonorrhea,15-19,378,152.8,247301
09,Connecticut,CT,Northeast,2016,Gonorrhea,20-24,740,299.8,246809
09,Connecticut,CT,Northeast,2016,Gonorrhea,25-29,638,292.1,218427
09,Connecticut,CT,Northeast,2016,P&S Syphilis,15-19,5,2.0,247301
09,Connecticut,CT,Northeast,2016,P&S Syphilis,20-24,26,10.5,246809
09,Connecticut,CT,Northeast,2016,P&S Syphilis,25-29,30,13.7,218427
10,Delaware,DE,South,2016,Chlamydia,15-19,1574,2628.3,59887
10,Delaware,DE,South,2016,Chlamydia,20-24,2062,3432.1,60080
10,Delaware,DE,South,2016,Chlamydia,25-29,931,1387.5,67099
10,Delaware,DE,South,2016,Gonorrhea,15-19,298,497.6,59887
10,Delaware,DE,South,2016,Gonorrhea,20-24,467,777.3,60080
10,Delaware,DE,South,2016,Gonorrhea,25-29,375,558.9,67099
10,Delaware,DE,South,2016,P&S Syphilis,15-19,0,0.0,59887
10,Delaware,DE,South,2016,P&S Syphilis,20-24,10,16.6,60080
10,Delaware,DE,South,2016,P&S Syphilis,25-29,10,14.9,67099
11,District of Columbia,DC,South,2016,Chlamydia,15-19,1580,4319.2,36581
11,District of Columbia,DC,South,2016,Chlamydia,20-24,2316,4275.7,54167
11,District of Columbia,DC,South,2016,Chlamydia,25-29,1544,1861.0,82966
11,District of Columbia,DC,South,2016,Gonorrhea,15-19,437,1194.6,36581
11,District of Columbia,DC,South,2016,Gonorrhea,20-24,818,1510.1,54167
11,District of Columbia,DC,South,2016,Gonorrhea,25-29,765,922.0,82966
11,District of Columbia,DC,South,2016,P&S Syphilis,15-19,3,8.2,36581
11,District of Columbia,DC,South,2016,P&S Syphilis,20-24,19,35.1,54167
11,District of Columbia,DC,South,2016,P&S Syphilis,25-29,31,37.4,82966
12,Florida,FL,South,2016,Chlamydia,15-19,23889,1995.6,1197084
12,Florida,FL,South,2016,Chlamydia,20-24,35717,2786.7,1281695
12,Florida,FL,South,2016,Chlamydia,25-29,18245,1308.9,1393919
12,Florida,FL,South,2016,Gonorrhea,15-19,4801,401.1,1197084
12,Florida,FL,South,2016,Gonorrhea,20-24,8344,651.0,1281695
12,Florida,FL,South,2016,Gonorrhea,25-29,6039,433.3,1393919
12,Florida,FL,South,2016,P&S Syphilis,15-19,106,8.9,1197084
12,Florida,FL,South,2016,P&S Syphilis,20-24,411,32.1,1281695
12,Florida,FL,South,2016,P&S Syphilis,25-29,502,36.0,1393919
13,Georgia,GA,South,2016,Chlamydia,15-19,17663,2465.2,716494
13,Georgia,GA,South,2016,Chlamydia,20-24,24050,3327.3,722808
13,Georgia,GA,South,2016,Chlamydia,25-29,11144,1518.1,734075
13,Georgia,GA,South,2016,Gonorrhea,15-19,3946,550.7,716494
13,Georgia,GA,South,2016,Gonorrhea,20-24,6741,932.6,722808
13,Georgia,GA,South,2016,Gonorrhea,25-29,4483,610.7,734075
13,Georgia,GA,South,2016,P&S Syphilis,15-19,61,8.5,716494
13,Georgia,GA,South,2016,P&S Syphilis,20-24,283,39.2,722808
13,Georgia,GA,South,2016,P&S Syphilis,25-29,340,46.3,734075
15,Hawaii,HI,West,2016,Chlamydia,15-19,1278,1637.4,78051
15,Hawaii,HI,West,2016,Chlamydia,20-24,2723,2794.3,97448
15,Hawaii,HI,West,2016,Chlamydia,25-29,1391,1306.0,106508
15,Hawaii,HI,West,2016,Gonorrhea,15-19,155,198.6,78051
15,Hawaii,HI,West,2016,Gonorrhea,20-24,396,406.4,97448
15,Hawaii,HI,West,2016,Gonorrhea,25-29,306,287.3,106508
15,Hawaii,HI,West,2016,P&S Syphilis,15-19,3,3.8,78051
15,Hawaii,HI,West,2016,P&S Syphilis,20-24,16,16.4,97448
15,Hawaii,HI,West,2016,P&S Syphilis,25-29,19,17.8,106508
16,Idaho,ID,West,2016,Chlamydia,15-19,1645,1366.0,120425
16,Idaho,ID,West,2016,Chlamydia,20-24,2231,1984.0,112450
16,Idaho,ID,West,2016,Chlamydia,25-29,990,882.4,112194
16,Idaho,ID,West,2016,Gonorrhea,15-19,66,54.8,120425
16,Idaho,ID,West,2016,Gonorrhea,20-24,171,152.1,112450
16,Idaho,ID,West,2016,Gonorrhea,25-29,167,148.8,112194
16,Idaho,ID,West,2016,P&S Syphilis,15-19,2,1.7,120425
16,Idaho,ID,West,2016,P&S Syphilis,20-24,5,4.4,112450
16,Idaho,ID,West,2016,P&S Syphilis,25-29,8,7.1,112194
17,Illinois,IL,Midwest,2016,Chlamydia,15-19,19513,2313.5,843441
17,Illinois,IL,Midwest,2016,Chlamydia,20-24,27406,3115.0,879807
17,Illinois,IL,Midwest,2016,Chlamydia,25-29,13223,1472.4,898058
17,Illinois,IL,Midwest,2016,Gonorrhea,15-19,4505,534.1,843441
17,Illinois,IL,Midwest,2016,Gonorrhea,20-24,6847,778.3,879807
17,Illinois,IL,Midwest,2016,Gonorrhea,25-29,4436,494.0,898058
17,Illinois,IL,Midwest,2016,P&S Syphilis,15-19,50,5.9,843441
17,Illinois,IL,Midwest,2016,P&S Syphilis,20-24,207,23.5,879807
17,Illinois,IL,Midwest,2016,P&S Syphilis,25-29,302,33.6,898058
18,Indiana,IN,Midwest,2016,Chlamydia,15-19,8557,1868.2,458034
18,Indiana,IN,Midwest,2016,Chlamydia,20-24,12119,2513.6,482137
18,Indiana,IN,Midwest,2016,Chlamydia,25-29,5582,1275.0,437804
18,Indiana,IN,Midwest,2016,Gonorrhea,15-19,1843,402.4,458034
18,Indiana,IN,Midwest,2016,Gonorrhea,20-24,3116,646.3,482137
18,Indiana,IN,Midwest,2016,Gonorrhea,25-29,2047,467.6,437804
18,Indiana,IN,Midwest,2016,P&S Syphilis,15-19,15,3.3,458034
18,Indiana,IN,Midwest,2016,P&S Syphilis,20-24,79,16.4,482137
18,Indiana,IN,Midwest,2016,P&S Syphilis,25-29,69,15.8,437804
19,Iowa,IA,Midwest,2016,Chlamydia,15-19,3613,1686.1,214281
19,Iowa,IA,Midwest,2016,Chlamydia,20-24,5028,2171.9,231502
19,Iowa,IA,Midwest,2016,Chlamydia,25-29,2312,1185.7,194990
19,Iowa,IA,Midwest,2016,Gonorrhea,15-19,472,220.3,214281
19,Iowa,IA,Midwest,2016,Gonorrhea,20-24,776,335.2,231502
19,Iowa,IA,Midwest,2016,Gonorrhea,25-29,558,286.2,194990
19,Iowa,IA,Midwest,2016,P&S Syphilis,15-19,3,1.4,214281
19,Iowa,IA,Midwest,2016,P&S Syphilis,20-24,13,5.6,231502
19,Iowa,IA,Midwest,2016,P&S Syphilis,25-29,19,9.7,194990
20,Kansas,KS,Midwest,2016,Chlamydia,15-19,3543,1764.6,200782
20,Kansas,KS,Midwest,2016,Chlamydia,20-24,4881,2226.8,219193
20,Kansas,KS,Midwest,2016,Chlamydia,25-29,2000,1042.6,191828
20,Kansas,KS,Midwest,2016,Gonorrhea,15-19,584,290.9,200782
20,Kansas,KS,Midwest,2016,Gonorrhea,20-24,970,442.5,219193
20,Kansas,KS,Midwest,2016,Gonorrhea,25-29,773,403.0,191828
20,Kansas,KS,Midwest,2016,P&S Syphilis,15-19,7,3.5,200782
20,Kansas,KS,Midwest,2016,P&S Syphilis,20-24,27,12.3,219193
20,Kansas,KS,Midwest,2016,P&S Syphilis,25-29,18,9.4,191828
21,Kentucky,KY,South,2016,Chlamydia,15-19,5043,1754.8,287383
21,Kentucky,KY,South,2016,Chlamydia,20-24,7330,2388.4,306900
21,Kentucky,KY,South,2016,Chlamydia,25-29,3245,1086.4,298693
21,Kentucky,KY,South,2016,Gonorrhea,15-19,998,347.3,287383
21,Kentucky,KY,South,2016,Gonorrhea,20-24,1682,548.1,306900
21,Kentucky,KY,South,2016,Gonorrhea,25-29,1226,410.5,298693
21,Kentucky,KY,South,2016,P&S Syphilis,15-19,7,2.4,287383
21,Kentucky,KY,South,2016,P&S Syphilis,20-24,36,11.7,306900
21,Kentucky,KY,South,2016,P&S Syphilis,25-29,51,17.1,298693
22,Louisiana,LA,South,2016,Chlamydia,15-19,10106,3353.6,301348
22,Louisiana,LA,South,2016,Chlamydia,20-24,11914,3640.9,327227
22,Louisiana,LA,South,2016,Chlamydia,25-29,5275,1510.4,349245
22,Louisiana,LA,South,2016,Gonorrhea,15-19,2675,887.7,301348
22,Louisiana,LA,South,2016,Gonorrhea,20-24,3747,1145.1,327227
22,Louisiana,LA,South,2016,Gonorrhea,25-29,1961,561.5,349245
22,Louisiana,LA,South,2016,P&S Syphilis,15-19,104,34.5,301348
22,Louisiana,LA,South,2016,P&S Syphilis,20-24,201,61.4,327227
22,Louisiana,LA,South,2016,P&S Syphilis,25-29,165,47.2,349245
23,Maine,ME,Northeast,2016,Chlamydia,15-19,1013,1263.8,80155
23,Maine,ME,Northeast,2016,Chlamydia,20-24,1703,2194.6,77600
23,Maine,ME,Northeast,2016,Chlamydia,25-29,758,962.5,78753
23,Maine,ME,Northeast,2016,Gonorrhea,15-19,34,42.4,80155
23,Maine,ME,Northeast,2016,Gonorrhea,20-24,139,179.1,77600
23,Maine,ME,Northeast,2016,Gonorrhea,25-29,112,142.2,78753
23,Maine,ME,Northeast,2016,P&S Syphilis,15-19,2,2.5,80155
23,Maine,ME,Northeast,2016,P&S Syphilis,20-24,8,10.3,77600
23,Maine,ME,Northeast,2016,P&S Syphilis,25-29,8,10.2,78753
24,Maryland,MD,South,2016,Chlamydia,15-19,8606,2237.3,384660
24,Maryland,MD,South,2016,Chlamydia,20-24,11487,2957.0,388468
24,Maryland,MD,South,2016,Chlamydia,25-29,5597,1338.5,418155
24,Maryland,MD,South,2016,Gonorrhea,15-19,1795,466.6,384660
24,Maryland,MD,South,2016,Gonorrhea,20-24,2811,723.6,388468
24,Maryland,MD,South,2016,Gonorrhea,25-29,2087,499.1,418155
24,Maryland,MD,South,2016,P&S Syphilis,15-19,19,4.9,384660
24,Maryland,MD,South,2016,P&S Syphilis,20-24,76,19.6,388468
24,Maryland,MD,South,2016,P&S Syphilis,25-29,127,30.4,418155
25,Massachusetts,MA,Northeast,2016,Chlamydia,15-19,5961,1303.8,457202
25,Massachusetts,MA,Northeast,2016,Chlamydia,20-24,10533,2129.6,494600
25,Massachusetts,MA,Northeast,2016,Chlamydia,25-29,5273,1061.4,496797
25,Massachusetts,MA,Northeast,2016,Gonorrhea,15-19,440,96.2,457202
25,Massachusetts,MA,Northeast,2016,Gonorrhea,20-24,1351,273.2,494600
25,Massachusetts,MA,Northeast,2016,Gonorrhea,25-29,1130,227.5,496797
25,Massachusetts,MA,Northeast,2016,P&S Syphilis,15-19,12,2.6,457202
25,Massachusetts,MA,Northeast,2016,P&S Syphilis,20-24,75,15.2,494600
25,Massachusetts,MA,Northeast,2016,P&S Syphilis,25-29,105,21.1,496797
26,Michigan,MI,Midwest,2016,Chlamydia,15-19,13831,2066.5,669296
26,Michigan,MI,Midwest,2016,Chlamydia,20-24,17790,2480.4,717223
26,Michigan,MI,Midwest,2016,Chlamydia,25-29,7896,1205.1,655215
26,Michigan,MI,Midwest,2016,Gonorrhea,15-19,2665,398.2,669296
26,Michigan,MI,Midwest,2016,Gonorrhea,20-24,3966,553.0,717223
26,Michigan,MI,Midwest,2016,Gonorrhea,25-29,2704,412.7,655215
26,Michigan,MI,Midwest,2016,P&S Syphilis,15-19,30,4.5,669296
26,Michigan,MI,Midwest,2016,P&S Syphilis,20-24,90,12.5,717223
26,Michigan,MI,Midwest,2016,P&S Syphilis,25-29,93,14.2,655215
27,Minnesota,MN,Midwest,2016,Chlamydia,15-19,5942,1666.6,356534
27,Minnesota,MN,Midwest,2016,Chlamydia,20-24,8503,2323.0,366035
27,Minnesota,MN,Midwest,2016,Chlamydia,25-29,4111,1128.0,364450
27,Minnesota,MN,Midwest,2016,Gonorrhea,15-19,897,251.6,356534
27,Minnesota,MN,Midwest,2016,Gonorrhea,20-24,1479,404.1,366035
27,Minnesota,MN,Midwest,2016,Gonorrhea,25-29,1127,309.2,364450
27,Minnesota,MN,Midwest,2016,P&S Syphilis,15-19,14,3.9,356534
27,Minnesota,MN,Midwest,2016,P&S Syphilis,20-24,49,13.4,366035
27,Minnesota,MN,Midwest,2016,P&S Syphilis,25-29,49,13.4,364450
28,Mississippi,MS,South,2016,Chlamydia,15-19,6643,3191.4,208153
28,Mississippi,MS,South,2016,Chlamydia,20-24,7997,3716.4,215181
28,Mississippi,MS,South,2016,Chlamydia,25-29,3061,1501.4,203876
28,Mississippi,MS,South,2016,Gonorrhea,15-19,1837,882.5,208153
28,Mississippi,MS,South,2016,Gonorrhea,20-24,2652,1232.5,215181
28,Mississippi,MS,South,2016,Gonorrhea,25-29,1296,635.7,203876
28,Mississippi,MS,South,2016,P&S Syphilis,15-19,29,13.9,208153
28,Mississippi,MS,South,2016,P&S Syphilis,20-24,99,46.0,215181
28,Mississippi,MS,South,2016,P&S Syphilis,25-29,77,37.8,203876
29,Missouri,MO,Midwest,2016,Chlamydia,15-19,9148,2318.1,394634
29,Missouri,MO,Midwest,2016,Chlamydia,20-24,11515,2732.0,421486
29,Missouri,MO,Midwest,2016,Chlamydia,25-29,5396,1310.7,411688
29,Missouri,MO,Midwest,2016,Gonorrhea,15-19,2343,593.7,394634
29,Missouri,MO,Midwest,2016,Gonorrhea,20-24,3521,835.4,421486
29,Missouri,MO,Midwest,2016,Gonorrhea,25-29,2349,570.6,411688
29,Missouri,MO,Midwest,2016,P&S Syphilis,15-19,24,6.1,394634
29,Missouri,MO,Midwest,2016,P&S Syphilis,20-24,88,20.9,421486
29,Missouri,MO,Midwest,2016,P&S Syphilis,25-29,89,21.6,411688
30,Montana,MT,West,2016,Chlamydia,15-19,1245,1956.0,63650
30,Montana,MT,West,2016,Chlamydia,20-24,1734,2341.2,74065
30,Montana,MT,West,2016,Chlamydia,25-29,733,1094.7,66959
30,Montana,MT,West,2016,Gonorrhea,15-19,127,199.5,63650
30,Montana,MT,West,2016,Gonorrhea,20-24,230,310.5,74065
30,Montana,MT,West,2016,Gonorrhea,25-29,218,325.6,66959
30,Montana,MT,West,2016,P&S Syphilis,15-19,0,0.0,63650
30,Montana,MT,West,2016,P&S Syphilis,20-24,3,4.1,74065
30,Montana,MT,West,2016,P&S Syphilis,25-29,4,6.0,66959
31,Nebraska,NE,Midwest,2016,Chlamydia,15-19,2087,1615.7,129170
31,Nebraska,NE,Midwest,2016,Chlamydia,20-24,3218,2313.0,139127
31,Nebraska,NE,Midwest,2016,Chlamydia,25-29,1567,1265.1,123864
31,Nebraska,NE,Midwest,2016,Gonorrhea,15-19,371,287.2,129170
31,Nebraska,NE,Midwest,2016,Gonorrhea,20-24,630,452.8,139127
31,Nebraska,NE,Midwest,2016,Gonorrhea,25-29,481,388.3,123864
31,Nebraska,NE,Midwest,2016,P&S Syphilis,15-19,2,1.5,129170
31,Nebraska,NE,Midwest,2016,P&S Syphilis,20-24,12,8.6,139127
31,Nebraska,NE,Midwest,2016,P&S Syphilis,25-29,14,11.3,123864
32,Nevada,NV,West,2016,Chlamydia,15-19,3341,1883.8,177354
32,Nevada,NV,West,2016,Chlamydia,20-24,5324,2930.1,181700
32,Nevada,NV,West,2016,Chlamydia,25-29,2903,1339.3,216755
32,Nevada,NV,West,2016,Gonorrhea,15-19,634,357.5,177354
32,Nevada,NV,West,2016,Gonorrhea,20-24,1091,600.4,181700
32,Nevada,NV,West,2016,Gonorrhea,25-29,993,458.1,216755
32,Nevada,NV,West,2016,P&S Syphilis,15-19,15,8.5,177354
32,Nevada,NV,West,2016,P&S Syphilis,20-24,86,47.3,181700
32,Nevada,NV,West,2016,P&S Syphilis,25-29,103,47.5,216755
33,New Hampshire,NH,Northeast,2016,Chlamydia,15-19,845,972.3,86907
33,New Hampshire,NH,Northeast,2016,Chlamydia,20-24,1531,1663.9,92013
33,New Hampshire,NH,Northeast,2016,Chlamydia,25-29,615,751.5,81836
33,New Hampshire,NH,Northeast,2016,Gonorrhea,15-19,47,54.1,86907
33,New Hampshire,NH,Northeast,2016,Gonorrhea,20-24,103,111.9,92013
33,New Hampshire,NH,Northeast,2016,Gonorrhea,25-29,90,110.0,81836
33,New Hampshire,NH,Northeast,2016,P&S Syphilis,15-19,1,1.2,86907
33,New Hampshire,NH,Northeast,2016,P&S Syphilis,20-24,4,4.3,92013
33,New Hampshire,NH,Northeast,2016,P&S Syphilis,25-29,4,4.9,81836
34,New Jersey,NJ,Northeast,2016,Chlamydia,15-19,7378,1308.4,563895
34,New Jersey,NJ,Northeast,2016,Chlamydia,20-24,14056,2496.2,563096
34,New Jersey,NJ,Northeast,2016,Chlamydia,25-29,6864,1220.6,562346
34,New Jersey,NJ,Northeast,2016,Gonorrhea,15-19,1379,244.5,563895
34,New Jersey,NJ,Northeast,2016,Gonorrhea,20-24,2452,435.4,563096
34,New Jersey,NJ,Northeast,2016,Gonorrhea,25-29,1657,294.7,562346
34,New Jersey,NJ,Northeast,2016,P&S Syphilis,15-19,20,3.5,563895
34,New Jersey,NJ,Northeast,2016,P&S Syphilis,20-24,79,14.0,563096
34,New Jersey,NJ,Northeast,2016,P&S Syphilis,25-29,109,19.4,562346
35,New Mexico,NM,West,2016,Chlamydia,15-19,3289,2356.2,139589
35,New Mexico,NM,West,2016,Chlamydia,20-24,4680,3167.0,147774
35,New Mexico,NM,West,2016,Chlamydia,25-29,2492,1739.2,143284
35,New Mexico,NM,West,2016,Gonorrhea,15-19,452,323.8,139589
35,New Mexico,NM,West,2016,Gonorrhea,20-24,886,599.6,147774
35,New Mexico,NM,West,2016,Gonorrhea,25-29,854,596.0,143284
35,New Mexico,NM,West,2016,P&S Syphilis,15-19,9,6.4,139589
35,New Mexico,NM,West,2016,P&S Syphilis,20-24,38,25.7,147774
35,New Mexico,NM,West,2016,P&S Syphilis,25-29,50,34.9,143284
36,New York,NY,Northeast,2016,Chlamydia,15-19,25578,2098.5,1218871
36,New York,NY,Northeast,2016,Chlamydia,20-24,36905,2719.8,1356901
36,New York,NY,Northeast,2016,Chlamydia,25-29,21808,1459.8,1493903
36,New York,NY,Northeast,2016,Gonorrhea,15-19,4161,341.4,1218871
36,New York,NY,Northeast,2016,Gonorrhea,20-24,7035,518.5,1356901
36,New York,NY,Northeast,2016,Gonorrhea,25-29,6889,461.1,1493903
36,New York,NY,Northeast,2016,P&S Syphilis,15-19,92,7.5,1218871
36,New York,NY,Northeast,2016,P&S Syphilis,20-24,387,28.5,1356901
36,New York,NY,Northeast,2016,P&S Syphilis,25-29,589,39.4,1493903
37,North Carolina,NC,South,2016,Chlamydia,15-19,16066,2377.9,675638
37,North Carolina,NC,South,2016,Chlamydia,20-24,22969,3256.3,705371
37,North Carolina,NC,South,2016,Chlamydia,25-29,10317,1481.6,696342
37,North Carolina,NC,South,2016,Gonorrhea,15-19,3632,537.6,675638
37,North Carolina,NC,South,2016,Gonorrhea,20-24,6578,932.5,705371
37,North Carolina,NC,South,2016,Gonorrhea,25-29,4334,622.4,696342
37,North Carolina,NC,South,2016,P&S Syphilis,15-19,62,9.2,675638
37,North Carolina,NC,South,2016,P&S Syphilis,20-24,216,30.6,705371
37,North Carolina,NC,South,2016,P&S Syphilis,25-29,258,37.1,696342
38,North Dakota,ND,Midwest,2016,Chlamydia,15-19,784,1647.4,47590
38,North Dakota,ND,Midwest,2016,Chlamydia,20-24,1425,2140.9,66561
38,North Dakota,ND,Midwest,2016,Chlamydia,25-29,657,1087.4,60419
38,North Dakota,ND,Midwest,2016,Gonorrhea,15-19,170,357.2,47590
38,North Dakota,ND,Midwest,2016,Gonorrhea,20-24,293,440.2,66561
38,North Dakota,ND,Midwest,2016,Gonorrhea,25-29,232,384.0,60419
38,North Dakota,ND,Midwest,2016,P&S Syphilis,15-19,0,0.0,47590
38,North Dakota,ND,Midwest,2016,P&S Syphilis,20-24,7,10.5,66561
38,North Dakota,ND,Midwest,2016,P&S Syphilis,25-29,11,18.2,60419
39,Ohio,OH,Midwest,2016,Chlamydia,15-19,18537,2409.9,769202
39,Ohio,OH,Midwest,2016,Chlamydia,20-24,23243,2987.1,778113
39,Ohio,OH,Midwest,2016,Chlamydia,25-29,10067,1288.1,781539
39,Ohio,OH,Midwest,2016,Gonorrhea,15-19,4325,562.3,769202
39,Ohio,OH,Midwest,2016,Gonorrhea,20-24,6175,793.6,778113
39,Ohio,OH,Midwest,2016,Gonorrhea,25-29,4155,531.6,781539
39,Ohio,OH,Midwest,2016,P&S Syphilis,15-19,32,4.2,769202
39,Ohio,OH,Midwest,2016,P&S Syphilis,20-24,140,18.0,778113
39,Ohio,OH,Midwest,2016,P&S Syphilis,25-29,170,21.8,781539
40,Oklahoma,OK,South,2016,Chlamydia,15-19,6084,2313.9,262933
40,Oklahoma,OK,South,2016,Chlamydia,20-24,8187,2914.2,280935
40,Oklahoma,OK,South,2016,Chlamydia,25-29,3810,1373.9,277313
40,Oklahoma,OK,South,2016,Gonorrhea,15-19,1405,534.4,262933
40,Oklahoma,OK,South,2016,Gonorrhea,20-24,2385,848.9,280935
40,Oklahoma,OK,South,2016,Gonorrhea,25-29,1624,585.6,277313
40,Oklahoma,OK,South,2016,P&S Syphilis,15-19,11,4.2,262933
40,Oklahoma,OK,South,2016,P&S Syphilis,20-24,60,21.4,280935
40,Oklahoma,OK,South,2016,P&S Syphilis,25-29,63,22.7,277313
41,Oregon,OR,West,2016,Chlamydia,15-19,4382,1775.2,246845
41,Oregon,OR,West,2016,Chlamydia,20-24,6191,2326.4,266119
41,Oregon,OR,West,2016,Chlamydia,25-29,3192,1103.0,289393
41,Oregon,OR,West,2016,Gonorrhea,15-19,377,152.7,246845
41,Oregon,OR,West,2016,Gonorrhea,20-24,934,351.0,266119
41,Oregon,OR,West,2016,Gonorrhea,25-29,934,322.7,289393
41,Oregon,OR,West,2016,P&S Syphilis,15-19,8,3.2,246845
41,Oregon,OR,West,2016,P&S Syphilis,20-24,37,13.9,266119
41,Oregon,OR,West,2016,P&S Syphilis,25-29,66,22.8,289393
42,Pennsylvania,PA,Northeast,2016,Chlamydia,15-19,16006,1946.9,822127
42,Pennsylvania,PA,Northeast,2016,Chlamydia,20-24,21803,2582.3,844325
42,Pennsylvania,PA,Northeast,2016,Chlamydia,25-29,10276,1188.7,864474
42,Pennsylvania,PA,Northeast,2016,Gonorrhea,15-19,2725,331.5,822127
42,Pennsylvania,PA,Northeast,2016,Gonorrhea,20-24,4411,522.4,844325
42,Pennsylvania,PA,Northeast,2016,Gonorrhea,25-29,3242,375.0,864474
42,Pennsylvania,PA,Northeast,2016,P&S Syphilis,15-19,35,4.3,822127
42,Pennsylvania,PA,Northeast,2016,P&S Syphilis,20-24,137,16.2,844325
42,Pennsylvania,PA,Northeast,2016,P&S Syphilis,25-29,214,24.8,864474
44,Rhode Island,RI,Northeast,2016,Chlamydia,15-19,1268,1741.2,72823
44,Rhode Island,RI,Northeast,2016,Chlamydia,20-24,1981,2499.0,79272
44,Rhode Island,RI,Northeast,2016,Chlamydia,25-29,894,1173.1,76208
44,Rhode Island,RI,Northeast,2016,Gonorrhea,15-19,66,90.6,72823
44,Rhode Island,RI,Northeast,2016,Gonorrhea,20-24,213,268.7,79272
44,Rhode Island,RI,Northeast,2016,Gonorrhea,25-29,176,230.9,76208
44,Rhode Island,RI,Northeast,2016,P&S Syphilis,15-19,5,6.9,72823
44,Rhode Island,RI,Northeast,2016,P&S Syphilis,20-24,22,27.8,79272
44,Rhode Island,RI,Northeast,2016,P&S Syphilis,25-29,15,19.7,76208
45,South Carolina,SC,South,2016,Chlamydia,15-19,8126,2542.9,319556
45,South Carolina,SC,South,2016,Chlamydia,20-24,10826,3188.6,339522
45,South Carolina,SC,South,2016,Chlamydia,25-29,5102,1487.0,343107
45,South Carolina,SC,South,2016,Gonorrhea,15-19,1886,590.2,319556
45,South Carolina,SC,South,2016,Gonorrhea,20-24,3203,943.4,339522
45,South Carolina,SC,South,2016,Gonorrhea,25-29,1876,546.8,343107
45,South Carolina,SC,South,2016,P&S Syphilis,15-19,21,6.6,319556
45,South Carolina,SC,South,2016,P&S Syphilis,20-24,84,24.7,339522
45,South Carolina,SC,South,2016,P&S Syphilis,25-29,74,21.6,343107
46,South Dakota,SD,Midwest,2016,Chlamydia,15-19,1179,2077.2,56759
46,South Dakota,SD,Midwest,2016,Chlamydia,20-24,1608,2646.4,60762
46,South Dakota,SD,Midwest,2016,Chlamydia,25-29,761,1345.2,56572
46,South Dakota,SD,Midwest,2016,Gonorrhea,15-19,215,378.8,56759
46,South Dakota,SD,Midwest,2016,Gonorrhea,20-24,362,595.8,60762
46,South Dakota,SD,Midwest,2016,Gonorrhea,25-29,294,519.7,56572
46,South Dakota,SD,Midwest,2016,P&S Syphilis,15-19,2,3.5,56759
46,South Dakota,SD,Midwest,2016,P&S Syphilis,20-24,8,13.2,60762
46,South Dakota,SD,Midwest,2016,P&S Syphilis,25-29,3,5.3,56572
47,Tennessee,TN,South,2016,Chlamydia,15-19,9299,2199.6,422759
47,Tennessee,TN,South,2016,Chlamydia,20-24,12677,2812.1,450802
47,Tennessee,TN,South,2016,Chlamydia,25-29,5704,1220.3,467426
47,Tennessee,TN,South,2016,Gonorrhea,15-19,2060,487.3,422759
47,Tennessee,TN,South,2016,Gonorrhea,20-24,3402,754.7,450802
47,Tennessee,TN,South,2016,Gonorrhea,25-29,2112,451.8,467426
47,Tennessee,TN,South,2016,P&S Syphilis,15-19,20,4.7,422759
47,Tennessee,TN,South,2016,P&S Syphilis,20-24,87,19.3,450802
47,Tennessee,TN,South,2016,P&S Syphilis,25-29,114,24.4,467426
48,Texas,TX,South,2016,Chlamydia,15-19,38482,1940.1,1983506
48,Texas,TX,South,2016,Chlamydia,20-24,53602,2673.6,2004862
48,Texas,TX,South,2016,Chlamydia,25-29,26008,1248.4,2083307
48,Texas,TX,South,2016,Gonorrhea,15-19,8742,440.7,1983506
48,Texas,TX,South,2016,Gonorrhea,20-24,13625,679.6,2004862
48,Texas,TX,South,2016,Gonorrhea,25-29,8786,421.7,2083307
48,Texas,TX,South,2016,P&S Syphilis,15-19,106,5.3,1983506
48,Texas,TX,South,2016,P&S Syphilis,20-24,485,24.2,2004862
48,Texas,TX,South,2016,P&S Syphilis,25-29,469,22.5,2083307
49,Utah,UT,West,2016,Chlamydia,15-19,2380,1004.4,236957
49,Utah,UT,West,2016,Chlamydia,20-24,3305,1315.4,251254
49,Utah,UT,West,2016,Chlamydia,25-29,1675,728.5,229925
49,Utah,UT,West,2016,Gonorrhea,15-19,215,90.7,236957
49,Utah,UT,West,2016,Gonorrhea,20-24,465,185.1,251254
49,Utah,UT,West,2016,Gonorrhea,25-29,470,204.4,229925
49,Utah,UT,West,2016,P&S Syphilis,15-19,7,3.0,236957
49,Utah,UT,West,2016,P&S Syphilis,20-24,16,6.4,251254
49,Utah,UT,West,2016,P&S Syphilis,25-29,12,5.2,229925
50,Vermont,VT,Northeast,2016,Chlamydia,15-19,373,869.1,42918
50,Vermont,VT,Northeast,2016,Chlamydia,20-24,730,1560.8,46771
50,Vermont,VT,Northeast,2016,Chlamydia,25-29,330,909.6,36280
50,Vermont,VT,Northeast,2016,Gonorrhea,15-19,9,21.0,42918
50,Vermont,VT,Northeast,2016,Gonorrhea,20-24,31,66.3,46771
50,Vermont,VT,Northeast,2016,Gonorrhea,25-29,34,93.7,36280
50,Vermont,VT,Northeast,2016,P&S Syphilis,15-19,0,0.0,42918
50,Vermont,VT,Northeast,2016,P&S Syphilis,20-24,3,6.4,46771
50,Vermont,VT,Northeast,2016,P&S Syphilis,25-29,3,8.3,36280
51,Virginia,VA,South,2016,Chlamydia,15-19,6977,1293.6,539348
51,Virginia,VA,South,2016,Chlamydia,20-24,17151,2919.7,587423
51,Virginia,VA,South,2016,Chlamydia,25-29,8728,1469.6,593903
51,Virginia,VA,South,2016,Gonorrhea,15-19,1439,266.8,539348
51,Virginia,VA,South,2016,Gonorrhea,20-24,3630,618.0,587423
51,Virginia,VA,South,2016,Gonorrhea,25-29,2747,462.5,593903
51,Virginia,VA,South,2016,P&S Syphilis,15-19,12,2.2,539348
51,Virginia,VA,South,2016,P&S Syphilis,20-24,80,13.6,587423
51,Virginia,VA,South,2016,P&S Syphilis,25-29,115,19.4,593903
53,Washington,WA,West,2016,Chlamydia,15-19,7040,1582.6,444838
53,Washington,WA,West,2016,Chlamydia,20-24,11069,2277.6,485994
53,Washington,WA,West,2016,Chlamydia,25-29,6105,1101.6,554194
53,Washington,WA,West,2016,Gonorrhea,15-19,883,198.5,444838
53,Washington,WA,West,2016,Gonorrhea,20-24,1884,387.7,485994
53,Washington,WA,West,2016,Gonorrhea,25-29,1783,321.7,554194
53,Washington,WA,West,2016,P&S Syphilis,15-19,17,3.8,444838
53,Washington,WA,West,2016,P&S Syphilis,20-24,78,16.0,485994
53,Washington,WA,West,2016,P&S Syphilis,25-29,108,19.5,554194
54,West Virginia,WV,South,2016,Chlamydia,15-19,1386,1268.2,109289
54,West Virginia,WV,South,2016,Chlamydia,20-24,2032,1717.0,118346
54,West Virginia,WV,South,2016,Chlamydia,25-29,793,703.3,112754
54,West Virginia,WV,South,2016,Gonorrhea,15-19,139,127.2,109289
54,West Virginia,WV,South,2016,Gonorrhea,20-24,289,244.2,118346
54,West Virginia,WV,South,2016,Gonorrhea,25-29,190,168.5,112754
54,West Virginia,WV,South,2016,P&S Syphilis,15-19,7,6.4,109289
54,West Virginia,WV,South,2016,P&S Syphilis,20-24,14,11.8,118346
54,West Virginia,WV,South,2016,P&S Syphilis,25-29,6,5.3,112754
55,Wisconsin,WI,Midwest,2016,Chlamydia,15-19,7450,1953.4,381386
55,Wisconsin,WI,Midwest,2016,Chlamydia,20-24,10480,2578.4,406454
55,Wisconsin,WI,Midwest,2016,Chlamydia,25-29,4887,1365.9,357786
55,Wisconsin,WI,Midwest,2016,Gonorrhea,15-19,1642,430.5,381386
55,Wisconsin,WI,Midwest,2016,Gonorrhea,20-24,1989,489.4,406454
55,Wisconsin,WI,Midwest,2016,Gonorrhea,25-29,1258,351.6,357786
55,Wisconsin,WI,Midwest,2016,P&S Syphilis,15-19,3,0.8,381386
55,Wisconsin,WI,Midwest,2016,P&S Syphilis,20-24,30,7.4,406454
55,Wisconsin,WI,Midwest,2016,P&S Syphilis,25-29,25,7.0,357786
56,Wyoming,WY,West,2016,Chlamydia,15-19,586,1608.5,36431
56,Wyoming,WY,West,2016,Chlamydia,20-24,782,1937.5,40361
56,Wyoming,WY,West,2016,Chlamydia,25-29,358,890.3,40211
56,Wyoming,WY,West,2016,Gonorrhea,15-19,41,112.5,36431
56,Wyoming,WY,West,2016,Gonorrhea,20-24,86,213.1,40361
56,Wyoming,WY,West,2016,Gonorrhea,25-29,74,184.0,40211
56,Wyoming,WY,West,2016,P&S Syphilis,15-19,0,0.0,36431
56,Wyoming,WY,West,2016,P&S Syphilis,20-24,2,5.0,40361
56,Wyoming,WY,West,2016,P&S Syphilis,25-29,0,0.0,40211
01,Alabama,AL,South,2015,Chlamydia,15-19,7832,2451.5,319478
01,Alabama,AL,South,2015,Chlamydia,20-24,10780,3114.8,346090
01,Alabama,AL,South,2015,Chlamydia,25-29,4363,1345.6,324242
01,Alabama,AL,South,2015,Gonorrhea,15-19,1613,504.9,319478
01,Alabama,AL,South,2015,Gonorrhea,20-24,2744,792.9,346090
01,Alabama,AL,South,2015,Gonorrhea,25-29,1438,443.5,324242
01,Alabama,AL,South,2015,P&S Syphilis,15-19,17,5.3,319478
01,Alabama,AL,South,2015,P&S Syphilis,20-24,82,23.7,346090
01,Alabama,AL,South,2015,P&S Syphilis,25-29,89,27.4,324242
02,Alaska,AK,West,2015,Chlamydia,15-19,1249,2637.0,47364
02,Alaska,AK,West,2015,Chlamydia,20-24,2036,3433.6,59296
02,Alaska,AK,West,2015,Chlamydia,25-29,1235,2008.0,61504
02,Alaska,AK,West,2015,Gonorrhea,15-19,125,263.9,47364
02,Alaska,AK,West,2015,Gonorrhea,20-24,297,500.9,59296
02,Alaska,AK,West,2015,Gonorrhea,25-29,261,424.4,61504
02,Alaska,AK,West,2015,P&S Syphilis,15-19,0,0.0,47364
02,Alaska,AK,West,2015,P&S Syphilis,20-24,1,1.7,59296
02,Alaska,AK,West,2015,P&S Syphilis,25-29,2,3.3,61504
04,Arizona,AZ,West,2015,Chlamydia,15-19,7680,1663.8,461594
04,Arizona,AZ,West,2015,Chlamydia,20-24,12540,2550.3,491707
04,Arizona,AZ,West,2015,Chlamydia,25-29,6100,1294.3,471297
04,Arizona,AZ,West,2015,Gonorrhea,15-19,1266,274.3,461594
04,Arizona,AZ,West,2015,Gonorrhea,20-24,2509,510.3,491707
04,Arizona,AZ,West,2015,Gonorrhea,25-29,1801,382.1,471297
04,Arizona,AZ,West,2015,P&S Syphilis,15-19,27,5.8,461594
04,Arizona,AZ,West,2015,P&S Syphilis,20-24,112,22.8,491707
04,Arizona,AZ,West,2015,P&S Syphilis,25-29,113,24.0,471297
05,Arkansas,AR,South,2015,Chlamydia,15-19,4990,2519.2,198079
05,Arkansas,AR,South,2015,Chlamydia,20-24,6297,3012.6,209022
05,Arkansas,AR,South,2015,Chlamydia,25-29,2713,1377.2,196994
05,Arkansas,AR,South,2015,Gonorrhea,15-19,1098,554.3,198079
05,Arkansas,AR,South,2015,Gonorrhea,20-24,1670,799.0,209022
05,Arkansas,AR,South,2015,Gonorrhea,25-29,911,462.5,196994
05,Arkansas,AR,South,2015,P&S Syphilis,15-19,13,6.6,198079
05,Arkansas,AR,South,2015,P&S Syphilis,20-24,23,11.0,209022
05,Arkansas,AR,South,2015,P&S Syphilis,25-29,25,12.7,196994
06,California,CA,West,2015,Chlamydia,15-19,35825,1378.6,2598651
06,California,CA,West,2015,Chlamydia,20-24,69458,2418.9,2871471
06,California,CA,West,2015,Chlamydia,25-29,38868,1299.9,2990076
06,California,CA,West,2015,Gonorrhea,15-19,6106,235.0,2598651
06,California,CA,West,2015,Gonorrhea,20-24,13818,481.2,2871471
06,California,CA,West,2015,Gonorrhea,25-29,11998,401.3,2990076
06,California,CA,West,2015,P&S Syphilis,15-19,198,7.6,2598651
06,California,CA,West,2015,P&S Syphilis,20-24,825,28.7,2871471
06,California,CA,West,2015,P&S Syphilis,25-29,920,30.8,2990076
08,Colorado,CO,West,2015,Chlamydia,15-19,5696,1639.7,347381
08,Colorado,CO,West,2015,Chlamydia,20-24,9067,2385.4,380104
08,Colorado,CO,West,2015,Chlamydia,25-29,4616,1113.2,414660
08,Colorado,CO,West,2015,Gonorrhea,15-19,684,196.9,347381
08,Colorado,CO,West,2015,Gonorrhea,20-24,1286,338.3,380104
08,Colorado,CO,West,2015,Gonorrhea,25-29,953,229.8,414660
08,Colorado,CO,West,2015,P&S Syphilis,15-19,7,2.0,347381
08,Colorado,CO,West,2015,P&S Syphilis,20-24,36,9.5,380104
08,Colorado,CO,West,2015,P&S Syphilis,25-29,46,11.1,414660
09,Connecticut,CT,Northeast,2015,Chlamydia,15-19,3220,1290.2,249574
09,Connecticut,CT,Northeast,2015,Chlamydia,20-24,5109,2073.3,246419
09,Connecticut,CT,Northeast,2015,Chlamydia,25-29,2488,1133.7,219458
09,Connecticut,CT,Northeast,2015,Gonorrhea,15-19,284,113.8,249574
09,Connecticut,CT,Northeast,2015,Gonorrhea,20-24,566,229.7,246419
09,Connecticut,CT,Northeast,2015,Gonorrhea,25-29,443,201.9,219458
09,Connecticut,CT,Northeast,2015,P&S Syphilis,15-19,4,1.6,249574
09,Connecticut,CT,Northeast,2015,P&S Syphilis,20-24,30,12.2,246419
09,Connecticut,CT,Northeast,2015,P&S Syphilis,25-29,18,8.2,219458
10,Delaware,DE,South,2015,Chlamydia,15-19,1271,2124.5,59826
10,Delaware,DE,South,2015,Chlamydia,20-24,1825,2933.0,62223
10,Delaware,DE,South,2015,Chlamydia,25-29,788,1197.7,65793
10,Delaware,DE,South,2015,Gonorrhea,15-19,194,324.3,59826
10,Delaware,DE,South,2015,Gonorrhea,20-24,405,650.9,62223
10,Delaware,DE,South,2015,Gonorrhea,25-29,301,457.5,65793
10,Delaware,DE,South,2015,P&S Syphilis,15-19,2,3.3,59826
10,Delaware,DE,South,2015,P&S Syphilis,20-24,7,11.3,62223
10,Delaware,DE,South,2015,P&S Syphilis,25-29,7,10.6,65793
11,District of Columbia,DC,South,2015,Chlamydia,15-19,1962,5306.4,36974
11,District of Columbia,DC,South,2015,Chlamydia,20-24,2638,4759.9,55421
11,District of Columbia,DC,South,2015,Chlamydia,25-29,1583,1931.1,81974
11,District of Columbia,DC,South,2015,Gonorrhea,15-19,450,1217.1,36974
11,District of Columbia,DC,South,2015,Gonorrhea,20-24,728,1313.6,55421
11,District of Columbia,DC,South,2015,Gonorrhea,25-29,643,784.4,81974
11,District of Columbia,DC,South,2015,P&S Syphilis,15-19,5,13.5,36974
11,District of Columbia,DC,South,2015,P&S Syphilis,20-24,19,34.3,55421
11,District of Columbia,DC,South,2015,P&S Syphilis,25-29,22,26.8,81974
12,Florida,FL,South,2015,Chlamydia,15-19,22574,1908.0,1183124
12,Florida,FL,South,2015,Chlamydia,20-24,35426,2723.4,1300800
12,Florida,FL,South,2015,Chlamydia,25-29,17084,1271.0,1344138
12,Florida,FL,South,2015,Gonorrhea,15-19,3998,337.9,1183124
12,Florida,FL,South,2015,Gonorrhea,20-24,7550,580.4,1300800
12,Florida,FL,South,2015,Gonorrhea,25-29,5163,384.1,1344138
12,Florida,FL,South,2015,P&S Syphilis,15-19,82,6.9,1183124
12,Florida,FL,South,2015,P&S Syphilis,20-24,381,29.3,1300800
12,Florida,FL,South,2015,P&S Syphilis,25-29,433,32.2,1344138
13,Georgia,GA,South,2015,Chlamydia,15-19,16166,2290.2,705877
13,Georgia,GA,South,2015,Chlamydia,20-24,22770,3124.3,728803
13,Georgia,GA,South,2015,Chlamydia,25-29,10069,1416.8,710686
13,Georgia,GA,South,2015,Gonorrhea,15-19,3133,443.8,705877
13,Georgia,GA,South,2015,Gonorrhea,20-24,5429,744.9,728803
13,Georgia,GA,South,2015,Gonorrhea,25-29,3535,497.4,710686
13,Georgia,GA,South,2015,P&S Syphilis,15-19,62,8.8,705877
13,Georgia,GA,South,2015,P&S Syphilis,20-24,283,38.8,728803
13,Georgia,GA,South,2015,P&S Syphilis,25-29,341,48.0,710686
15,Hawaii,HI,West,2015,Chlamydia,15-19,1359,1736.6,78256
15,Hawaii,HI,West,2015,Chlamydia,20-24,2743,2736.9,100223
15,Hawaii,HI,West,2015,Chlamydia,25-29,1419,1354.8,104739
15,Hawaii,HI,West,2015,Gonorrhea,15-19,163,208.3,78256
15,Hawaii,HI,West,2015,Gonorrhea,20-24,361,360.2,100223
15,Hawaii,HI,West,2015,Gonorrhea,25-29,242,231.0,104739
15,Hawaii,HI,West,2015,P&S Syphilis,15-19,4,5.1,78256
15,Hawaii,HI,West,2015,P&S Syphilis,20-24,19,19.0,100223
15,Hawaii,HI,West,2015,P&S Syphilis,25-29,13,12.4,104739
16,Idaho,ID,West,2015,Chlamydia,15-19,1666,1416.5,117614
16,Idaho,ID,West,2015,Chlamydia,20-24,2086,1868.0,111670
16,Idaho,ID,West,2015,Chlamydia,25-29,980,903.1,108515
16,Idaho,ID,West,2015,Gonorrhea,15-19,54,45.9,117614
16,Idaho,ID,West,2015,Gonorrhea,20-24,124,111.0,111670
16,Idaho,ID,West,2015,Gonorrhea,25-29,115,106.0,108515
16,Idaho,ID,West,2015,P&S Syphilis,15-19,1,0.9,117614
16,Idaho,ID,West,2015,P&S Syphilis,20-24,10,9.0,111670
16,Idaho,ID,West,2015,P&S Syphilis,25-29,14,12.9,108515
17,Illinois,IL,Midwest,2015,Chlamydia,15-19,19260,2261.8,851534
17,Illinois,IL,Midwest,2015,Chlamydia,20-24,27210,3030.1,897990
17,Illinois,IL,Midwest,2015,Chlamydia,25-29,12358,1380.4,895248
17,Illinois,IL,Midwest,2015,Gonorrhea,15-19,4013,471.3,851534
17,Illinois,IL,Midwest,2015,Gonorrhea,20-24,5897,656.7,897990
17,Illinois,IL,Midwest,2015,Gonorrhea,25-29,3380,377.5,895248
17,Illinois,IL,Midwest,2015,P&S Syphilis,15-19,48,5.6,851534
17,Illinois,IL,Midwest,2015,P&S Syphilis,20-24,216,24.1,897990
17,Illinois,IL,Midwest,2015,P&S Syphilis,25-29,232,25.9,895248
18,Indiana,IN,Midwest,2015,Chlamydia,15-19,8027,1760.9,455846
18,Indiana,IN,Midwest,2015,Chlamydia,20-24,11618,2387.9,486536
18,Indiana,IN,Midwest,2015,Chlamydia,25-29,5004,1170.9,427364
18,Indiana,IN,Midwest,2015,Gonorrhea,15-19,1630,357.6,455846
18,Indiana,IN,Midwest,2015,Gonorrhea,20-24,2783,572.0,486536
18,Indiana,IN,Midwest,2015,Gonorrhea,25-29,1596,373.4,427364
18,Indiana,IN,Midwest,2015,P&S Syphilis,15-19,11,2.4,455846
18,Indiana,IN,Midwest,2015,P&S Syphilis,20-24,56,11.5,486536
18,Indiana,IN,Midwest,2015,P&S Syphilis,25-29,66,15.4,427364
19,Iowa,IA,Midwest,2015,Chlamydia,15-19,3292,1535.2,214435
19,Iowa,IA,Midwest,2015,Chlamydia,20-24,4943,2116.5,233546
19,Iowa,IA,Midwest,2015,Chlamydia,25-29,2120,1104.4,191959
19,Iowa,IA,Midwest,2015,Gonorrhea,15-19,413,192.6,214435
19,Iowa,IA,Midwest,2015,Gonorrhea,20-24,709,303.6,233546
19,Iowa,IA,Midwest,2015,Gonorrhea,25-29,519,270.4,191959
19,Iowa,IA,Midwest,2015,P&S Syphilis,15-19,6,2.8,214435
19,Iowa,IA,Midwest,2015,P&S Syphilis,20-24,11,4.7,233546
19,Iowa,IA,Midwest,2015,P&S Syphilis,25-29,16,8.3,191959
20,Kansas,KS,Midwest,2015,Chlamydia,15-19,3278,1635.2,200465
20,Kansas,KS,Midwest,2015,Chlamydia,20-24,4700,2120.9,221604
20,Kansas,KS,Midwest,2015,Chlamydia,25-29,1932,1009.3,191420
20,Kansas,KS,Midwest,2015,Gonorrhea,15-19,432,215.5,200465
20,Kansas,KS,Midwest,2015,Gonorrhea,20-24,831,375.0,221604
20,Kansas,KS,Midwest,2015,Gonorrhea,25-29,516,269.6,191420
20,Kansas,KS,Midwest,2015,P&S Syphilis,15-19,6,3.0,200465
20,Kansas,KS,Midwest,2015,P&S Syphilis,20-24,28,12.6,221604
20,Kansas,KS,Midwest,2015,P&S Syphilis,25-29,10,5.2,191420
21,Kentucky,KY,South,2015,Chlamydia,15-19,4835,1688.9,286281
21,Kentucky,KY,South,2015,Chlamydia,20-24,7066,2254.5,313418
21,Kentucky,KY,South,2015,Chlamydia,25-29,3061,1060.3,288692
21,Kentucky,KY,South,2015,Gonorrhea,15-19,890,310.9,286281
21,Kentucky,KY,South,2015,Gonorrhea,20-24,1531,488.5,313418
21,Kentucky,KY,South,2015,Gonorrhea,25-29,919,318.3,288692
21,Kentucky,KY,South,2015,P&S Syphilis,15-19,6,2.1,286281
21,Kentucky,KY,South,2015,P&S Syphilis,20-24,25,8.0,313418
21,Kentucky,KY,South,2015,P&S Syphilis,25-29,26,9.0,288692
22,Louisiana,LA,South,2015,Chlamydia,15-19,10378,3455.2,300359
22,Louisiana,LA,South,2015,Chlamydia,20-24,12255,3599.8,340436
22,Louisiana,LA,South,2015,Chlamydia,25-29,5262,1526.8,344642
22,Louisiana,LA,South,2015,Gonorrhea,15-19,2833,943.2,300359
22,Louisiana,LA,South,2015,Gonorrhea,20-24,3651,1072.4,340436
22,Louisiana,LA,South,2015,Gonorrhea,25-29,1815,526.6,344642
22,Louisiana,LA,South,2015,P&S Syphilis,15-19,79,26.3,300359
22,Louisiana,LA,South,2015,P&S Syphilis,20-24,213,62.6,340436
22,Louisiana,LA,South,2015,P&S Syphilis,25-29,168,48.7,344642
23,Maine,ME,Northeast,2015,Chlamydia,15-19,954,1178.1,80978
23,Maine,ME,Northeast,2015,Chlamydia,20-24,1636,2080.8,78624
23,Maine,ME,Northeast,2015,Chlamydia,25-29,733,943.3,77706
23,Maine,ME,Northeast,2015,Gonorrhea,15-19,49,60.5,80978
23,Maine,ME,Northeast,2015,Gonorrhea,20-24,127,161.5,78624
23,Maine,ME,Northeast,2015,Gonorrhea,25-29,100,128.7,77706
23,Maine,ME,Northeast,2015,P&S Syphilis,15-19,1,1.2,80978
23,Maine,ME,Northeast,2015,P&S Syphilis,20-24,0,0.0,78624
23,Maine,ME,Northeast,2015,P&S Syphilis,25-29,4,5.1,77706
24,Maryland,MD,South,2015,Chlamydia,15-19,7615,1976.9,385199
24,Maryland,MD,South,2015,Chlamydia,20-24,10605,2674.7,396493
24,Maryland,MD,South,2015,Chlamydia,25-29,4863,1165.5,417246
24,Maryland,MD,South,2015,Gonorrhea,15-19,1450,376.4,385199
24,Maryland,MD,South,2015,Gonorrhea,20-24,2173,548.1,396493
24,Maryland,MD,South,2015,Gonorrhea,25-29,1378,330.3,417246
24,Maryland,MD,South,2015,P&S Syphilis,15-19,22,5.7,385199
24,Maryland,MD,South,2015,P&S Syphilis,20-24,88,22.2,396493
24,Maryland,MD,South,2015,P&S Syphilis,25-29,125,30.0,417246
25,Massachusetts,MA,Northeast,2015,Chlamydia,15-19,5276,1150.6,458543
25,Massachusetts,MA,Northeast,2015,Chlamydia,20-24,9647,1955.2,493402
25,Massachusetts,MA,Northeast,2015,Chlamydia,25-29,4677,947.3,493719
25,Massachusetts,MA,Northeast,2015,Gonorrhea,15-19,392,85.5,458543
25,Massachusetts,MA,Northeast,2015,Gonorrhea,20-24,1084,219.7,493402
25,Massachusetts,MA,Northeast,2015,Gonorrhea,25-29,890,180.3,493719
25,Massachusetts,MA,Northeast,2015,P&S Syphilis,15-19,10,2.2,458543
25,Massachusetts,MA,Northeast,2015,P&S Syphilis,20-24,73,14.8,493402
25,Massachusetts,MA,Northeast,2015,P&S Syphilis,25-29,71,14.4,493719
26,Michigan,MI,Midwest,2015,Chlamydia,15-19,13610,2021.9,673129
26,Michigan,MI,Midwest,2015,Chlamydia,20-24,18525,2527.6,732909
26,Michigan,MI,Midwest,2015,Chlamydia,25-29,7914,1260.7,627746
26,Michigan,MI,Midwest,2015,Gonorrhea,15-19,2204,327.4,673129
26,Michigan,MI,Midwest,2015,Gonorrhea,20-24,3665,500.1,732909
26,Michigan,MI,Midwest,2015,Gonorrhea,25-29,2061,328.3,627746
26,Michigan,MI,Midwest,2015,P&S Syphilis,15-19,26,3.9,673129
26,Michigan,MI,Midwest,2015,P&S Syphilis,20-24,82,11.2,732909
26,Michigan,MI,Midwest,2015,P&S Syphilis,25-29,115,18.3,627746
27,Minnesota,MN,Midwest,2015,Chlamydia,15-19,5156,1450.1,355562
27,Minnesota,MN,Midwest,2015,Chlamydia,20-24,8308,2272.3,365621
27,Minnesota,MN,Midwest,2015,Chlamydia,25-29,3953,1087.6,363461
27,Minnesota,MN,Midwest,2015,Gonorrhea,15-19,640,180.0,355562
27,Minnesota,MN,Midwest,2015,Gonorrhea,20-24,1250,341.9,365621
27,Minnesota,MN,Midwest,2015,Gonorrhea,25-29,886,243.8,363461
27,Minnesota,MN,Midwest,2015,P&S Syphilis,15-19,10,2.8,355562
27,Minnesota,MN,Midwest,2015,P&S Syphilis,20-24,21,5.7,365621
27,Minnesota,MN,Midwest,2015,P&S Syphilis,25-29,50,13.8,363461
28,Mississippi,MS,South,2015,Chlamydia,15-19,5781,2778.4,208069
28,Mississippi,MS,South,2015,Chlamydia,20-24,6912,3114.5,221930
28,Mississippi,MS,South,2015,Chlamydia,25-29,2655,1333.0,199175
28,Mississippi,MS,South,2015,Gonorrhea,15-19,1526,733.4,208069
28,Mississippi,MS,South,2015,Gonorrhea,20-24,2331,1050.3,221930
28,Mississippi,MS,South,2015,Gonorrhea,25-29,958,481.0,199175
28,Mississippi,MS,South,2015,P&S Syphilis,15-19,18,8.7,208069
28,Mississippi,MS,South,2015,P&S Syphilis,20-24,70,31.5,221930
28,Mississippi,MS,South,2015,P&S Syphilis,25-29,45,22.6,199175
29,Missouri,MO,Midwest,2015,Chlamydia,15-19,8280,2095.3,395170
29,Missouri,MO,Midwest,2015,Chlamydia,20-24,11576,2690.7,430223
29,Missouri,MO,Midwest,2015,Chlamydia,25-29,4856,1197.9,405376
29,Missouri,MO,Midwest,2015,Gonorrhea,15-19,1952,494.0,395170
29,Missouri,MO,Midwest,2015,Gonorrhea,20-24,3028,703.8,430223
29,Missouri,MO,Midwest,2015,Gonorrhea,25-29,1673,412.7,405376
29,Missouri,MO,Midwest,2015,P&S Syphilis,15-19,12,3.0,395170
29,Missouri,MO,Midwest,2015,P&S Syphilis,20-24,61,14.2,430223
29,Missouri,MO,Midwest,2015,P&S Syphilis,25-29,63,15.5,405376
30,Montana,MT,West,2015,Chlamydia,15-19,1139,1796.0,63419
30,Montana,MT,West,2015,Chlamydia,20-24,1706,2300.6,74155
30,Montana,MT,West,2015,Chlamydia,25-29,731,1120.4,65245
30,Montana,MT,West,2015,Gonorrhea,15-19,155,244.4,63419
30,Montana,MT,West,2015,Gonorrhea,20-24,235,316.9,74155
30,Montana,MT,West,2015,Gonorrhea,25-29,197,301.9,65245
30,Montana,MT,West,2015,P&S Syphilis,15-19,3,4.7,63419
30,Montana,MT,West,2015,P&S Syphilis,20-24,4,5.4,74155
30,Montana,MT,West,2015,P&S Syphilis,25-29,0,0.0,65245
31,Nebraska,NE,Midwest,2015,Chlamydia,15-19,1967,1535.3,128118
31,Nebraska,NE,Midwest,2015,Chlamydia,20-24,3170,2289.3,138470
31,Nebraska,NE,Midwest,2015,Chlamydia,25-29,1499,1220.9,122778
31,Nebraska,NE,Midwest,2015,Gonorrhea,15-19,295,230.3,128118
31,Nebraska,NE,Midwest,2015,Gonorrhea,20-24,544,392.9,138470
31,Nebraska,NE,Midwest,2015,Gonorrhea,25-29,373,303.8,122778
31,Nebraska,NE,Midwest,2015,P&S Syphilis,15-19,1,0.8,128118
31,Nebraska,NE,Midwest,2015,P&S Syphilis,20-24,11,7.9,138470
31,Nebraska,NE,Midwest,2015,P&S Syphilis,25-29,10,8.1,122778
32,Nevada,NV,West,2015,Chlamydia,15-19,2833,1614.5,175472
32,Nevada,NV,West,2015,Chlamydia,20-24,4852,2642.6,183607
32,Nevada,NV,West,2015,Chlamydia,25-29,2547,1213.2,209941
32,Nevada,NV,West,2015,Gonorrhea,15-19,481,274.1,175472
32,Nevada,NV,West,2015,Gonorrhea,20-24,951,517.9,183607
32,Nevada,NV,West,2015,Gonorrhea,25-29,840,400.1,209941
32,Nevada,NV,West,2015,P&S Syphilis,15-19,14,8.0,175472
32,Nevada,NV,West,2015,P&S Syphilis,20-24,78,42.5,183607
32,Nevada,NV,West,2015,P&S Syphilis,25-29,81,38.6,209941
33,New Hampshire,NH,Northeast,2015,Chlamydia,15-19,742,841.4,88186
33,New Hampshire,NH,Northeast,2015,Chlamydia,20-24,1349,1463.6,92170
33,New Hampshire,NH,Northeast,2015,Chlamydia,25-29,541,676.2,80006
33,New Hampshire,NH,Northeast,2015,Gonorrhea,15-19,29,32.9,88186
33,New Hampshire,NH,Northeast,2015,Gonorrhea,20-24,74,80.3,92170
33,New Hampshire,NH,Northeast,2015,Gonorrhea,25-29,41,51.2,80006
33,New Hampshire,NH,Northeast,2015,P&S Syphilis,15-19,1,1.1,88186
33,New Hampshire,NH,Northeast,2015,P&S Syphilis,20-24,6,6.5,92170
33,New Hampshire,NH,Northeast,2015,P&S Syphilis,25-29,7,8.7,80006
34,New Jersey,NJ,Northeast,2015,Chlamydia,15-19,6569,1156.4,568056
34,New Jersey,NJ,Northeast,2015,Chlamydia,20-24,12818,2255.6,568275
34,New Jersey,NJ,Northeast,2015,Chlamydia,25-29,6214,1112.7,558461
34,New Jersey,NJ,Northeast,2015,Gonorrhea,15-19,1364,240.1,568056
34,New Jersey,NJ,Northeast,2015,Gonorrhea,20-24,2222,391.0,568275
34,New Jersey,NJ,Northeast,2015,Gonorrhea,25-29,1415,253.4,558461
34,New Jersey,NJ,Northeast,2015,P&S Syphilis,15-19,19,3.3,568056
34,New Jersey,NJ,Northeast,2015,P&S Syphilis,20-24,84,14.8,568275
34,New Jersey,NJ,Northeast,2015,P&S Syphilis,25-29,75,13.4,558461
35,New Mexico,NM,West,2015,Chlamydia,15-19,3065,2198.0,139445
35,New Mexico,NM,West,2015,Chlamydia,20-24,4596,3040.8,151144
35,New Mexico,NM,West,2015,Chlamydia,25-29,2501,1764.8,141716
35,New Mexico,NM,West,2015,Gonorrhea,15-19,341,244.5,139445
35,New Mexico,NM,West,2015,Gonorrhea,20-24,713,471.7,151144
35,New Mexico,NM,West,2015,Gonorrhea,25-29,583,411.4,141716
35,New Mexico,NM,West,2015,P&S Syphilis,15-19,11,7.9,139445
35,New Mexico,NM,West,2015,P&S Syphilis,20-24,24,15.9,151144
35,New Mexico,NM,West,2015,P&S Syphilis,25-29,23,16.2,141716
36,New York,NY,Northeast,2015,Chlamydia,15-19,25102,2034.6,1233756
36,New York,NY,Northeast,2015,Chlamydia,20-24,35890,2581.0,1390546
36,New York,NY,Northeast,2015,Chlamydia,25-29,19805,1334.5,1484076
36,New York,NY,Northeast,2015,Gonorrhea,15-19,3906,316.6,1233756
36,New York,NY,Northeast,2015,Gonorrhea,20-24,6892,495.6,1390546
36,New York,NY,Northeast,2015,Gonorrhea,25-29,5669,382.0,1484076
36,New York,NY,Northeast,2015,P&S Syphilis,15-19,73,5.9,1233756
36,New York,NY,Northeast,2015,P&S Syphilis,20-24,343,24.7,1390546
36,New York,NY,Northeast,2015,P&S Syphilis,25-29,469,31.6,1484076
37,North Carolina,NC,South,2015,Chlamydia,15-19,17516,2650.3,660906
37,North Carolina,NC,South,2015,Chlamydia,20-24,26117,3687.4,708277
37,North Carolina,NC,South,2015,Chlamydia,25-29,11385,1689.6,673828
37,North Carolina,NC,South,2015,Gonorrhea,15-19,3796,574.4,660906
37,North Carolina,NC,South,2015,Gonorrhea,20-24,7050,995.4,708277
37,North Carolina,NC,South,2015,Gonorrhea,25-29,4255,631.5,673828
37,North Carolina,NC,South,2015,P&S Syphilis,15-19,68,10.3,660906
37,North Carolina,NC,South,2015,P&S Syphilis,20-24,282,39.8,708277
37,North Carolina,NC,South,2015,P&S Syphilis,25-29,266,39.5,673828
38,North Dakota,ND,Midwest,2015,Chlamydia,15-19,691,1434.3,48177
38,North Dakota,ND,Midwest,2015,Chlamydia,20-24,1350,1952.6,69139
38,North Dakota,ND,Midwest,2015,Chlamydia,25-29,639,1062.5,60141
38,North Dakota,ND,Midwest,2015,Gonorrhea,15-19,92,191.0,48177
38,North Dakota,ND,Midwest,2015,Gonorrhea,20-24,225,325.4,69139
38,North Dakota,ND,Midwest,2015,Gonorrhea,25-29,179,297.6,60141
38,North Dakota,ND,Midwest,2015,P&S Syphilis,15-19,1,2.1,48177
38,North Dakota,ND,Midwest,2015,P&S Syphilis,20-24,4,5.8,69139
38,North Dakota,ND,Midwest,2015,P&S Syphilis,25-29,1,1.7,60141
39,Ohio,OH,Midwest,2015,Chlamydia,15-19,17391,2253.9,771596
39,Ohio,OH,Midwest,2015,Chlamydia,20-24,22063,2791.4,790392
39,Ohio,OH,Midwest,2015,Chlamydia,25-29,9394,1229.0,764361
39,Ohio,OH,Midwest,2015,Gonorrhea,15-19,3732,483.7,771596
39,Ohio,OH,Midwest,2015,Gonorrhea,20-24,5364,678.6,790392
39,Ohio,OH,Midwest,2015,Gonorrhea,25-29,3196,418.1,764361
39,Ohio,OH,Midwest,2015,P&S Syphilis,15-19,19,2.5,771596
39,Ohio,OH,Midwest,2015,P&S Syphilis,20-24,126,15.9,790392
39,Ohio,OH,Midwest,2015,P&S Syphilis,25-29,113,14.8,764361
40,Oklahoma,OK,South,2015,Chlamydia,15-19,5887,2255.8,260972
40,Oklahoma,OK,South,2015,Chlamydia,20-24,8279,2879.7,287495
40,Oklahoma,OK,South,2015,Chlamydia,25-29,3786,1391.0,272178
40,Oklahoma,OK,South,2015,Gonorrhea,15-19,1304,499.7,260972
40,Oklahoma,OK,South,2015,Gonorrhea,20-24,2301,800.4,287495
40,Oklahoma,OK,South,2015,Gonorrhea,25-29,1379,506.7,272178
40,Oklahoma,OK,South,2015,P&S Syphilis,15-19,10,3.8,260972
40,Oklahoma,OK,South,2015,P&S Syphilis,20-24,36,12.5,287495
40,Oklahoma,OK,South,2015,P&S Syphilis,25-29,39,14.3,272178
41,Oregon,OR,West,2015,Chlamydia,15-19,4080,1668.3,244560
41,Oregon,OR,West,2015,Chlamydia,20-24,5902,2219.7,265892
41,Oregon,OR,West,2015,Chlamydia,25-29,2965,1076.2,275506
41,Oregon,OR,West,2015,Gonorrhea,15-19,273,111.6,244560
41,Oregon,OR,West,2015,Gonorrhea,20-24,705,265.1,265892
41,Oregon,OR,West,2015,Gonorrhea,25-29,698,253.4,275506
41,Oregon,OR,West,2015,P&S Syphilis,15-19,7,2.9,244560
41,Oregon,OR,West,2015,P&S Syphilis,20-24,46,17.3,265892
41,Oregon,OR,West,2015,P&S Syphilis,25-29,72,26.1,275506
42,Pennsylvania,PA,Northeast,2015,Chlamydia,15-19,14810,1786.2,829134
42,Pennsylvania,PA,Northeast,2015,Chlamydia,20-24,21001,2436.2,862039
42,Pennsylvania,PA,Northeast,2015,Chlamydia,25-29,9674,1127.9,857700
42,Pennsylvania,PA,Northeast,2015,Gonorrhea,15-19,2696,325.2,829134
42,Pennsylvania,PA,Northeast,2015,Gonorrhea,20-24,4144,480.7,862039
42,Pennsylvania,PA,Northeast,2015,Gonorrhea,25-29,2665,310.7,857700
42,Pennsylvania,PA,Northeast,2015,P&S Syphilis,15-19,47,5.7,829134
42,Pennsylvania,PA,Northeast,2015,P&S Syphilis,20-24,143,16.6,862039
42,Pennsylvania,PA,Northeast,2015,P&S Syphilis,25-29,163,19.0,857700
44,Rhode Island,RI,Northeast,2015,Chlamydia,15-19,1024,1391.7,73579
44,Rhode Island,RI,Northeast,2015,Chlamydia,20-24,1937,2395.8,80850
44,Rhode Island,RI,Northeast,2015,Chlamydia,25-29,860,1155.6,74420
44,Rhode Island,RI,Northeast,2015,Gonorrhea,15-19,66,89.7,73579
44,Rhode Island,RI,Northeast,2015,Gonorrhea,20-24,186,230.1,80850
44,Rhode Island,RI,Northeast,2015,Gonorrhea,25-29,145,194.8,74420
44,Rhode Island,RI,Northeast,2015,P&S Syphilis,15-19,5,6.8,73579
44,Rhode Island,RI,Northeast,2015,P&S Syphilis,20-24,10,12.4,80850
44,Rhode Island,RI,Northeast,2015,P&S Syphilis,25-29,24,32.2,74420
45,South Carolina,SC,South,2015,Chlamydia,15-19,7661,2428.3,315488
45,South Carolina,SC,South,2015,Chlamydia,20-24,10949,3157.5,346762
45,South Carolina,SC,South,2015,Chlamydia,25-29,4981,1500.2,332022
45,South Carolina,SC,South,2015,Gonorrhea,15-19,1588,503.4,315488
45,South Carolina,SC,South,2015,Gonorrhea,20-24,2932,845.5,346762
45,South Carolina,SC,South,2015,Gonorrhea,25-29,1777,535.2,332022
45,South Carolina,SC,South,2015,P&S Syphilis,15-19,11,3.5,315488
45,South Carolina,SC,South,2015,P&S Syphilis,20-24,86,24.8,346762
45,South Carolina,SC,South,2015,P&S Syphilis,25-29,63,19.0,332022
46,South Dakota,SD,Midwest,2015,Chlamydia,15-19,999,1773.4,56332
46,South Dakota,SD,Midwest,2015,Chlamydia,20-24,1538,2537.2,60618
46,South Dakota,SD,Midwest,2015,Chlamydia,25-29,735,1312.5,56000
46,South Dakota,SD,Midwest,2015,Gonorrhea,15-19,179,317.7,56332
46,South Dakota,SD,Midwest,2015,Gonorrhea,20-24,314,518.0,60618
46,South Dakota,SD,Midwest,2015,Gonorrhea,25-29,244,435.7,56000
46,South Dakota,SD,Midwest,2015,P&S Syphilis,15-19,3,5.3,56332
46,South Dakota,SD,Midwest,2015,P&S Syphilis,20-24,7,11.5,60618
46,South Dakota,SD,Midwest,2015,P&S Syphilis,25-29,7,12.5,56000
47,Tennessee,TN,South,2015,Chlamydia,15-19,8829,2101.5,420128
47,Tennessee,TN,South,2015,Chlamydia,20-24,12524,2734.1,458067
47,Tennessee,TN,South,2015,Chlamydia,25-29,5580,1240.4,449855
47,Tennessee,TN,South,2015,Gonorrhea,15-19,1698,404.2,420128
47,Tennessee,TN,South,2015,Gonorrhea,20-24,2936,640.9,458067
47,Tennessee,TN,South,2015,Gonorrhea,25-29,1742,387.2,449855
47,Tennessee,TN,South,2015,P&S Syphilis,15-19,24,5.7,420128
47,Tennessee,TN,South,2015,P&S Syphilis,20-24,103,22.5,458067
47,Tennessee,TN,South,2015,P&S Syphilis,25-29,79,17.6,449855
48,Texas,TX,South,2015,Chlamydia,15-19,37326,1912.2,1951992
48,Texas,TX,South,2015,Chlamydia,20-24,54173,2692.4,2012071
48,Texas,TX,South,2015,Chlamydia,25-29,25530,1256.7,2031511
48,Texas,TX,South,2015,Gonorrhea,15-19,8432,432.0,1951992
48,Texas,TX,South,2015,Gonorrhea,20-24,13162,654.2,2012071
48,Texas,TX,South,2015,Gonorrhea,25-29,7914,389.6,2031511
48,Texas,TX,South,2015,P&S Syphilis,15-19,118,6.0,1951992
48,Texas,TX,South,2015,P&S Syphilis,20-24,431,21.4,2012071
48,Texas,TX,South,2015,P&S Syphilis,25-29,413,20.3,2031511
49,Utah,UT,West,2015,Chlamydia,15-19,2262,981.1,230558
49,Utah,UT,West,2015,Chlamydia,20-24,3064,1225.8,249959
49,Utah,UT,West,2015,Chlamydia,25-29,1520,693.4,219210
49,Utah,UT,West,2015,Gonorrhea,15-19,138,59.9,230558
49,Utah,UT,West,2015,Gonorrhea,20-24,372,148.8,249959
49,Utah,UT,West,2015,Gonorrhea,25-29,374,170.6,219210
49,Utah,UT,West,2015,P&S Syphilis,15-19,4,1.7,230558
49,Utah,UT,West,2015,P&S Syphilis,20-24,7,2.8,249959
49,Utah,UT,West,2015,P&S Syphilis,25-29,15,6.8,219210
50,Vermont,VT,Northeast,2015,Chlamydia,15-19,418,959.0,43587
50,Vermont,VT,Northeast,2015,Chlamydia,20-24,875,1862.9,46970
50,Vermont,VT,Northeast,2015,Chlamydia,25-29,346,966.3,35807
50,Vermont,VT,Northeast,2015,Gonorrhea,15-19,15,34.4,43587
50,Vermont,VT,Northeast,2015,Gonorrhea,20-24,58,123.5,46970
50,Vermont,VT,Northeast,2015,Gonorrhea,25-29,36,100.5,35807
50,Vermont,VT,Northeast,2015,P&S Syphilis,15-19,0,0.0,43587
50,Vermont,VT,Northeast,2015,P&S Syphilis,20-24,1,2.1,46970
50,Vermont,VT,Northeast,2015,P&S Syphilis,25-29,1,2.8,35807
51,Virginia,VA,South,2015,Chlamydia,15-19,8724,1625.2,536795
51,Virginia,VA,South,2015,Chlamydia,20-24,14842,2502.2,593158
51,Virginia,VA,South,2015,Chlamydia,25-29,6517,1104.6,589987
51,Virginia,VA,South,2015,Gonorrhea,15-19,1566,291.7,536795
51,Virginia,VA,South,2015,Gonorrhea,20-24,2928,493.6,593158
51,Virginia,VA,South,2015,Gonorrhea,25-29,1767,299.5,589987
51,Virginia,VA,South,2015,P&S Syphilis,15-19,14,2.6,536795
51,Virginia,VA,South,2015,P&S Syphilis,20-24,74,12.5,593158
51,Virginia,VA,South,2015,P&S Syphilis,25-29,86,14.6,589987
53,Washington,WA,West,2015,Chlamydia,15-19,6304,1427.4,441642
53,Washington,WA,West,2015,Chlamydia,20-24,10550,2152.8,490059
53,Washington,WA,West,2015,Chlamydia,25-29,5569,1050.3,530229
53,Washington,WA,West,2015,Gonorrhea,15-19,754,170.7,441642
53,Washington,WA,West,2015,Gonorrhea,20-24,1768,360.8,490059
53,Washington,WA,West,2015,Gonorrhea,25-29,1678,316.5,530229
53,Washington,WA,West,2015,P&S Syphilis,15-19,11,2.5,441642
53,Washington,WA,West,2015,P&S Syphilis,20-24,60,12.2,490059
53,Washington,WA,West,2015,P&S Syphilis,25-29,100,18.9,530229
54,West Virginia,WV,South,2015,Chlamydia,15-19,1473,1335.4,110304
54,West Virginia,WV,South,2015,Chlamydia,20-24,2113,1725.5,122457
54,West Virginia,WV,South,2015,Chlamydia,25-29,800,725.6,110254
54,West Virginia,WV,South,2015,Gonorrhea,15-19,140,126.9,110304
54,West Virginia,WV,South,2015,Gonorrhea,20-24,236,192.7,122457
54,West Virginia,WV,South,2015,Gonorrhea,25-29,161,146.0,110254
54,West Virginia,WV,South,2015,P&S Syphilis,15-19,2,1.8,110304
54,West Virginia,WV,South,2015,P&S Syphilis,20-24,13,10.6,122457
54,West Virginia,WV,South,2015,P&S Syphilis,25-29,9,8.2,110254
55,Wisconsin,WI,Midwest,2015,Chlamydia,15-19,6760,1766.9,382591
55,Wisconsin,WI,Midwest,2015,Chlamydia,20-24,9689,2372.3,408422
55,Wisconsin,WI,Midwest,2015,Chlamydia,25-29,4296,1208.5,355482
55,Wisconsin,WI,Midwest,2015,Gonorrhea,15-19,1333,348.4,382591
55,Wisconsin,WI,Midwest,2015,Gonorrhea,20-24,1688,413.3,408422
55,Wisconsin,WI,Midwest,2015,Gonorrhea,25-29,1001,281.6,355482
55,Wisconsin,WI,Midwest,2015,P&S Syphilis,15-19,5,1.3,382591
55,Wisconsin,WI,Midwest,2015,P&S Syphilis,20-24,15,3.7,408422
55,Wisconsin,WI,Midwest,2015,P&S Syphilis,25-29,16,4.5,355482
56,Wyoming,WY,West,2015,Chlamydia,15-19,592,1609.4,36784
56,Wyoming,WY,West,2015,Chlamydia,20-24,840,2017.1,41644
56,Wyoming,WY,West,2015,Chlamydia,25-29,320,784.2,40806
56,Wyoming,WY,West,2015,Gonorrhea,15-19,36,97.9,36784
56,Wyoming,WY,West,2015,Gonorrhea,20-24,45,108.1,41644
56,Wyoming,WY,West,2015,Gonorrhea,25-29,43,105.4,40806
56,Wyoming,WY,West,2015,P&S Syphilis,15-19,0,0.0,36784
56,Wyoming,WY,West,2015,P&S Syphilis,20-24,0,0.0,41644
56,Wyoming,WY,West,2015,P&S Syphilis,25-29,2,4.9,40806
01,Alabama,AL,South,2014,Chlamydia,15-19,8892,2793.3,318333
01,Alabama,AL,South,2014,Chlamydia,20-24,11983,3381.2,354401
01,Alabama,AL,South,2014,Chlamydia,25-29,4478,1414.2,316645
01,Alabama,AL,South,2014,Gonorrhea,15-19,1713,538.1,318333
01,Alabama,AL,South,2014,Gonorrhea,20-24,2955,833.8,354401
01,Alabama,AL,South,2014,Gonorrhea,25-29,1504,475.0,316645
01,Alabama,AL,South,2014,P&S Syphilis,15-19,16,5.0,318333
01,Alabama,AL,South,2014,P&S Syphilis,20-24,47,13.3,354401
01,Alabama,AL,South,2014,P&S Syphilis,25-29,42,13.3,316645
02,Alaska,AK,West,2014,Chlamydia,15-19,1319,2748.1,47997
02,Alaska,AK,West,2014,Chlamydia,20-24,2155,3572.1,60329
02,Alaska,AK,West,2014,Chlamydia,25-29,1178,1935.0,60879
02,Alaska,AK,West,2014,Gonorrhea,15-19,128,266.7,47997
02,Alaska,AK,West,2014,Gonorrhea,20-24,356,590.1,60329
02,Alaska,AK,West,2014,Gonorrhea,25-29,322,528.9,60879
02,Alaska,AK,West,2014,P&S Syphilis,15-19,1,2.1,47997
02,Alaska,AK,West,2014,P&S Syphilis,20-24,2,3.3,60329
02,Alaska,AK,West,2014,P&S Syphilis,25-29,5,8.2,60879
04,Arizona,AZ,West,2014,Chlamydia,15-19,7726,1696.7,455355
04,Arizona,AZ,West,2014,Chlamydia,20-24,12528,2536.6,493889
04,Arizona,AZ,West,2014,Chlamydia,25-29,6013,1318.3,456118
04,Arizona,AZ,West,2014,Gonorrhea,15-19,1215,266.8,455355
04,Arizona,AZ,West,2014,Gonorrhea,20-24,2400,485.9,493889
04,Arizona,AZ,West,2014,Gonorrhea,25-29,1616,354.3,456118
04,Arizona,AZ,West,2014,P&S Syphilis,15-19,32,7.0,455355
04,Arizona,AZ,West,2014,P&S Syphilis,20-24,130,26.3,493889
04,Arizona,AZ,West,2014,P&S Syphilis,25-29,101,22.1,456118
05,Arkansas,AR,South,2014,Chlamydia,15-19,4938,2507.8,196906
05,Arkansas,AR,South,2014,Chlamydia,20-24,6177,2904.3,212685
05,Arkansas,AR,South,2014,Chlamydia,25-29,2490,1292.4,192665
05,Arkansas,AR,South,2014,Gonorrhea,15-19,1096,556.6,196906
05,Arkansas,AR,South,2014,Gonorrhea,20-24,1680,789.9,212685
05,Arkansas,AR,South,2014,Gonorrhea,25-29,837,434.4,192665
05,Arkansas,AR,South,2014,P&S Syphilis,15-19,9,4.6,196906
05,Arkansas,AR,South,2014,P&S Syphilis,20-24,27,12.7,212685
05,Arkansas,AR,South,2014,P&S Syphilis,25-29,26,13.5,192665
06,California,CA,West,2014,Chlamydia,15-19,35011,1337.5,2617645
06,California,CA,West,2014,Chlamydia,20-24,66081,2266.0,2916196
06,California,CA,West,2014,Chlamydia,25-29,34865,1199.1,2907597
06,California,CA,West,2014,Gonorrhea,15-19,5693,217.5,2617645
06,California,CA,West,2014,Gonorrhea,20-24,12165,417.2,2916196
06,California,CA,West,2014,Gonorrhea,25-29,9707,333.9,2907597
06,California,CA,West,2014,P&S Syphilis,15-19,156,6.0,2617645
06,California,CA,West,2014,P&S Syphilis,20-24,572,19.6,2916196
06,California,CA,West,2014,P&S Syphilis,25-29,686,23.6,2907597
08,Colorado,CO,West,2014,Chlamydia,15-19,5390,1577.1,341767
08,Colorado,CO,West,2014,Chlamydia,20-24,8514,2263.7,376110
08,Colorado,CO,West,2014,Chlamydia,25-29,4066,1017.0,399803
08,Colorado,CO,West,2014,Gonorrhea,15-19,430,125.8,341767
08,Colorado,CO,West,2014,Gonorrhea,20-24,1013,269.3,376110
08,Colorado,CO,West,2014,Gonorrhea,25-29,751,187.8,399803
08,Colorado,CO,West,2014,P&S Syphilis,15-19,8,2.3,341767
08,Colorado,CO,West,2014,P&S Syphilis,20-24,46,12.2,376110
08,Colorado,CO,West,2014,P&S Syphilis,25-29,36,9.0,399803
09,Connecticut,CT,Northeast,2014,Chlamydia,15-19,3521,1396.8,252076
09,Connecticut,CT,Northeast,2014,Chlamydia,20-24,5219,2138.7,244027
09,Connecticut,CT,Northeast,2014,Chlamydia,25-29,2421,1099.5,220191
09,Connecticut,CT,Northeast,2014,Gonorrhea,15-19,335,132.9,252076
09,Connecticut,CT,Northeast,2014,Gonorrhea,20-24,709,290.5,244027
09,Connecticut,CT,Northeast,2014,Gonorrhea,25-29,451,204.8,220191
09,Connecticut,CT,Northeast,2014,P&S Syphilis,15-19,8,3.2,252076
09,Connecticut,CT,Northeast,2014,P&S Syphilis,20-24,18,7.4,244027
09,Connecticut,CT,Northeast,2014,P&S Syphilis,25-29,21,9.5,220191
10,Delaware,DE,South,2014,Chlamydia,15-19,1198,2009.2,59626
10,Delaware,DE,South,2014,Chlamydia,20-24,1885,2930.1,64332
10,Delaware,DE,South,2014,Chlamydia,25-29,728,1143.6,63659
10,Delaware,DE,South,2014,Gonorrhea,15-19,229,384.1,59626
10,Delaware,DE,South,2014,Gonorrhea,20-24,430,668.4,64332
10,Delaware,DE,South,2014,Gonorrhea,25-29,273,428.8,63659
10,Delaware,DE,South,2014,P&S Syphilis,15-19,1,1.7,59626
10,Delaware,DE,South,2014,P&S Syphilis,20-24,12,18.7,64332
10,Delaware,DE,South,2014,P&S Syphilis,25-29,10,15.7,63659
11,District of Columbia,DC,South,2014,Chlamydia,15-19,1514,4085.4,37059
11,District of Columbia,DC,South,2014,Chlamydia,20-24,2038,3641.6,55964
11,District of Columbia,DC,South,2014,Chlamydia,25-29,836,1032.9,80937
11,District of Columbia,DC,South,2014,Gonorrhea,15-19,442,1192.7,37059
11,District of Columbia,DC,South,2014,Gonorrhea,20-24,573,1023.9,55964
11,District of Columbia,DC,South,2014,Gonorrhea,25-29,346,427.5,80937
11,District of Columbia,DC,South,2014,P&S Syphilis,15-19,5,13.5,37059
11,District of Columbia,DC,South,2014,P&S Syphilis,20-24,11,19.7,55964
11,District of Columbia,DC,South,2014,P&S Syphilis,25-29,22,27.2,80937
12,Florida,FL,South,2014,Chlamydia,15-19,20923,1784.3,1172617
12,Florida,FL,South,2014,Chlamydia,20-24,33417,2538.2,1316563
12,Florida,FL,South,2014,Chlamydia,25-29,15610,1206.3,1294040
12,Florida,FL,South,2014,Gonorrhea,15-19,3668,312.8,1172617
12,Florida,FL,South,2014,Gonorrhea,20-24,6914,525.2,1316563
12,Florida,FL,South,2014,Gonorrhea,25-29,4145,320.3,1294040
12,Florida,FL,South,2014,P&S Syphilis,15-19,94,8.0,1172617
12,Florida,FL,South,2014,P&S Syphilis,20-24,334,25.4,1316563
12,Florida,FL,South,2014,P&S Syphilis,25-29,338,26.1,1294040
13,Georgia,GA,South,2014,Chlamydia,15-19,15023,2156.4,696670
13,Georgia,GA,South,2014,Chlamydia,20-24,20747,2834.5,731946
13,Georgia,GA,South,2014,Chlamydia,25-29,8513,1229.4,692452
13,Georgia,GA,South,2014,Gonorrhea,15-19,2914,418.3,696670
13,Georgia,GA,South,2014,Gonorrhea,20-24,4980,680.4,731946
13,Georgia,GA,South,2014,Gonorrhea,25-29,2708,391.1,692452
13,Georgia,GA,South,2014,P&S Syphilis,15-19,62,8.9,696670
13,Georgia,GA,South,2014,P&S Syphilis,20-24,285,38.9,731946
13,Georgia,GA,South,2014,P&S Syphilis,25-29,305,44.0,692452
15,Hawaii,HI,West,2014,Chlamydia,15-19,1242,1579.2,78647
15,Hawaii,HI,West,2014,Chlamydia,20-24,2471,2425.5,101876
15,Hawaii,HI,West,2014,Chlamydia,25-29,1252,1212.3,103275
15,Hawaii,HI,West,2014,Gonorrhea,15-19,106,134.8,78647
15,Hawaii,HI,West,2014,Gonorrhea,20-24,310,304.3,101876
15,Hawaii,HI,West,2014,Gonorrhea,25-29,200,193.7,103275
15,Hawaii,HI,West,2014,P&S Syphilis,15-19,4,5.1,78647
15,Hawaii,HI,West,2014,P&S Syphilis,20-24,14,13.7,101876
15,Hawaii,HI,West,2014,P&S Syphilis,25-29,18,17.4,103275
16,Idaho,ID,West,2014,Chlamydia,15-19,1624,1404.3,115645
16,Idaho,ID,West,2014,Chlamydia,20-24,2170,1922.2,112891
16,Idaho,ID,West,2014,Chlamydia,25-29,911,854.6,106600
16,Idaho,ID,West,2014,Gonorrhea,15-19,77,66.6,115645
16,Idaho,ID,West,2014,Gonorrhea,20-24,154,136.4,112891
16,Idaho,ID,West,2014,Gonorrhea,25-29,98,91.9,106600
16,Idaho,ID,West,2014,P&S Syphilis,15-19,0,0.0,115645
16,Idaho,ID,West,2014,P&S Syphilis,20-24,2,1.8,112891
16,Idaho,ID,West,2014,P&S Syphilis,25-29,3,2.8,106600
17,Illinois,IL,Midwest,2014,Chlamydia,15-19,19531,2269.4,860624
17,Illinois,IL,Midwest,2014,Chlamydia,20-24,26232,2892.2,906991
17,Illinois,IL,Midwest,2014,Chlamydia,25-29,10913,1217.8,896124
17,Illinois,IL,Midwest,2014,Gonorrhea,15-19,4069,472.8,860624
17,Illinois,IL,Midwest,2014,Gonorrhea,20-24,5692,627.6,906991
17,Illinois,IL,Midwest,2014,Gonorrhea,25-29,2805,313.0,896124
17,Illinois,IL,Midwest,2014,P&S Syphilis,15-19,31,3.6,860624
17,Illinois,IL,Midwest,2014,P&S Syphilis,20-24,169,18.6,906991
17,Illinois,IL,Midwest,2014,P&S Syphilis,25-29,192,21.4,896124
18,Indiana,IN,Midwest,2014,Chlamydia,15-19,8205,1800.9,455606
18,Indiana,IN,Midwest,2014,Chlamydia,20-24,11698,2391.4,489170
18,Indiana,IN,Midwest,2014,Chlamydia,25-29,4704,1115.3,421770
18,Indiana,IN,Midwest,2014,Gonorrhea,15-19,1620,355.6,455606
18,Indiana,IN,Midwest,2014,Gonorrhea,20-24,2651,541.9,489170
18,Indiana,IN,Midwest,2014,Gonorrhea,25-29,1359,322.2,421770
18,Indiana,IN,Midwest,2014,P&S Syphilis,15-19,4,0.9,455606
18,Indiana,IN,Midwest,2014,P&S Syphilis,20-24,52,10.6,489170
18,Indiana,IN,Midwest,2014,P&S Syphilis,25-29,35,8.3,421770
19,Iowa,IA,Midwest,2014,Chlamydia,15-19,3160,1477.7,213846
19,Iowa,IA,Midwest,2014,Chlamydia,20-24,5018,2147.5,233667
19,Iowa,IA,Midwest,2014,Chlamydia,25-29,1979,1033.4,191504
19,Iowa,IA,Midwest,2014,Gonorrhea,15-19,346,161.8,213846
19,Iowa,IA,Midwest,2014,Gonorrhea,20-24,557,238.4,233667
19,Iowa,IA,Midwest,2014,Gonorrhea,25-29,330,172.3,191504
19,Iowa,IA,Midwest,2014,P&S Syphilis,15-19,6,2.8,213846
19,Iowa,IA,Midwest,2014,P&S Syphilis,20-24,19,8.1,233667
19,Iowa,IA,Midwest,2014,P&S Syphilis,25-29,7,3.7,191504
20,Kansas,KS,Midwest,2014,Chlamydia,15-19,3154,1579.1,199734
20,Kansas,KS,Midwest,2014,Chlamydia,20-24,4514,2050.8,220109
20,Kansas,KS,Midwest,2014,Chlamydia,25-29,1918,1003.6,191112
20,Kansas,KS,Midwest,2014,Gonorrhea,15-19,489,244.8,199734
20,Kansas,KS,Midwest,2014,Gonorrhea,20-24,872,396.2,220109
20,Kansas,KS,Midwest,2014,Gonorrhea,25-29,582,304.5,191112
20,Kansas,KS,Midwest,2014,P&S Syphilis,15-19,5,2.5,199734
20,Kansas,KS,Midwest,2014,P&S Syphilis,20-24,11,5.0,220109
20,Kansas,KS,Midwest,2014,P&S Syphilis,25-29,10,5.2,191112
21,Kentucky,KY,South,2014,Chlamydia,15-19,4999,1758.7,284244
21,Kentucky,KY,South,2014,Chlamydia,20-24,7112,2241.3,317316
21,Kentucky,KY,South,2014,Chlamydia,25-29,2949,1043.8,282525
21,Kentucky,KY,South,2014,Gonorrhea,15-19,815,286.7,284244
21,Kentucky,KY,South,2014,Gonorrhea,20-24,1542,486.0,317316
21,Kentucky,KY,South,2014,Gonorrhea,25-29,850,300.9,282525
21,Kentucky,KY,South,2014,P&S Syphilis,15-19,6,2.1,284244
21,Kentucky,KY,South,2014,P&S Syphilis,20-24,34,10.7,317316
21,Kentucky,KY,South,2014,P&S Syphilis,25-29,25,8.8,282525
22,Louisiana,LA,South,2014,Chlamydia,15-19,9369,3130.4,299291
22,Louisiana,LA,South,2014,Chlamydia,20-24,11128,3185.7,349311
22,Louisiana,LA,South,2014,Chlamydia,25-29,4638,1362.3,340454
22,Louisiana,LA,South,2014,Gonorrhea,15-19,2486,830.6,299291
22,Louisiana,LA,South,2014,Gonorrhea,20-24,3251,930.7,349311
22,Louisiana,LA,South,2014,Gonorrhea,25-29,1607,472.0,340454
22,Louisiana,LA,South,2014,P&S Syphilis,15-19,66,22.1,299291
22,Louisiana,LA,South,2014,P&S Syphilis,20-24,159,45.5,349311
22,Louisiana,LA,South,2014,P&S Syphilis,25-29,115,33.8,340454
23,Maine,ME,Northeast,2014,Chlamydia,15-19,928,1130.1,82117
23,Maine,ME,Northeast,2014,Chlamydia,20-24,1476,1846.3,79944
23,Maine,ME,Northeast,2014,Chlamydia,25-29,639,828.4,77137
23,Maine,ME,Northeast,2014,Gonorrhea,15-19,28,34.1,82117
23,Maine,ME,Northeast,2014,Gonorrhea,20-24,74,92.6,79944
23,Maine,ME,Northeast,2014,Gonorrhea,25-29,54,70.0,77137
23,Maine,ME,Northeast,2014,P&S Syphilis,15-19,1,1.2,82117
23,Maine,ME,Northeast,2014,P&S Syphilis,20-24,3,3.8,79944
23,Maine,ME,Northeast,2014,P&S Syphilis,25-29,2,2.6,77137
24,Maryland,MD,South,2014,Chlamydia,15-19,7940,2054.5,386469
24,Maryland,MD,South,2014,Chlamydia,20-24,10701,2665.1,401523
24,Maryland,MD,South,2014,Chlamydia,25-29,4659,1124.2,414428
24,Maryland,MD,South,2014,Gonorrhea,15-19,1312,339.5,386469
24,Maryland,MD,South,2014,Gonorrhea,20-24,1925,479.4,401523
24,Maryland,MD,South,2014,Gonorrhea,25-29,1161,280.1,414428
24,Maryland,MD,South,2014,P&S Syphilis,15-19,25,6.5,386469
24,Maryland,MD,South,2014,P&S Syphilis,20-24,89,22.2,401523
24,Maryland,MD,South,2014,P&S Syphilis,25-29,105,25.3,414428
25,Massachusetts,MA,Northeast,2014,Chlamydia,15-19,4563,991.4,460258
25,Massachusetts,MA,Northeast,2014,Chlamydia,20-24,8528,1730.5,492806
25,Massachusetts,MA,Northeast,2014,Chlamydia,25-29,4222,863.7,488827
25,Massachusetts,MA,Northeast,2014,Gonorrhea,15-19,434,94.3,460258
25,Massachusetts,MA,Northeast,2014,Gonorrhea,20-24,1183,240.1,492806
25,Massachusetts,MA,Northeast,2014,Gonorrhea,25-29,886,181.2,488827
25,Massachusetts,MA,Northeast,2014,P&S Syphilis,15-19,10,2.2,460258
25,Massachusetts,MA,Northeast,2014,P&S Syphilis,20-24,49,9.9,492806
25,Massachusetts,MA,Northeast,2014,P&S Syphilis,25-29,58,11.9,488827
26,Michigan,MI,Midwest,2014,Chlamydia,15-19,13501,1988.2,679056
26,Michigan,MI,Midwest,2014,Chlamydia,20-24,18239,2454.2,743175
26,Michigan,MI,Midwest,2014,Chlamydia,25-29,6693,1103.5,606525
26,Michigan,MI,Midwest,2014,Gonorrhea,15-19,2257,332.4,679056
26,Michigan,MI,Midwest,2014,Gonorrhea,20-24,3587,482.7,743175
26,Michigan,MI,Midwest,2014,Gonorrhea,25-29,1689,278.5,606525
26,Michigan,MI,Midwest,2014,P&S Syphilis,15-19,25,3.7,679056
26,Michigan,MI,Midwest,2014,P&S Syphilis,20-24,126,17.0,743175
26,Michigan,MI,Midwest,2014,P&S Syphilis,25-29,86,14.2,606525
27,Minnesota,MN,Midwest,2014,Chlamydia,15-19,5156,1448.2,356028
27,Minnesota,MN,Midwest,2014,Chlamydia,20-24,7983,2186.1,365171
27,Minnesota,MN,Midwest,2014,Chlamydia,25-29,3475,952.2,364944
27,Minnesota,MN,Midwest,2014,Gonorrhea,15-19,801,225.0,356028
27,Minnesota,MN,Midwest,2014,Gonorrhea,20-24,1288,352.7,365171
27,Minnesota,MN,Midwest,2014,Gonorrhea,25-29,812,222.5,364944
27,Minnesota,MN,Midwest,2014,P&S Syphilis,15-19,10,2.8,356028
27,Minnesota,MN,Midwest,2014,P&S Syphilis,20-24,53,14.5,365171
27,Minnesota,MN,Midwest,2014,P&S Syphilis,25-29,50,13.7,364944
28,Mississippi,MS,South,2014,Chlamydia,15-19,6691,3220.8,207743
28,Mississippi,MS,South,2014,Chlamydia,20-24,7826,3450.8,226788
28,Mississippi,MS,South,2014,Chlamydia,25-29,2865,1458.7,196408
28,Mississippi,MS,South,2014,Gonorrhea,15-19,1571,756.2,207743
28,Mississippi,MS,South,2014,Gonorrhea,20-24,2231,983.7,226788
28,Mississippi,MS,South,2014,Gonorrhea,25-29,888,452.1,196408
28,Mississippi,MS,South,2014,P&S Syphilis,15-19,24,11.6,207743
28,Mississippi,MS,South,2014,P&S Syphilis,20-24,72,31.7,226788
28,Mississippi,MS,South,2014,P&S Syphilis,25-29,42,21.4,196408
29,Missouri,MO,Midwest,2014,Chlamydia,15-19,8183,2072.9,394761
29,Missouri,MO,Midwest,2014,Chlamydia,20-24,11394,2621.1,434703
29,Missouri,MO,Midwest,2014,Chlamydia,25-29,4537,1131.3,401043
29,Missouri,MO,Midwest,2014,Gonorrhea,15-19,1620,410.4,394761
29,Missouri,MO,Midwest,2014,Gonorrhea,20-24,2650,609.6,434703
29,Missouri,MO,Midwest,2014,Gonorrhea,25-29,1442,359.6,401043
29,Missouri,MO,Midwest,2014,P&S Syphilis,15-19,9,2.3,394761
29,Missouri,MO,Midwest,2014,P&S Syphilis,20-24,59,13.6,434703
29,Missouri,MO,Midwest,2014,P&S Syphilis,25-29,58,14.5,401043
30,Montana,MT,West,2014,Chlamydia,15-19,1175,1843.9,63724
30,Montana,MT,West,2014,Chlamydia,20-24,1659,2237.8,74135
30,Montana,MT,West,2014,Chlamydia,25-29,749,1171.3,63946
30,Montana,MT,West,2014,Gonorrhea,15-19,63,98.9,63724
30,Montana,MT,West,2014,Gonorrhea,20-24,130,175.4,74135
30,Montana,MT,West,2014,Gonorrhea,25-29,96,150.1,63946
30,Montana,MT,West,2014,P&S Syphilis,15-19,2,3.1,63724
30,Montana,MT,West,2014,P&S Syphilis,20-24,0,0.0,74135
30,Montana,MT,West,2014,P&S Syphilis,25-29,3,4.7,63946
31,Nebraska,NE,Midwest,2014,Chlamydia,15-19,1925,1508.9,127576
31,Nebraska,NE,Midwest,2014,Chlamydia,20-24,3090,2257.5,136877
31,Nebraska,NE,Midwest,2014,Chlamydia,25-29,1391,1120.0,124196
31,Nebraska,NE,Midwest,2014,Gonorrhea,15-19,252,197.5,127576
31,Nebraska,NE,Midwest,2014,Gonorrhea,20-24,494,360.9,136877
31,Nebraska,NE,Midwest,2014,Gonorrhea,25-29,321,258.5,124196
31,Nebraska,NE,Midwest,2014,P&S Syphilis,15-19,0,0.0,127576
31,Nebraska,NE,Midwest,2014,P&S Syphilis,20-24,13,9.5,136877
31,Nebraska,NE,Midwest,2014,P&S Syphilis,25-29,11,8.9,124196
32,Nevada,NV,West,2014,Chlamydia,15-19,2876,1647.7,174546
32,Nevada,NV,West,2014,Chlamydia,20-24,4519,2432.4,185784
32,Nevada,NV,West,2014,Chlamydia,25-29,2230,1099.8,202764
32,Nevada,NV,West,2014,Gonorrhea,15-19,522,299.1,174546
32,Nevada,NV,West,2014,Gonorrhea,20-24,830,446.8,185784
32,Nevada,NV,West,2014,Gonorrhea,25-29,672,331.4,202764
32,Nevada,NV,West,2014,P&S Syphilis,15-19,13,7.4,174546
32,Nevada,NV,West,2014,P&S Syphilis,20-24,79,42.5,185784
32,Nevada,NV,West,2014,P&S Syphilis,25-29,73,36.0,202764
33,New Hampshire,NH,Northeast,2014,Chlamydia,15-19,790,878.5,89926
33,New Hampshire,NH,Northeast,2014,Chlamydia,20-24,1587,1730.3,91718
33,New Hampshire,NH,Northeast,2014,Chlamydia,25-29,675,858.5,78626
33,New Hampshire,NH,Northeast,2014,Gonorrhea,15-19,28,31.1,89926
33,New Hampshire,NH,Northeast,2014,Gonorrhea,20-24,63,68.7,91718
33,New Hampshire,NH,Northeast,2014,Gonorrhea,25-29,60,76.3,78626
33,New Hampshire,NH,Northeast,2014,P&S Syphilis,15-19,2,2.2,89926
33,New Hampshire,NH,Northeast,2014,P&S Syphilis,20-24,7,7.6,91718
33,New Hampshire,NH,Northeast,2014,P&S Syphilis,25-29,3,3.8,78626
34,New Jersey,NJ,Northeast,2014,Chlamydia,15-19,6546,1143.9,572253
34,New Jersey,NJ,Northeast,2014,Chlamydia,20-24,12311,2163.2,569111
34,New Jersey,NJ,Northeast,2014,Chlamydia,25-29,5731,1032.1,555276
34,New Jersey,NJ,Northeast,2014,Gonorrhea,15-19,1348,235.6,572253
34,New Jersey,NJ,Northeast,2014,Gonorrhea,20-24,2239,393.4,569111
34,New Jersey,NJ,Northeast,2014,Gonorrhea,25-29,1258,226.6,555276
34,New Jersey,NJ,Northeast,2014,P&S Syphilis,15-19,1,0.2,572253
34,New Jersey,NJ,Northeast,2014,P&S Syphilis,20-24,64,11.2,569111
34,New Jersey,NJ,Northeast,2014,P&S Syphilis,25-29,55,9.9,555276
35,New Mexico,NM,West,2014,Chlamydia,15-19,2932,2096.4,139859
35,New Mexico,NM,West,2014,Chlamydia,20-24,4253,2767.0,153704
35,New Mexico,NM,West,2014,Chlamydia,25-29,2205,1563.3,141048
35,New Mexico,NM,West,2014,Gonorrhea,15-19,303,216.7,139859
35,New Mexico,NM,West,2014,Gonorrhea,20-24,708,460.6,153704
35,New Mexico,NM,West,2014,Gonorrhea,25-29,521,369.4,141048
35,New Mexico,NM,West,2014,P&S Syphilis,15-19,10,7.2,139859
35,New Mexico,NM,West,2014,P&S Syphilis,20-24,27,17.6,153704
35,New Mexico,NM,West,2014,P&S Syphilis,25-29,25,17.7,141048
36,New York,NY,Northeast,2014,Chlamydia,15-19,24937,1992.9,1251292
36,New York,NY,Northeast,2014,Chlamydia,20-24,34914,2454.4,1422507
36,New York,NY,Northeast,2014,Chlamydia,25-29,18471,1259.4,1466651
36,New York,NY,Northeast,2014,Gonorrhea,15-19,3412,272.7,1251292
36,New York,NY,Northeast,2014,Gonorrhea,20-24,5864,412.2,1422507
36,New York,NY,Northeast,2014,Gonorrhea,25-29,4602,313.8,1466651
36,New York,NY,Northeast,2014,P&S Syphilis,15-19,67,5.4,1251292
36,New York,NY,Northeast,2014,P&S Syphilis,20-24,281,19.8,1422507
36,New York,NY,Northeast,2014,P&S Syphilis,25-29,344,23.5,1466651
37,North Carolina,NC,South,2014,Chlamydia,15-19,13153,2018.0,651784
37,North Carolina,NC,South,2014,Chlamydia,20-24,19625,2763.0,710279
37,North Carolina,NC,South,2014,Chlamydia,25-29,7837,1194.5,656090
37,North Carolina,NC,South,2014,Gonorrhea,15-19,2916,447.4,651784
37,North Carolina,NC,South,2014,Gonorrhea,20-24,5612,790.1,710279
37,North Carolina,NC,South,2014,Gonorrhea,25-29,2790,425.2,656090
37,North Carolina,NC,South,2014,P&S Syphilis,15-19,43,6.6,651784
37,North Carolina,NC,South,2014,P&S Syphilis,20-24,184,25.9,710279
37,North Carolina,NC,South,2014,P&S Syphilis,25-29,162,24.7,656090
38,North Dakota,ND,Midwest,2014,Chlamydia,15-19,772,1611.1,47918
38,North Dakota,ND,Midwest,2014,Chlamydia,20-24,1508,2193.0,68764
38,North Dakota,ND,Midwest,2014,Chlamydia,25-29,673,1181.7,56952
38,North Dakota,ND,Midwest,2014,Gonorrhea,15-19,131,273.4,47918
38,North Dakota,ND,Midwest,2014,Gonorrhea,20-24,267,388.3,68764
38,North Dakota,ND,Midwest,2014,Gonorrhea,25-29,155,272.2,56952
38,North Dakota,ND,Midwest,2014,P&S Syphilis,15-19,1,2.1,47918
38,North Dakota,ND,Midwest,2014,P&S Syphilis,20-24,3,4.4,68764
38,North Dakota,ND,Midwest,2014,P&S Syphilis,25-29,4,7.0,56952
39,Ohio,OH,Midwest,2014,Chlamydia,15-19,17112,2213.3,773144
39,Ohio,OH,Midwest,2014,Chlamydia,20-24,21721,2713.1,800597
39,Ohio,OH,Midwest,2014,Chlamydia,25-29,8603,1150.8,747567
39,Ohio,OH,Midwest,2014,Gonorrhea,15-19,3923,507.4,773144
39,Ohio,OH,Midwest,2014,Gonorrhea,20-24,5442,679.7,800597
39,Ohio,OH,Midwest,2014,Gonorrhea,25-29,2922,390.9,747567
39,Ohio,OH,Midwest,2014,P&S Syphilis,15-19,25,3.2,773144
39,Ohio,OH,Midwest,2014,P&S Syphilis,20-24,127,15.9,800597
39,Ohio,OH,Midwest,2014,P&S Syphilis,25-29,142,19.0,747567
40,Oklahoma,OK,South,2014,Chlamydia,15-19,5887,2287.5,257355
40,Oklahoma,OK,South,2014,Chlamydia,20-24,8498,2932.9,289747
40,Oklahoma,OK,South,2014,Chlamydia,25-29,3556,1331.0,267168
40,Oklahoma,OK,South,2014,Gonorrhea,15-19,1266,491.9,257355
40,Oklahoma,OK,South,2014,Gonorrhea,20-24,2166,747.5,289747
40,Oklahoma,OK,South,2014,Gonorrhea,25-29,1305,488.4,267168
40,Oklahoma,OK,South,2014,P&S Syphilis,15-19,5,1.9,257355
40,Oklahoma,OK,South,2014,P&S Syphilis,20-24,29,10.0,289747
40,Oklahoma,OK,South,2014,P&S Syphilis,25-29,38,14.2,267168
41,Oregon,OR,West,2014,Chlamydia,15-19,3871,1588.1,243750
41,Oregon,OR,West,2014,Chlamydia,20-24,5788,2159.6,268013
41,Oregon,OR,West,2014,Chlamydia,25-29,2762,1032.8,267428
41,Oregon,OR,West,2014,Gonorrhea,15-19,212,87.0,243750
41,Oregon,OR,West,2014,Gonorrhea,20-24,559,208.6,268013
41,Oregon,OR,West,2014,Gonorrhea,25-29,539,201.6,267428
41,Oregon,OR,West,2014,P&S Syphilis,15-19,10,4.1,243750
41,Oregon,OR,West,2014,P&S Syphilis,20-24,39,14.6,268013
41,Oregon,OR,West,2014,P&S Syphilis,25-29,39,14.6,267428
42,Pennsylvania,PA,Northeast,2014,Chlamydia,15-19,15175,1812.6,837195
42,Pennsylvania,PA,Northeast,2014,Chlamydia,20-24,19923,2261.9,880808
42,Pennsylvania,PA,Northeast,2014,Chlamydia,25-29,8383,993.0,844209
42,Pennsylvania,PA,Northeast,2014,Gonorrhea,15-19,2929,349.9,837195
42,Pennsylvania,PA,Northeast,2014,Gonorrhea,20-24,4335,492.2,880808
42,Pennsylvania,PA,Northeast,2014,Gonorrhea,25-29,2360,279.6,844209
42,Pennsylvania,PA,Northeast,2014,P&S Syphilis,15-19,43,5.1,837195
42,Pennsylvania,PA,Northeast,2014,P&S Syphilis,20-24,128,14.5,880808
42,Pennsylvania,PA,Northeast,2014,P&S Syphilis,25-29,132,15.6,844209
44,Rhode Island,RI,Northeast,2014,Chlamydia,15-19,1144,1537.4,74411
44,Rhode Island,RI,Northeast,2014,Chlamydia,20-24,1794,2179.7,82305
44,Rhode Island,RI,Northeast,2014,Chlamydia,25-29,755,1041.0,72526
44,Rhode Island,RI,Northeast,2014,Gonorrhea,15-19,65,87.4,74411
44,Rhode Island,RI,Northeast,2014,Gonorrhea,20-24,182,221.1,82305
44,Rhode Island,RI,Northeast,2014,Gonorrhea,25-29,105,144.8,72526
44,Rhode Island,RI,Northeast,2014,P&S Syphilis,15-19,2,2.7,74411
44,Rhode Island,RI,Northeast,2014,P&S Syphilis,20-24,15,18.2,82305
44,Rhode Island,RI,Northeast,2014,P&S Syphilis,25-29,16,22.1,72526
45,South Carolina,SC,South,2014,Chlamydia,15-19,7922,2550.7,310581
45,South Carolina,SC,South,2014,Chlamydia,20-24,11507,3263.9,352554
45,South Carolina,SC,South,2014,Chlamydia,25-29,4822,1510.4,319253
45,South Carolina,SC,South,2014,Gonorrhea,15-19,1797,578.6,310581
45,South Carolina,SC,South,2014,Gonorrhea,20-24,3111,882.4,352554
45,South Carolina,SC,South,2014,Gonorrhea,25-29,1606,503.1,319253
45,South Carolina,SC,South,2014,P&S Syphilis,15-19,14,4.5,310581
45,South Carolina,SC,South,2014,P&S Syphilis,20-24,71,20.1,352554
45,South Carolina,SC,South,2014,P&S Syphilis,25-29,63,19.7,319253
46,South Dakota,SD,Midwest,2014,Chlamydia,15-19,1136,2007.6,56585
46,South Dakota,SD,Midwest,2014,Chlamydia,20-24,1605,2641.2,60768
46,South Dakota,SD,Midwest,2014,Chlamydia,25-29,771,1370.7,56249
46,South Dakota,SD,Midwest,2014,Gonorrhea,15-19,159,281.0,56585
46,South Dakota,SD,Midwest,2014,Gonorrhea,20-24,294,483.8,60768
46,South Dakota,SD,Midwest,2014,Gonorrhea,25-29,205,364.5,56249
46,South Dakota,SD,Midwest,2014,P&S Syphilis,15-19,12,21.2,56585
46,South Dakota,SD,Midwest,2014,P&S Syphilis,20-24,14,23.0,60768
46,South Dakota,SD,Midwest,2014,P&S Syphilis,25-29,9,16.0,56249
47,Tennessee,TN,South,2014,Chlamydia,15-19,9036,2163.8,417599
47,Tennessee,TN,South,2014,Chlamydia,20-24,12359,2671.1,462693
47,Tennessee,TN,South,2014,Chlamydia,25-29,5244,1205.3,435078
47,Tennessee,TN,South,2014,Gonorrhea,15-19,1563,374.3,417599
47,Tennessee,TN,South,2014,Gonorrhea,20-24,2699,583.3,462693
47,Tennessee,TN,South,2014,Gonorrhea,25-29,1446,332.3,435078
47,Tennessee,TN,South,2014,P&S Syphilis,15-19,23,5.5,417599
47,Tennessee,TN,South,2014,P&S Syphilis,20-24,68,14.7,462693
47,Tennessee,TN,South,2014,P&S Syphilis,25-29,47,10.8,435078
48,Texas,TX,South,2014,Chlamydia,15-19,35270,1838.7,1918203
48,Texas,TX,South,2014,Chlamydia,20-24,51221,2561.5,1999649
48,Texas,TX,South,2014,Chlamydia,25-29,22973,1163.1,1975153
48,Texas,TX,South,2014,Gonorrhea,15-19,7861,409.8,1918203
48,Texas,TX,South,2014,Gonorrhea,20-24,12113,605.8,1999649
48,Texas,TX,South,2014,Gonorrhea,25-29,6872,347.9,1975153
48,Texas,TX,South,2014,P&S Syphilis,15-19,96,5.0,1918203
48,Texas,TX,South,2014,P&S Syphilis,20-24,430,21.5,1999649
48,Texas,TX,South,2014,P&S Syphilis,25-29,377,19.1,1975153
49,Utah,UT,West,2014,Chlamydia,15-19,2145,952.7,225150
49,Utah,UT,West,2014,Chlamydia,20-24,3022,1216.4,248438
49,Utah,UT,West,2014,Chlamydia,25-29,1449,672.9,215337
49,Utah,UT,West,2014,Gonorrhea,15-19,150,66.6,225150
49,Utah,UT,West,2014,Gonorrhea,20-24,396,159.4,248438
49,Utah,UT,West,2014,Gonorrhea,25-29,320,148.6,215337
49,Utah,UT,West,2014,P&S Syphilis,15-19,1,0.4,225150
49,Utah,UT,West,2014,P&S Syphilis,20-24,6,2.4,248438
49,Utah,UT,West,2014,P&S Syphilis,25-29,6,2.8,215337
50,Vermont,VT,Northeast,2014,Chlamydia,15-19,628,1429.2,43941
50,Vermont,VT,Northeast,2014,Chlamydia,20-24,964,2085.0,46235
50,Vermont,VT,Northeast,2014,Chlamydia,25-29,325,915.0,35519
50,Vermont,VT,Northeast,2014,Gonorrhea,15-19,9,20.5,43941
50,Vermont,VT,Northeast,2014,Gonorrhea,20-24,29,62.7,46235
50,Vermont,VT,Northeast,2014,Gonorrhea,25-29,29,81.6,35519
50,Vermont,VT,Northeast,2014,P&S Syphilis,15-19,0,0.0,43941
50,Vermont,VT,Northeast,2014,P&S Syphilis,20-24,1,2.2,46235
50,Vermont,VT,Northeast,2014,P&S Syphilis,25-29,2,5.6,35519
51,Virginia,VA,South,2014,Chlamydia,15-19,9148,1708.2,535534
51,Virginia,VA,South,2014,Chlamydia,20-24,15019,2517.5,596584
51,Virginia,VA,South,2014,Chlamydia,25-29,6504,1111.2,585313
51,Virginia,VA,South,2014,Gonorrhea,15-19,1728,322.7,535534
51,Virginia,VA,South,2014,Gonorrhea,20-24,3119,522.8,596584
51,Virginia,VA,South,2014,Gonorrhea,25-29,1603,273.9,585313
51,Virginia,VA,South,2014,P&S Syphilis,15-19,11,2.1,535534
51,Virginia,VA,South,2014,P&S Syphilis,20-24,57,9.6,596584
51,Virginia,VA,South,2014,P&S Syphilis,25-29,63,10.8,585313
53,Washington,WA,West,2014,Chlamydia,15-19,6001,1365.7,439408
53,Washington,WA,West,2014,Chlamydia,20-24,10038,2027.8,495019
53,Washington,WA,West,2014,Chlamydia,25-29,5089,996.6,510636
53,Washington,WA,West,2014,Gonorrhea,15-19,694,157.9,439408
53,Washington,WA,West,2014,Gonorrhea,20-24,1652,333.7,495019
53,Washington,WA,West,2014,Gonorrhea,25-29,1432,280.4,510636
53,Washington,WA,West,2014,P&S Syphilis,15-19,16,3.6,439408
53,Washington,WA,West,2014,P&S Syphilis,20-24,68,13.7,495019
53,Washington,WA,West,2014,P&S Syphilis,25-29,47,9.2,510636
54,West Virginia,WV,South,2014,Chlamydia,15-19,1321,1188.6,111139
54,West Virginia,WV,South,2014,Chlamydia,20-24,2106,1674.7,125754
54,West Virginia,WV,South,2014,Chlamydia,25-29,741,688.4,107641
54,West Virginia,WV,South,2014,Gonorrhea,15-19,157,141.3,111139
54,West Virginia,WV,South,2014,Gonorrhea,20-24,295,234.6,125754
54,West Virginia,WV,South,2014,Gonorrhea,25-29,166,154.2,107641
54,West Virginia,WV,South,2014,P&S Syphilis,15-19,2,1.8,111139
54,West Virginia,WV,South,2014,P&S Syphilis,20-24,7,5.6,125754
54,West Virginia,WV,South,2014,P&S Syphilis,25-29,6,5.6,107641
55,Wisconsin,WI,Midwest,2014,Chlamydia,15-19,6554,1709.7,383342
55,Wisconsin,WI,Midwest,2014,Chlamydia,20-24,9330,2290.0,407424
55,Wisconsin,WI,Midwest,2014,Chlamydia,25-29,3950,1104.9,357498
55,Wisconsin,WI,Midwest,2014,Gonorrhea,15-19,1061,276.8,383342
55,Wisconsin,WI,Midwest,2014,Gonorrhea,20-24,1424,349.5,407424
55,Wisconsin,WI,Midwest,2014,Gonorrhea,25-29,749,209.5,357498
55,Wisconsin,WI,Midwest,2014,P&S Syphilis,15-19,6,1.6,383342
55,Wisconsin,WI,Midwest,2014,P&S Syphilis,20-24,23,5.6,407424
55,Wisconsin,WI,Midwest,2014,P&S Syphilis,25-29,25,7.0,357498
56,Wyoming,WY,West,2014,Chlamydia,15-19,560,1532.5,36542
56,Wyoming,WY,West,2014,Chlamydia,20-24,790,1851.0,42680
56,Wyoming,WY,West,2014,Chlamydia,25-29,384,941.8,40773
56,Wyoming,WY,West,2014,Gonorrhea,15-19,25,68.4,36542
56,Wyoming,WY,West,2014,Gonorrhea,20-24,35,82.0,42680
56,Wyoming,WY,West,2014,Gonorrhea,25-29,30,73.6,40773
56,Wyoming,WY,West,2014,P&S Syphilis,15-19,0,0.0,36542
56,Wyoming,WY,West,2014,P&S Syphilis,20-24,1,2.3,42680
56,Wyoming,WY,West,2014,P&S Syphilis,25-29,2,4.9,40773
01,Alabama,AL,South,2013,Chlamydia,15-19,9677,3014.5,321015
01,Alabama,AL,South,2013,Chlamydia,20-24,12115,3393.1,357048
01,Alabama,AL,South,2013,Chlamydia,25-29,4252,1364.2,311685
01,Alabama,AL,South,2013,Gonorrhea,15-19,2246,699.7,321015
01,Alabama,AL,South,2013,Gonorrhea,20-24,3220,901.8,357048
01,Alabama,AL,South,2013,Gonorrhea,25-29,1375,441.1,311685
01,Alabama,AL,South,2013,P&S Syphilis,15-19,15,4.7,321015
01,Alabama,AL,South,2013,P&S Syphilis,20-24,54,15.1,357048
01,Alabama,AL,South,2013,P&S Syphilis,25-29,41,13.2,311685
02,Alaska,AK,West,2013,Chlamydia,15-19,1336,2739.4,48770
02,Alaska,AK,West,2013,Chlamydia,20-24,2214,3630.8,60978
02,Alaska,AK,West,2013,Chlamydia,25-29,1086,1797.4,60421
02,Alaska,AK,West,2013,Gonorrhea,15-19,91,186.6,48770
02,Alaska,AK,West,2013,Gonorrhea,20-24,332,544.5,60978
02,Alaska,AK,West,2013,Gonorrhea,25-29,254,420.4,60421
02,Alaska,AK,West,2013,P&S Syphilis,15-19,2,4.1,48770
02,Alaska,AK,West,2013,P&S Syphilis,20-24,4,6.6,60978
02,Alaska,AK,West,2013,P&S Syphilis,25-29,6,9.9,60421
04,Arizona,AZ,West,2013,Chlamydia,15-19,8033,1777.1,452029
04,Arizona,AZ,West,2013,Chlamydia,20-24,11922,2446.4,487328
04,Arizona,AZ,West,2013,Chlamydia,25-29,5274,1185.2,444988
04,Arizona,AZ,West,2013,Gonorrhea,15-19,1151,254.6,452029
04,Arizona,AZ,West,2013,Gonorrhea,20-24,2119,434.8,487328
04,Arizona,AZ,West,2013,Gonorrhea,25-29,1211,272.1,444988
04,Arizona,AZ,West,2013,P&S Syphilis,15-19,11,2.4,452029
04,Arizona,AZ,West,2013,P&S Syphilis,20-24,73,15.0,487328
04,Arizona,AZ,West,2013,P&S Syphilis,25-29,51,11.5,444988
05,Arkansas,AR,South,2013,Chlamydia,15-19,5069,2572.4,197053
05,Arkansas,AR,South,2013,Chlamydia,20-24,6183,2902.5,213023
05,Arkansas,AR,South,2013,Chlamydia,25-29,2348,1228.3,191159
05,Arkansas,AR,South,2013,Gonorrhea,15-19,1059,537.4,197053
05,Arkansas,AR,South,2013,Gonorrhea,20-24,1566,735.1,213023
05,Arkansas,AR,South,2013,Gonorrhea,25-29,683,357.3,191159
05,Arkansas,AR,South,2013,P&S Syphilis,15-19,7,3.6,197053
05,Arkansas,AR,South,2013,P&S Syphilis,20-24,43,20.2,213023
05,Arkansas,AR,South,2013,P&S Syphilis,25-29,39,20.4,191159
06,California,CA,West,2013,Chlamydia,15-19,36969,1391.7,2656391
06,California,CA,West,2013,Chlamydia,20-24,63396,2171.1,2919994
06,California,CA,West,2013,Chlamydia,25-29,31758,1119.7,2836295
06,California,CA,West,2013,Gonorrhea,15-19,5103,192.1,2656391
06,California,CA,West,2013,Gonorrhea,20-24,10304,352.9,2919994
06,California,CA,West,2013,Gonorrhea,25-29,8067,284.4,2836295
06,California,CA,West,2013,P&S Syphilis,15-19,141,5.3,2656391
06,California,CA,West,2013,P&S Syphilis,20-24,602,20.6,2919994
06,California,CA,West,2013,P&S Syphilis,25-29,631,22.2,2836295
08,Colorado,CO,West,2013,Chlamydia,15-19,5317,1567.9,339116
08,Colorado,CO,West,2013,Chlamydia,20-24,8057,2178.1,369910
08,Colorado,CO,West,2013,Chlamydia,25-29,3679,940.0,391383
08,Colorado,CO,West,2013,Gonorrhea,15-19,459,135.4,339116
08,Colorado,CO,West,2013,Gonorrhea,20-24,978,264.4,369910
08,Colorado,CO,West,2013,Gonorrhea,25-29,591,151.0,391383
08,Colorado,CO,West,2013,P&S Syphilis,15-19,1,0.3,339116
08,Colorado,CO,West,2013,P&S Syphilis,20-24,33,8.9,369910
08,Colorado,CO,West,2013,P&S Syphilis,25-29,26,6.6,391383
09,Connecticut,CT,Northeast,2013,Chlamydia,15-19,3711,1462.0,253830
09,Connecticut,CT,Northeast,2013,Chlamydia,20-24,4900,2059.0,237980
09,Connecticut,CT,Northeast,2013,Chlamydia,25-29,2190,996.0,219880
09,Connecticut,CT,Northeast,2013,Gonorrhea,15-19,493,194.2,253830
09,Connecticut,CT,Northeast,2013,Gonorrhea,20-24,891,374.4,237980
09,Connecticut,CT,Northeast,2013,Gonorrhea,25-29,593,269.7,219880
09,Connecticut,CT,Northeast,2013,P&S Syphilis,15-19,1,0.4,253830
09,Connecticut,CT,Northeast,2013,P&S Syphilis,20-24,17,7.1,237980
09,Connecticut,CT,Northeast,2013,P&S Syphilis,25-29,14,6.4,219880
10,Delaware,DE,South,2013,Chlamydia,15-19,1535,2543.7,60345
10,Delaware,DE,South,2013,Chlamydia,20-24,2085,3179.8,65570
10,Delaware,DE,South,2013,Chlamydia,25-29,860,1406.7,61136
10,Delaware,DE,South,2013,Gonorrhea,15-19,292,483.9,60345
10,Delaware,DE,South,2013,Gonorrhea,20-24,513,782.4,65570
10,Delaware,DE,South,2013,Gonorrhea,25-29,257,420.4,61136
10,Delaware,DE,South,2013,P&S Syphilis,15-19,1,1.7,60345
10,Delaware,DE,South,2013,P&S Syphilis,20-24,15,22.9,65570
10,Delaware,DE,South,2013,P&S Syphilis,25-29,11,18.0,61136
11,District of Columbia,DC,South,2013,Chlamydia,15-19,1941,5143.1,37740
11,District of Columbia,DC,South,2013,Chlamydia,20-24,2175,3831.0,56774
11,District of Columbia,DC,South,2013,Chlamydia,25-29,988,1229.2,80377
11,District of Columbia,DC,South,2013,Gonorrhea,15-19,540,1430.8,37740
11,District of Columbia,DC,South,2013,Gonorrhea,20-24,784,1380.9,56774
11,District of Columbia,DC,South,2013,Gonorrhea,25-29,435,541.2,80377
11,District of Columbia,DC,South,2013,P&S Syphilis,15-19,2,5.3,37740
11,District of Columbia,DC,South,2013,P&S Syphilis,20-24,27,47.6,56774
11,District of Columbia,DC,South,2013,P&S Syphilis,25-29,24,29.9,80377
12,Florida,FL,South,2013,Chlamydia,15-19,20960,1784.4,1174625
12,Florida,FL,South,2013,Chlamydia,20-24,32293,2448.9,1318674
12,Florida,FL,South,2013,Chlamydia,25-29,13993,1115.7,1254190
12,Florida,FL,South,2013,Gonorrhea,15-19,3996,340.2,1174625
12,Florida,FL,South,2013,Gonorrhea,20-24,7045,534.3,1318674
12,Florida,FL,South,2013,Gonorrhea,25-29,3930,313.3,1254190
12,Florida,FL,South,2013,P&S Syphilis,15-19,98,8.3,1174625
12,Florida,FL,South,2013,P&S Syphilis,20-24,330,25.0,1318674
12,Florida,FL,South,2013,P&S Syphilis,25-29,248,19.8,1254190
13,Georgia,GA,South,2013,Chlamydia,15-19,15525,2233.9,694973
13,Georgia,GA,South,2013,Chlamydia,20-24,20324,2793.9,727442
13,Georgia,GA,South,2013,Chlamydia,25-29,7955,1173.1,678118
13,Georgia,GA,South,2013,Gonorrhea,15-19,3363,483.9,694973
13,Georgia,GA,South,2013,Gonorrhea,20-24,5303,729.0,727442
13,Georgia,GA,South,2013,Gonorrhea,25-29,2504,369.3,678118
13,Georgia,GA,South,2013,P&S Syphilis,15-19,42,6.0,694973
13,Georgia,GA,South,2013,P&S Syphilis,20-24,202,27.8,727442
13,Georgia,GA,South,2013,P&S Syphilis,25-29,216,31.9,678118
15,Hawaii,HI,West,2013,Chlamydia,15-19,1410,1758.9,80164
15,Hawaii,HI,West,2013,Chlamydia,20-24,2517,2467.7,101998
15,Hawaii,HI,West,2013,Chlamydia,25-29,1333,1295.3,102911
15,Hawaii,HI,West,2013,Gonorrhea,15-19,77,96.1,80164
15,Hawaii,HI,West,2013,Gonorrhea,20-24,241,236.3,101998
15,Hawaii,HI,West,2013,Gonorrhea,25-29,161,156.4,102911
15,Hawaii,HI,West,2013,P&S Syphilis,15-19,7,8.7,80164
15,Hawaii,HI,West,2013,P&S Syphilis,20-24,10,9.8,101998
15,Hawaii,HI,West,2013,P&S Syphilis,25-29,10,9.7,102911
16,Idaho,ID,West,2013,Chlamydia,15-19,1557,1364.3,114124
16,Idaho,ID,West,2013,Chlamydia,20-24,2223,1972.2,112717
16,Idaho,ID,West,2013,Chlamydia,25-29,854,812.8,105069
16,Idaho,ID,West,2013,Gonorrhea,15-19,24,21.0,114124
16,Idaho,ID,West,2013,Gonorrhea,20-24,58,51.5,112717
16,Idaho,ID,West,2013,Gonorrhea,25-29,58,55.2,105069
16,Idaho,ID,West,2013,P&S Syphilis,15-19,2,1.8,114124
16,Idaho,ID,West,2013,P&S Syphilis,20-24,5,4.4,112717
16,Idaho,ID,West,2013,P&S Syphilis,25-29,4,3.8,105069
17,Illinois,IL,Midwest,2013,Chlamydia,15-19,20434,2333.6,875643
17,Illinois,IL,Midwest,2013,Chlamydia,20-24,24839,2741.6,906004
17,Illinois,IL,Midwest,2013,Chlamydia,25-29,9661,1076.5,897445
17,Illinois,IL,Midwest,2013,Gonorrhea,15-19,4753,542.8,875643
17,Illinois,IL,Midwest,2013,Gonorrhea,20-24,5815,641.8,906004
17,Illinois,IL,Midwest,2013,Gonorrhea,25-29,2677,298.3,897445
17,Illinois,IL,Midwest,2013,P&S Syphilis,15-19,35,4.0,875643
17,Illinois,IL,Midwest,2013,P&S Syphilis,20-24,173,19.1,906004
17,Illinois,IL,Midwest,2013,P&S Syphilis,25-29,149,16.6,897445
18,Indiana,IN,Midwest,2013,Chlamydia,15-19,8590,1878.4,457304
18,Indiana,IN,Midwest,2013,Chlamydia,20-24,11365,2339.7,485746
18,Indiana,IN,Midwest,2013,Chlamydia,25-29,4382,1052.5,416342
18,Indiana,IN,Midwest,2013,Gonorrhea,15-19,1716,375.2,457304
18,Indiana,IN,Midwest,2013,Gonorrhea,20-24,2561,527.2,485746
18,Indiana,IN,Midwest,2013,Gonorrhea,25-29,1345,323.0,416342
18,Indiana,IN,Midwest,2013,P&S Syphilis,15-19,14,3.1,457304
18,Indiana,IN,Midwest,2013,P&S Syphilis,20-24,64,13.2,485746
18,Indiana,IN,Midwest,2013,P&S Syphilis,25-29,41,9.8,416342
19,Iowa,IA,Midwest,2013,Chlamydia,15-19,3146,1471.8,213752
19,Iowa,IA,Midwest,2013,Chlamydia,20-24,4619,2005.1,230363
19,Iowa,IA,Midwest,2013,Chlamydia,25-29,1785,933.4,191236
19,Iowa,IA,Midwest,2013,Gonorrhea,15-19,321,150.2,213752
19,Iowa,IA,Midwest,2013,Gonorrhea,20-24,522,226.6,230363
19,Iowa,IA,Midwest,2013,Gonorrhea,25-29,288,150.6,191236
19,Iowa,IA,Midwest,2013,P&S Syphilis,15-19,7,3.3,213752
19,Iowa,IA,Midwest,2013,P&S Syphilis,20-24,12,5.2,230363
19,Iowa,IA,Midwest,2013,P&S Syphilis,25-29,20,10.5,191236
20,Kansas,KS,Midwest,2013,Chlamydia,15-19,3194,1597.8,199900
20,Kansas,KS,Midwest,2013,Chlamydia,20-24,4605,2114.5,217782
20,Kansas,KS,Midwest,2013,Chlamydia,25-29,1793,932.7,192238
20,Kansas,KS,Midwest,2013,Gonorrhea,15-19,421,210.6,199900
20,Kansas,KS,Midwest,2013,Gonorrhea,20-24,749,343.9,217782
20,Kansas,KS,Midwest,2013,Gonorrhea,25-29,454,236.2,192238
20,Kansas,KS,Midwest,2013,P&S Syphilis,15-19,3,1.5,199900
20,Kansas,KS,Midwest,2013,P&S Syphilis,20-24,13,6.0,217782
20,Kansas,KS,Midwest,2013,P&S Syphilis,25-29,10,5.2,192238
21,Kentucky,KY,South,2013,Chlamydia,15-19,5111,1788.8,285722
21,Kentucky,KY,South,2013,Chlamydia,20-24,6971,2197.6,317210
21,Kentucky,KY,South,2013,Chlamydia,25-29,2675,958.8,278995
21,Kentucky,KY,South,2013,Gonorrhea,15-19,916,320.6,285722
21,Kentucky,KY,South,2013,Gonorrhea,20-24,1447,456.2,317210
21,Kentucky,KY,South,2013,Gonorrhea,25-29,763,273.5,278995
21,Kentucky,KY,South,2013,P&S Syphilis,15-19,8,2.8,285722
21,Kentucky,KY,South,2013,P&S Syphilis,20-24,27,8.5,317210
21,Kentucky,KY,South,2013,P&S Syphilis,25-29,27,9.7,278995
22,Louisiana,LA,South,2013,Chlamydia,15-19,9399,3114.5,301782
22,Louisiana,LA,South,2013,Chlamydia,20-24,11325,3203.7,353498
22,Louisiana,LA,South,2013,Chlamydia,25-29,4466,1325.3,336980
22,Louisiana,LA,South,2013,Gonorrhea,15-19,2586,856.9,301782
22,Louisiana,LA,South,2013,Gonorrhea,20-24,3199,905.0,353498
22,Louisiana,LA,South,2013,Gonorrhea,25-29,1445,428.8,336980
22,Louisiana,LA,South,2013,P&S Syphilis,15-19,51,16.9,301782
22,Louisiana,LA,South,2013,P&S Syphilis,20-24,112,31.7,353498
22,Louisiana,LA,South,2013,P&S Syphilis,25-29,86,25.5,336980
23,Maine,ME,Northeast,2013,Chlamydia,15-19,941,1133.0,83054
23,Maine,ME,Northeast,2013,Chlamydia,20-24,1413,1759.2,80321
23,Maine,ME,Northeast,2013,Chlamydia,25-29,615,818.1,75174
23,Maine,ME,Northeast,2013,Gonorrhea,15-19,24,28.9,83054
23,Maine,ME,Northeast,2013,Gonorrhea,20-24,77,95.9,80321
23,Maine,ME,Northeast,2013,Gonorrhea,25-29,53,70.5,75174
23,Maine,ME,Northeast,2013,P&S Syphilis,15-19,0,0.0,83054
23,Maine,ME,Northeast,2013,P&S Syphilis,20-24,0,0.0,80321
23,Maine,ME,Northeast,2013,P&S Syphilis,25-29,0,0.0,75174
24,Maryland,MD,South,2013,Chlamydia,15-19,8186,2094.1,390908
24,Maryland,MD,South,2013,Chlamydia,20-24,10451,2595.9,402596
24,Maryland,MD,South,2013,Chlamydia,25-29,4204,1021.4,411592
24,Maryland,MD,South,2013,Gonorrhea,15-19,1356,346.9,390908
24,Maryland,MD,South,2013,Gonorrhea,20-24,2064,512.7,402596
24,Maryland,MD,South,2013,Gonorrhea,25-29,1055,256.3,411592
24,Maryland,MD,South,2013,P&S Syphilis,15-19,32,8.2,390908
24,Maryland,MD,South,2013,P&S Syphilis,20-24,116,28.8,402596
24,Maryland,MD,South,2013,P&S Syphilis,25-29,81,19.7,411592
25,Massachusetts,MA,Northeast,2013,Chlamydia,15-19,4966,1075.4,461782
25,Massachusetts,MA,Northeast,2013,Chlamydia,20-24,9861,2021.3,487854
25,Massachusetts,MA,Northeast,2013,Chlamydia,25-29,4306,897.9,479563
25,Massachusetts,MA,Northeast,2013,Gonorrhea,15-19,372,80.6,461782
25,Massachusetts,MA,Northeast,2013,Gonorrhea,20-24,975,199.9,487854
25,Massachusetts,MA,Northeast,2013,Gonorrhea,25-29,649,135.3,479563
25,Massachusetts,MA,Northeast,2013,P&S Syphilis,15-19,12,2.6,461782
25,Massachusetts,MA,Northeast,2013,P&S Syphilis,20-24,48,9.8,487854
25,Massachusetts,MA,Northeast,2013,P&S Syphilis,25-29,57,11.9,479563
26,Michigan,MI,Midwest,2013,Chlamydia,15-19,14840,2153.0,689271
26,Michigan,MI,Midwest,2013,Chlamydia,20-24,18261,2476.5,737371
26,Michigan,MI,Midwest,2013,Chlamydia,25-29,6197,1046.8,591995
26,Michigan,MI,Midwest,2013,Gonorrhea,15-19,2728,395.8,689271
26,Michigan,MI,Midwest,2013,Gonorrhea,20-24,3941,534.5,737371
26,Michigan,MI,Midwest,2013,Gonorrhea,25-29,1749,295.4,591995
26,Michigan,MI,Midwest,2013,P&S Syphilis,15-19,41,5.9,689271
26,Michigan,MI,Midwest,2013,P&S Syphilis,20-24,150,20.3,737371
26,Michigan,MI,Midwest,2013,P&S Syphilis,25-29,100,16.9,591995
27,Minnesota,MN,Midwest,2013,Chlamydia,15-19,5126,1431.9,357986
27,Minnesota,MN,Midwest,2013,Chlamydia,20-24,7620,2105.5,361909
27,Minnesota,MN,Midwest,2013,Chlamydia,25-29,3149,861.1,365695
27,Minnesota,MN,Midwest,2013,Gonorrhea,15-19,983,274.6,357986
27,Minnesota,MN,Midwest,2013,Gonorrhea,20-24,1279,353.4,361909
27,Minnesota,MN,Midwest,2013,Gonorrhea,25-29,660,180.5,365695
27,Minnesota,MN,Midwest,2013,P&S Syphilis,15-19,2,0.6,357986
27,Minnesota,MN,Midwest,2013,P&S Syphilis,20-24,33,9.1,361909
27,Minnesota,MN,Midwest,2013,P&S Syphilis,25-29,42,11.5,365695
28,Mississippi,MS,South,2013,Chlamydia,15-19,5642,2687.6,209927
28,Mississippi,MS,South,2013,Chlamydia,20-24,7288,3189.8,228478
28,Mississippi,MS,South,2013,Chlamydia,25-29,2538,1312.4,193386
28,Mississippi,MS,South,2013,Gonorrhea,15-19,1308,623.1,209927
28,Mississippi,MS,South,2013,Gonorrhea,20-24,2029,888.0,228478
28,Mississippi,MS,South,2013,Gonorrhea,25-29,875,452.5,193386
28,Mississippi,MS,South,2013,P&S Syphilis,15-19,5,2.4,209927
28,Mississippi,MS,South,2013,P&S Syphilis,20-24,24,10.5,228478
28,Mississippi,MS,South,2013,P&S Syphilis,25-29,14,7.2,193386
29,Missouri,MO,Midwest,2013,Chlamydia,15-19,8488,2131.1,398292
29,Missouri,MO,Midwest,2013,Chlamydia,20-24,11050,2540.9,434885
29,Missouri,MO,Midwest,2013,Chlamydia,25-29,4216,1058.7,398224
29,Missouri,MO,Midwest,2013,Gonorrhea,15-19,1737,436.1,398292
29,Missouri,MO,Midwest,2013,Gonorrhea,20-24,2740,630.0,434885
29,Missouri,MO,Midwest,2013,Gonorrhea,25-29,1356,340.5,398224
29,Missouri,MO,Midwest,2013,P&S Syphilis,15-19,16,4.0,398292
29,Missouri,MO,Midwest,2013,P&S Syphilis,20-24,56,12.9,434885
29,Missouri,MO,Midwest,2013,P&S Syphilis,25-29,55,13.8,398224
30,Montana,MT,West,2013,Chlamydia,15-19,1133,1761.0,64338
30,Montana,MT,West,2013,Chlamydia,20-24,1511,2063.8,73214
30,Montana,MT,West,2013,Chlamydia,25-29,652,1028.0,63424
30,Montana,MT,West,2013,Gonorrhea,15-19,30,46.6,64338
30,Montana,MT,West,2013,Gonorrhea,20-24,82,112.0,73214
30,Montana,MT,West,2013,Gonorrhea,25-29,59,93.0,63424
30,Montana,MT,West,2013,P&S Syphilis,15-19,0,0.0,64338
30,Montana,MT,West,2013,P&S Syphilis,20-24,2,2.7,73214
30,Montana,MT,West,2013,P&S Syphilis,25-29,1,1.6,63424
31,Nebraska,NE,Midwest,2013,Chlamydia,15-19,1915,1502.7,127437
31,Nebraska,NE,Midwest,2013,Chlamydia,20-24,3018,2255.9,133783
31,Nebraska,NE,Midwest,2013,Chlamydia,25-29,1341,1071.7,125128
31,Nebraska,NE,Midwest,2013,Gonorrhea,15-19,268,210.3,127437
31,Nebraska,NE,Midwest,2013,Gonorrhea,20-24,463,346.1,133783
31,Nebraska,NE,Midwest,2013,Gonorrhea,25-29,296,236.6,125128
31,Nebraska,NE,Midwest,2013,P&S Syphilis,15-19,1,0.8,127437
31,Nebraska,NE,Midwest,2013,P&S Syphilis,20-24,10,7.5,133783
31,Nebraska,NE,Midwest,2013,P&S Syphilis,25-29,16,12.8,125128
32,Nevada,NV,West,2013,Chlamydia,15-19,3103,1778.5,174473
32,Nevada,NV,West,2013,Chlamydia,20-24,4293,2310.7,185788
32,Nevada,NV,West,2013,Chlamydia,25-29,2141,1081.9,197893
32,Nevada,NV,West,2013,Gonorrhea,15-19,582,333.6,174473
32,Nevada,NV,West,2013,Gonorrhea,20-24,727,391.3,185788
32,Nevada,NV,West,2013,Gonorrhea,25-29,501,253.2,197893
32,Nevada,NV,West,2013,P&S Syphilis,15-19,8,4.6,174473
32,Nevada,NV,West,2013,P&S Syphilis,20-24,47,25.3,185788
32,Nevada,NV,West,2013,P&S Syphilis,25-29,45,22.7,197893
33,New Hampshire,NH,Northeast,2013,Chlamydia,15-19,810,887.8,91237
33,New Hampshire,NH,Northeast,2013,Chlamydia,20-24,1448,1615.5,89632
33,New Hampshire,NH,Northeast,2013,Chlamydia,25-29,472,618.0,76375
33,New Hampshire,NH,Northeast,2013,Gonorrhea,15-19,10,11.0,91237
33,New Hampshire,NH,Northeast,2013,Gonorrhea,20-24,40,44.6,89632
33,New Hampshire,NH,Northeast,2013,Gonorrhea,25-29,21,27.5,76375
33,New Hampshire,NH,Northeast,2013,P&S Syphilis,15-19,1,1.1,91237
33,New Hampshire,NH,Northeast,2013,P&S Syphilis,20-24,3,3.3,89632
33,New Hampshire,NH,Northeast,2013,P&S Syphilis,25-29,5,6.5,76375
34,New Jersey,NJ,Northeast,2013,Chlamydia,15-19,6944,1198.7,579294
34,New Jersey,NJ,Northeast,2013,Chlamydia,20-24,11677,2068.1,564625
34,New Jersey,NJ,Northeast,2013,Chlamydia,25-29,4992,900.5,554359
34,New Jersey,NJ,Northeast,2013,Gonorrhea,15-19,1513,261.2,579294
34,New Jersey,NJ,Northeast,2013,Gonorrhea,20-24,2362,418.3,564625
34,New Jersey,NJ,Northeast,2013,Gonorrhea,25-29,1210,218.3,554359
34,New Jersey,NJ,Northeast,2013,P&S Syphilis,15-19,6,1.0,579294
34,New Jersey,NJ,Northeast,2013,P&S Syphilis,20-24,36,6.4,564625
34,New Jersey,NJ,Northeast,2013,P&S Syphilis,25-29,45,8.1,554359
35,New Mexico,NM,West,2013,Chlamydia,15-19,3141,2219.1,141544
35,New Mexico,NM,West,2013,Chlamydia,20-24,4583,2975.0,154050
35,New Mexico,NM,West,2013,Chlamydia,25-29,2254,1593.9,141414
35,New Mexico,NM,West,2013,Gonorrhea,15-19,305,215.5,141544
35,New Mexico,NM,West,2013,Gonorrhea,20-24,620,402.5,154050
35,New Mexico,NM,West,2013,Gonorrhea,25-29,363,256.7,141414
35,New Mexico,NM,West,2013,P&S Syphilis,15-19,12,8.5,141544
35,New Mexico,NM,West,2013,P&S Syphilis,20-24,18,11.7,154050
35,New Mexico,NM,West,2013,P&S Syphilis,25-29,13,9.2,141414
36,New York,NY,Northeast,2013,Chlamydia,15-19,26178,2048.9,1277661
36,New York,NY,Northeast,2013,Chlamydia,20-24,34470,2404.9,1433324
36,New York,NY,Northeast,2013,Chlamydia,25-29,16447,1136.8,1446780
36,New York,NY,Northeast,2013,Gonorrhea,15-19,3744,293.0,1277661
36,New York,NY,Northeast,2013,Gonorrhea,20-24,5914,412.6,1433324
36,New York,NY,Northeast,2013,Gonorrhea,25-29,4141,286.2,1446780
36,New York,NY,Northeast,2013,P&S Syphilis,15-19,51,4.0,1277661
36,New York,NY,Northeast,2013,P&S Syphilis,20-24,238,16.6,1433324
36,New York,NY,Northeast,2013,P&S Syphilis,25-29,300,20.7,1446780
37,North Carolina,NC,South,2013,Chlamydia,15-19,14423,2217.6,650388
37,North Carolina,NC,South,2013,Chlamydia,20-24,20261,2858.1,708898
37,North Carolina,NC,South,2013,Chlamydia,25-29,7408,1154.4,641719
37,North Carolina,NC,South,2013,Gonorrhea,15-19,3062,470.8,650388
37,North Carolina,NC,South,2013,Gonorrhea,20-24,5212,735.2,708898
37,North Carolina,NC,South,2013,Gonorrhea,25-29,2465,384.1,641719
37,North Carolina,NC,South,2013,P&S Syphilis,15-19,16,2.5,650388
37,North Carolina,NC,South,2013,P&S Syphilis,20-24,110,15.5,708898
37,North Carolina,NC,South,2013,P&S Syphilis,25-29,89,13.9,641719
38,North Dakota,ND,Midwest,2013,Chlamydia,15-19,743,1554.4,47800
38,North Dakota,ND,Midwest,2013,Chlamydia,20-24,1293,1914.5,67537
38,North Dakota,ND,Midwest,2013,Chlamydia,25-29,534,979.3,54529
38,North Dakota,ND,Midwest,2013,Gonorrhea,15-19,109,228.0,47800
38,North Dakota,ND,Midwest,2013,Gonorrhea,20-24,163,241.3,67537
38,North Dakota,ND,Midwest,2013,Gonorrhea,25-29,116,212.7,54529
38,North Dakota,ND,Midwest,2013,P&S Syphilis,15-19,1,2.1,47800
38,North Dakota,ND,Midwest,2013,P&S Syphilis,20-24,3,4.4,67537
38,North Dakota,ND,Midwest,2013,P&S Syphilis,25-29,3,5.5,54529
39,Ohio,OH,Midwest,2013,Chlamydia,15-19,17387,2228.5,780211
39,Ohio,OH,Midwest,2013,Chlamydia,20-24,20811,2589.0,803824
39,Ohio,OH,Midwest,2013,Chlamydia,25-29,7859,1077.6,729306
39,Ohio,OH,Midwest,2013,Gonorrhea,15-19,4237,543.1,780211
39,Ohio,OH,Midwest,2013,Gonorrhea,20-24,5601,696.8,803824
39,Ohio,OH,Midwest,2013,Gonorrhea,25-29,2800,383.9,729306
39,Ohio,OH,Midwest,2013,P&S Syphilis,15-19,30,3.8,780211
39,Ohio,OH,Midwest,2013,P&S Syphilis,20-24,112,13.9,803824
39,Ohio,OH,Midwest,2013,P&S Syphilis,25-29,90,12.3,729306
40,Oklahoma,OK,South,2013,Chlamydia,15-19,5401,2109.8,255996
40,Oklahoma,OK,South,2013,Chlamydia,20-24,7560,2607.9,289888
40,Oklahoma,OK,South,2013,Chlamydia,25-29,2987,1127.0,265040
40,Oklahoma,OK,South,2013,Gonorrhea,15-19,1120,437.5,255996
40,Oklahoma,OK,South,2013,Gonorrhea,20-24,1914,660.3,289888
40,Oklahoma,OK,South,2013,Gonorrhea,25-29,1109,418.4,265040
40,Oklahoma,OK,South,2013,P&S Syphilis,15-19,6,2.3,255996
40,Oklahoma,OK,South,2013,P&S Syphilis,20-24,33,11.4,289888
40,Oklahoma,OK,South,2013,P&S Syphilis,25-29,10,3.8,265040
41,Oregon,OR,West,2013,Chlamydia,15-19,3785,1553.1,243706
41,Oregon,OR,West,2013,Chlamydia,20-24,5452,2039.0,267386
41,Oregon,OR,West,2013,Chlamydia,25-29,2485,945.1,262935
41,Oregon,OR,West,2013,Gonorrhea,15-19,180,73.9,243706
41,Oregon,OR,West,2013,Gonorrhea,20-24,439,164.2,267386
41,Oregon,OR,West,2013,Gonorrhea,25-29,397,151.0,262935
41,Oregon,OR,West,2013,P&S Syphilis,15-19,11,4.5,243706
41,Oregon,OR,West,2013,P&S Syphilis,20-24,28,10.5,267386
41,Oregon,OR,West,2013,P&S Syphilis,25-29,43,16.4,262935
42,Pennsylvania,PA,Northeast,2013,Chlamydia,15-19,17120,2012.9,850514
42,Pennsylvania,PA,Northeast,2013,Chlamydia,20-24,20209,2267.3,891324
42,Pennsylvania,PA,Northeast,2013,Chlamydia,25-29,7894,956.1,825646
42,Pennsylvania,PA,Northeast,2013,Gonorrhea,15-19,3520,413.9,850514
42,Pennsylvania,PA,Northeast,2013,Gonorrhea,20-24,4745,532.4,891324
42,Pennsylvania,PA,Northeast,2013,Gonorrhea,25-29,2448,296.5,825646
42,Pennsylvania,PA,Northeast,2013,P&S Syphilis,15-19,20,2.4,850514
42,Pennsylvania,PA,Northeast,2013,P&S Syphilis,20-24,97,10.9,891324
42,Pennsylvania,PA,Northeast,2013,P&S Syphilis,25-29,96,11.6,825646
44,Rhode Island,RI,Northeast,2013,Chlamydia,15-19,1191,1583.0,75237
44,Rhode Island,RI,Northeast,2013,Chlamydia,20-24,1784,2140.9,83329
44,Rhode Island,RI,Northeast,2013,Chlamydia,25-29,725,1032.8,70198
44,Rhode Island,RI,Northeast,2013,Gonorrhea,15-19,76,101.0,75237
44,Rhode Island,RI,Northeast,2013,Gonorrhea,20-24,151,181.2,83329
44,Rhode Island,RI,Northeast,2013,Gonorrhea,25-29,78,111.1,70198
44,Rhode Island,RI,Northeast,2013,P&S Syphilis,15-19,1,1.3,75237
44,Rhode Island,RI,Northeast,2013,P&S Syphilis,20-24,4,4.8,83329
44,Rhode Island,RI,Northeast,2013,P&S Syphilis,25-29,6,8.5,70198
45,South Carolina,SC,South,2013,Chlamydia,15-19,7459,2403.8,310300
45,South Carolina,SC,South,2013,Chlamydia,20-24,10720,3026.7,354181
45,South Carolina,SC,South,2013,Chlamydia,25-29,4138,1339.8,308852
45,South Carolina,SC,South,2013,Gonorrhea,15-19,1563,503.7,310300
45,South Carolina,SC,South,2013,Gonorrhea,20-24,2793,788.6,354181
45,South Carolina,SC,South,2013,Gonorrhea,25-29,1326,429.3,308852
45,South Carolina,SC,South,2013,P&S Syphilis,15-19,17,5.5,310300
45,South Carolina,SC,South,2013,P&S Syphilis,20-24,93,26.3,354181
45,South Carolina,SC,South,2013,P&S Syphilis,25-29,56,18.1,308852
46,South Dakota,SD,Midwest,2013,Chlamydia,15-19,1098,1941.4,56557
46,South Dakota,SD,Midwest,2013,Chlamydia,20-24,1570,2586.1,60709
46,South Dakota,SD,Midwest,2013,Chlamydia,25-29,720,1281.5,56184
46,South Dakota,SD,Midwest,2013,Gonorrhea,15-19,160,282.9,56557
46,South Dakota,SD,Midwest,2013,Gonorrhea,20-24,248,408.5,60709
46,South Dakota,SD,Midwest,2013,Gonorrhea,25-29,180,320.4,56184
46,South Dakota,SD,Midwest,2013,P&S Syphilis,15-19,3,5.3,56557
46,South Dakota,SD,Midwest,2013,P&S Syphilis,20-24,9,14.8,60709
46,South Dakota,SD,Midwest,2013,P&S Syphilis,25-29,5,8.9,56184
47,Tennessee,TN,South,2013,Chlamydia,15-19,9337,2232.2,418287
47,Tennessee,TN,South,2013,Chlamydia,20-24,12279,2659.0,461790
47,Tennessee,TN,South,2013,Chlamydia,25-29,4787,1129.2,423928
47,Tennessee,TN,South,2013,Gonorrhea,15-19,1870,447.1,418287
47,Tennessee,TN,South,2013,Gonorrhea,20-24,2738,592.9,461790
47,Tennessee,TN,South,2013,Gonorrhea,25-29,1312,309.5,423928
47,Tennessee,TN,South,2013,P&S Syphilis,15-19,15,3.6,418287
47,Tennessee,TN,South,2013,P&S Syphilis,20-24,71,15.4,461790
47,Tennessee,TN,South,2013,P&S Syphilis,25-29,40,9.4,423928
48,Texas,TX,South,2013,Chlamydia,15-19,36825,1941.6,1896632
48,Texas,TX,South,2013,Chlamydia,20-24,50797,2584.0,1965828
48,Texas,TX,South,2013,Chlamydia,25-29,22106,1146.9,1927457
48,Texas,TX,South,2013,Gonorrhea,15-19,8243,434.6,1896632
48,Texas,TX,South,2013,Gonorrhea,20-24,12024,611.7,1965828
48,Texas,TX,South,2013,Gonorrhea,25-29,6157,319.4,1927457
48,Texas,TX,South,2013,P&S Syphilis,15-19,98,5.2,1896632
48,Texas,TX,South,2013,P&S Syphilis,20-24,344,17.5,1965828
48,Texas,TX,South,2013,P&S Syphilis,25-29,316,16.4,1927457
49,Utah,UT,West,2013,Chlamydia,15-19,2026,912.5,222027
49,Utah,UT,West,2013,Chlamydia,20-24,2768,1120.5,247033
49,Utah,UT,West,2013,Chlamydia,25-29,1392,651.6,213628
49,Utah,UT,West,2013,Gonorrhea,15-19,88,39.6,222027
49,Utah,UT,West,2013,Gonorrhea,20-24,246,99.6,247033
49,Utah,UT,West,2013,Gonorrhea,25-29,214,100.2,213628
49,Utah,UT,West,2013,P&S Syphilis,15-19,1,0.5,222027
49,Utah,UT,West,2013,P&S Syphilis,20-24,10,4.0,247033
49,Utah,UT,West,2013,P&S Syphilis,25-29,12,5.6,213628
50,Vermont,VT,Northeast,2013,Chlamydia,15-19,528,1180.3,44734
50,Vermont,VT,Northeast,2013,Chlamydia,20-24,825,1815.7,45437
50,Vermont,VT,Northeast,2013,Chlamydia,25-29,263,738.0,35637
50,Vermont,VT,Northeast,2013,Gonorrhea,15-19,16,35.8,44734
50,Vermont,VT,Northeast,2013,Gonorrhea,20-24,29,63.8,45437
50,Vermont,VT,Northeast,2013,Gonorrhea,25-29,21,58.9,35637
50,Vermont,VT,Northeast,2013,P&S Syphilis,15-19,0,0.0,44734
50,Vermont,VT,Northeast,2013,P&S Syphilis,20-24,0,0.0,45437
50,Vermont,VT,Northeast,2013,P&S Syphilis,25-29,0,0.0,35637
51,Virginia,VA,South,2013,Chlamydia,15-19,8997,1672.9,537809
51,Virginia,VA,South,2013,Chlamydia,20-24,13969,2355.4,593063
51,Virginia,VA,South,2013,Chlamydia,25-29,5741,989.5,580192
51,Virginia,VA,South,2013,Gonorrhea,15-19,1499,278.7,537809
51,Virginia,VA,South,2013,Gonorrhea,20-24,2625,442.6,593063
51,Virginia,VA,South,2013,Gonorrhea,25-29,1356,233.7,580192
51,Virginia,VA,South,2013,P&S Syphilis,15-19,21,3.9,537809
51,Virginia,VA,South,2013,P&S Syphilis,20-24,67,11.3,593063
51,Virginia,VA,South,2013,P&S Syphilis,25-29,66,11.4,580192
53,Washington,WA,West,2013,Chlamydia,15-19,5947,1352.8,439607
53,Washington,WA,West,2013,Chlamydia,20-24,9725,1973.9,492679
53,Washington,WA,West,2013,Chlamydia,25-29,4527,913.6,495512
53,Washington,WA,West,2013,Gonorrhea,15-19,442,100.5,439607
53,Washington,WA,West,2013,Gonorrhea,20-24,1205,244.6,492679
53,Washington,WA,West,2013,Gonorrhea,25-29,995,200.8,495512
53,Washington,WA,West,2013,P&S Syphilis,15-19,16,3.6,439607
53,Washington,WA,West,2013,P&S Syphilis,20-24,41,8.3,492679
53,Washington,WA,West,2013,P&S Syphilis,25-29,45,9.1,495512
54,West Virginia,WV,South,2013,Chlamydia,15-19,1519,1352.4,112319
54,West Virginia,WV,South,2013,Chlamydia,20-24,2260,1787.7,126419
54,West Virginia,WV,South,2013,Chlamydia,25-29,744,701.7,106028
54,West Virginia,WV,South,2013,Gonorrhea,15-19,180,160.3,112319
54,West Virginia,WV,South,2013,Gonorrhea,20-24,387,306.1,126419
54,West Virginia,WV,South,2013,Gonorrhea,25-29,201,189.6,106028
54,West Virginia,WV,South,2013,P&S Syphilis,15-19,0,0.0,112319
54,West Virginia,WV,South,2013,P&S Syphilis,20-24,5,4.0,126419
54,West Virginia,WV,South,2013,P&S Syphilis,25-29,4,3.8,106028
55,Wisconsin,WI,Midwest,2013,Chlamydia,15-19,6859,1774.4,386553
55,Wisconsin,WI,Midwest,2013,Chlamydia,20-24,9495,2362.0,401990
55,Wisconsin,WI,Midwest,2013,Chlamydia,25-29,3952,1099.0,359600
55,Wisconsin,WI,Midwest,2013,Gonorrhea,15-19,1154,298.5,386553
55,Wisconsin,WI,Midwest,2013,Gonorrhea,20-24,1525,379.4,401990
55,Wisconsin,WI,Midwest,2013,Gonorrhea,25-29,832,231.4,359600
55,Wisconsin,WI,Midwest,2013,P&S Syphilis,15-19,9,2.3,386553
55,Wisconsin,WI,Midwest,2013,P&S Syphilis,20-24,17,4.2,401990
55,Wisconsin,WI,Midwest,2013,P&S Syphilis,25-29,20,5.6,359600
56,Wyoming,WY,West,2013,Chlamydia,15-19,640,1715.2,37313
56,Wyoming,WY,West,2013,Chlamydia,20-24,808,1873.4,43130
56,Wyoming,WY,West,2013,Chlamydia,25-29,311,762.5,40787
56,Wyoming,WY,West,2013,Gonorrhea,15-19,6,16.1,37313
56,Wyoming,WY,West,2013,Gonorrhea,20-24,30,69.6,43130
56,Wyoming,WY,West,2013,Gonorrhea,25-29,16,39.2,40787
56,Wyoming,WY,West,2013,P&S Syphilis,15-19,0,0.0,37313
56,Wyoming,WY,West,2013,P&S Syphilis,20-24,1,2.3,43130
56,Wyoming,WY,West,2013,P&S Syphilis,25-29,0,0.0,40787
