fips,state,state_abbr,region,year,disease,age_group,cases,population,rate
01,Alabama,AL,South,2013,Chlamydia,15-29,26044.0,989748.0,2631.4
01,Alabama,AL,South,2013,Gonorrhea,15-29,6841.0,989748.0,691.2
01,Alabama,AL,South,2013,P&S Syphilis,15-29,110.0,989748.0,11.1
01,Alabama,AL,South,2014,Chlamydia,15-29,25353.0,989379.0,2562.5
01,Alabama,AL,South,2014,Gonorrhea,15-29,6172.0,989379.0,623.8
01,Alabama,AL,South,2014,P&S Syphilis,15-29,105.0,989379.0,10.6
01,Alabama,AL,South,2015,Chlamydia,15-29,22975.0,989810.0,2321.2
01,Alabama,AL,South,2015,Gonorrhea,15-29,5795.0,989810.0,585.5
01,Alabama,AL,South,2015,P&S Syphilis,15-29,188.0,989810.0,19.0
01,Alabama,AL,South,2016,Chlamydia,15-29,20438.0,989360.0,2065.8
01,Alabama,AL,South,2016,Gonorrhea,15-29,5691.0,989360.0,575.2
01,Alabama,AL,South,2016,P&S Syphilis,15-29,229.0,989360.0,23.1
01,Alabama,AL,South,2017,Chlamydia,15-29,25960.0,985532.0,2634.1
01,Alabama,AL,South,2017,Gonorrhea,15-29,8939.0,985532.0,907.0
01,Alabama,AL,South,2017,P&S Syphilis,15-29,250.0,985532.0,25.4
01,Alabama,AL,South,2018,Chlamydia,15-29,24639.0,980821.0,2512.1
01,Alabama,AL,South,2018,Gonorrhea,15-29,9518.0,980821.0,970.4
01,Alabama,AL,South,2018,P&S Syphilis,15-29,275.0,980821.0,28.0
01,Alabama,AL,South,2019,Chlamydia,15-29,26709.0,973839.0,2742.7
01,Alabama,AL,South,2019,Gonorrhea,15-29,10614.0,973839.0,1089.9
01,Alabama,AL,South,2019,P&S Syphilis,15-29,340.0,973839.0,34.9
01,Alabama,AL,South,2020,Chlamydia,15-29,22911.0,982074.0,2332.9
01,Alabama,AL,South,2020,Gonorrhea,15-29,10513.0,982074.0,1070.5
01,Alabama,AL,South,2020,P&S Syphilis,15-29,252.0,982074.0,25.7
01,Alabama,AL,South,2021,Chlamydia,15-29,23030.0,977216.0,2356.7
01,Alabama,AL,South,2021,Gonorrhea,15-29,10139.0,977216.0,1037.5
01,Alabama,AL,South,2021,P&S Syphilis,15-29,350.0,977216.0,35.8
01,Alabama,AL,South,2022,Chlamydia,15-29,25473.0,1010670.0,2520.4
01,Alabama,AL,South,2022,Gonorrhea,15-29,9305.0,1010670.0,920.7
01,Alabama,AL,South,2022,P&S Syphilis,15-29,493.0,1010670.0,48.8
01,Alabama,AL,South,2023,Chlamydia,15-29,22541.0,1005338.0,2242.1
01,Alabama,AL,South,2023,Gonorrhea,15-29,7062.0,1005338.0,702.5
01,Alabama,AL,South,2023,P&S Syphilis,15-29,571.0,1005338.0,56.8
02,Alaska,AK,West,2013,Chlamydia,15-29,4636.0,170169.0,2724.4
02,Alaska,AK,West,2013,Gonorrhea,15-29,677.0,170169.0,397.8
02,Alaska,AK,West,2013,P&S Syphilis,15-29,12.0,170169.0,7.1
02,Alaska,AK,West,2014,Chlamydia,15-29,4652.0,169205.0,2749.3
02,Alaska,AK,West,2014,Gonorrhea,15-29,806.0,169205.0,476.3
02,Alaska,AK,West,2014,P&S Syphilis,15-29,8.0,169205.0,4.7
02,Alaska,AK,West,2015,Chlamydia,15-29,4520.0,168164.0,2687.9
02,Alaska,AK,West,2015,Gonorrhea,15-29,683.0,168164.0,406.2
02,Alaska,AK,West,2015,P&S Syphilis,15-29,3.0,168164.0,1.8
02,Alaska,AK,West,2016,Chlamydia,15-29,4457.0,167112.0,2667.1
02,Alaska,AK,West,2016,Gonorrhea,15-29,816.0,167112.0,488.3
02,Alaska,AK,West,2016,P&S Syphilis,15-29,5.0,167112.0,3.0
02,Alaska,AK,West,2017,Chlamydia,15-29,4542.0,164016.0,2769.2
02,Alaska,AK,West,2017,Gonorrhea,15-29,1250.0,164016.0,762.1
02,Alaska,AK,West,2017,P&S Syphilis,15-29,7.0,164016.0,4.3
02,Alaska,AK,West,2018,Chlamydia,15-29,4623.0,160189.0,2886.0
02,Alaska,AK,West,2018,Gonorrhea,15-29,1237.0,160189.0,772.2
02,Alaska,AK,West,2018,P&S Syphilis,15-29,22.0,160189.0,13.7
02,Alaska,AK,West,2019,Chlamydia,15-29,4548.0,156819.0,2900.2
02,Alaska,AK,West,2019,Gonorrhea,15-29,1118.0,156819.0,712.9
02,Alaska,AK,West,2019,P&S Syphilis,15-29,48.0,156819.0,30.6
02,Alaska,AK,West,2020,Chlamydia,15-29,3711.0,153583.0,2416.3
02,Alaska,AK,West,2020,Gonorrhea,15-29,1121.0,153583.0,729.9
02,Alaska,AK,West,2020,P&S Syphilis,15-29,54.0,153583.0,35.2
02,Alaska,AK,West,2021,Chlamydia,15-29,3934.0,151347.0,2599.3
02,Alaska,AK,West,2021,Gonorrhea,15-29,995.0,151347.0,657.4
02,Alaska,AK,West,2021,P&S Syphilis,15-29,67.0,151347.0,44.3
02,Alaska,AK,West,2022,Chlamydia,15-29,3792.0,151750.0,2498.8
02,Alaska,AK,West,2022,Gonorrhea,15-29,1070.0,151750.0,705.1
02,Alaska,AK,West,2022,P&S Syphilis,15-29,40.0,151750.0,26.4
02,Alaska,AK,West,2023,Chlamydia,15-29,3407.0,149006.0,2286.5
02,Alaska,AK,West,2023,Gonorrhea,15-29,1088.0,149006.0,730.2
02,Alaska,AK,West,2023,P&S Syphilis,15-29,40.0,149006.0,26.8
04,Arizona,AZ,West,2013,Chlamydia,15-29,25229.0,1384345.0,1822.5
04,Arizona,AZ,West,2013,Gonorrhea,15-29,4481.0,1384345.0,323.7
04,Arizona,AZ,West,2013,P&S Syphilis,15-29,135.0,1384345.0,9.8
04,Arizona,AZ,West,2014,Chlamydia,15-29,26267.0,1405362.0,1869.1
04,Arizona,AZ,West,2014,Gonorrhea,15-29,5231.0,1405362.0,372.2
04,Arizona,AZ,West,2014,P&S Syphilis,15-29,263.0,1405362.0,18.7
04,Arizona,AZ,West,2015,Chlamydia,15-29,26320.0,1424598.0,1847.5
04,Arizona,AZ,West,2015,Gonorrhea,15-29,5576.0,1424598.0,391.4
04,Arizona,AZ,West,2015,P&S Syphilis,15-29,252.0,1424598.0,17.7
04,Arizona,AZ,West,2016,Chlamydia,15-29,28100.0,1446641.0,1942.4
04,Arizona,AZ,West,2016,Gonorrhea,15-29,6774.0,1446641.0,468.3
04,Arizona,AZ,West,2016,P&S Syphilis,15-29,322.0,1446641.0,22.3
04,Arizona,AZ,West,2017,Chlamydia,15-29,31539.0,1461133.0,2158.5
04,Arizona,AZ,West,2017,Gonorrhea,15-29,7874.0,1461133.0,538.9
04,Arizona,AZ,West,2017,P&S Syphilis,15-29,406.0,1461133.0,27.8
04,Arizona,AZ,West,2018,Chlamydia,15-29,32232.0,1481976.0,2174.9
04,Arizona,AZ,West,2018,Gonorrhea,15-29,7856.0,1481976.0,530.1
04,Arizona,AZ,West,2018,P&S Syphilis,15-29,436.0,1481976.0,29.4
04,Arizona,AZ,West,2019,Chlamydia,15-29,33730.0,1499428.0,2249.5
04,Arizona,AZ,West,2019,Gonorrhea,15-29,9045.0,1499428.0,603.2
04,Arizona,AZ,West,2019,P&S Syphilis,15-29,566.0,1499428.0,37.7
04,Arizona,AZ,West,2020,Chlamydia,15-29,29150.0,1456019.0,2002.0
04,Arizona,AZ,West,2020,Gonorrhea,15-29,9587.0,1456019.0,658.4
04,Arizona,AZ,West,2020,P&S Syphilis,15-29,591.0,1456019.0,40.6
04,Arizona,AZ,West,2021,Chlamydia,15-29,31602.0,1477612.0,2138.7
04,Arizona,AZ,West,2021,Gonorrhea,15-29,10539.0,1477612.0,713.2
04,Arizona,AZ,West,2021,P&S Syphilis,15-29,721.0,1477612.0,48.8
04,Arizona,AZ,West,2022,Chlamydia,15-29,30150.0,1519959.0,1983.6
04,Arizona,AZ,West,2022,Gonorrhea,15-29,9128.0,1519959.0,600.5
04,Arizona,AZ,West,2022,P&S Syphilis,15-29,701.0,1519959.0,46.1
04,Arizona,AZ,West,2023,Chlamydia,15-29,30167.0,1509943.0,1997.9
04,Arizona,AZ,West,2023,Gonorrhea,15-29,7686.0,1509943.0,509.0
04,Arizona,AZ,West,2023,P&S Syphilis,15-29,608.0,1509943.0,40.3
05,Arkansas,AR,South,2013,Chlamydia,15-29,13600.0,601235.0,2262.0
05,Arkansas,AR,South,2013,Gonorrhea,15-29,3308.0,601235.0,550.2
05,Arkansas,AR,South,2013,P&S Syphilis,15-29,89.0,601235.0,14.8
05,Arkansas,AR,South,2014,Chlamydia,15-29,13605.0,602256.0,2259.0
05,Arkansas,AR,South,2014,Gonorrhea,15-29,3613.0,602256.0,599.9
05,Arkansas,AR,South,2014,P&S Syphilis,15-29,62.0,602256.0,10.3
05,Arkansas,AR,South,2015,Chlamydia,15-29,14000.0,604095.0,2317.5
05,Arkansas,AR,South,2015,Gonorrhea,15-29,3679.0,604095.0,609.0
05,Arkansas,AR,South,2015,P&S Syphilis,15-29,61.0,604095.0,10.1
05,Arkansas,AR,South,2016,Chlamydia,15-29,14346.0,605934.0,2367.6
05,Arkansas,AR,South,2016,Gonorrhea,15-29,4296.0,605934.0,709.0
05,Arkansas,AR,South,2016,P&S Syphilis,15-29,77.0,605934.0,12.7
05,Arkansas,AR,South,2017,Chlamydia,15-29,14770.0,606089.0,2436.9
05,Arkansas,AR,South,2017,Gonorrhea,15-29,4997.0,606089.0,824.5
05,Arkansas,AR,South,2017,P&S Syphilis,15-29,129.0,606089.0,21.3
05,Arkansas,AR,South,2018,Chlamydia,15-29,15099.0,605133.0,2495.2
05,Arkansas,AR,South,2018,Gonorrhea,15-29,5356.0,605133.0,885.1
05,Arkansas,AR,South,2018,P&S Syphilis,15-29,157.0,605133.0,25.9
05,Arkansas,AR,South,2019,Chlamydia,15-29,14540.0,603034.0,2411.1
05,Arkansas,AR,South,2019,Gonorrhea,15-29,4965.0,603034.0,823.3
05,Arkansas,AR,South,2019,P&S Syphilis,15-29,178.0,603034.0,29.5
05,Arkansas,AR,South,2020,Chlamydia,15-29,13539.0,594914.0,2275.8
05,Arkansas,AR,South,2020,Gonorrhea,15-29,5550.0,594914.0,932.9
05,Arkansas,AR,South,2020,P&S Syphilis,15-29,227.0,594914.0,38.2
05,Arkansas,AR,South,2021,Chlamydia,15-29,14818.0,596421.0,2484.5
05,Arkansas,AR,South,2021,Gonorrhea,15-29,5658.0,596421.0,948.7
05,Arkansas,AR,South,2021,P&S Syphilis,15-29,399.0,596421.0,66.9
05,Arkansas,AR,South,2022,Chlamydia,15-29,14682.0,609809.0,2407.6
05,Arkansas,AR,South,2022,Gonorrhea,15-29,4592.0,609809.0,753.0
05,Arkansas,AR,South,2022,P&S Syphilis,15-29,371.0,609809.0,60.8
05,Arkansas,AR,South,2023,Chlamydia,15-29,14547.0,610114.0,2384.3
05,Arkansas,AR,South,2023,Gonorrhea,15-29,4026.0,610114.0,659.9
05,Arkansas,AR,South,2023,P&S Syphilis,15-29,320.0,610114.0,52.4
06,California,CA,West,2013,Chlamydia,15-29,132123.0,8412680.0,1570.5
06,California,CA,West,2013,Gonorrhea,15-29,23474.0,8412680.0,279.0
06,California,CA,West,2013,P&S Syphilis,15-29,1374.0,8412680.0,16.3
06,California,CA,West,2014,Chlamydia,15-29,135957.0,8441438.0,1610.6
06,California,CA,West,2014,Gonorrhea,15-29,27565.0,8441438.0,326.5
06,California,CA,West,2014,P&S Syphilis,15-29,1414.0,8441438.0,16.8
06,California,CA,West,2015,Chlamydia,15-29,144151.0,8460198.0,1703.9
06,California,CA,West,2015,Gonorrhea,15-29,31922.0,8460198.0,377.3
06,California,CA,West,2015,P&S Syphilis,15-29,1943.0,8460198.0,23.0
06,California,CA,West,2016,Chlamydia,15-29,148396.0,8457884.0,1754.5
06,California,CA,West,2016,Gonorrhea,15-29,36654.0,8457884.0,433.4
06,California,CA,West,2016,P&S Syphilis,15-29,2288.0,8457884.0,27.1
06,California,CA,West,2017,Chlamydia,15-29,162669.0,8426418.0,1930.5
06,California,CA,West,2017,Gonorrhea,15-29,41600.0,8426418.0,493.7
06,California,CA,West,2017,P&S Syphilis,15-29,2644.0,8426418.0,31.4
06,California,CA,West,2018,Chlamydia,15-29,170366.0,8361686.0,2037.5
06,California,CA,West,2018,Gonorrhea,15-29,42562.0,8361686.0,509.0
06,California,CA,West,2018,P&S Syphilis,15-29,3066.0,8361686.0,36.7
06,California,CA,West,2019,Chlamydia,15-29,171626.0,8275895.0,2073.8
06,California,CA,West,2019,Gonorrhea,15-29,42212.0,8275895.0,510.1
06,California,CA,West,2019,P&S Syphilis,15-29,3111.0,8275895.0,37.6
06,California,CA,West,2020,Chlamydia,15-29,129932.0,8134519.0,1597.3
06,California,CA,West,2020,Gonorrhea,15-29,41686.0,8134519.0,512.5
06,California,CA,West,2020,P&S Syphilis,15-29,2865.0,8134519.0,35.2
06,California,CA,West,2021,Chlamydia,15-29,133496.0,7945434.0,1680.2
06,California,CA,West,2021,Gonorrhea,15-29,46251.0,7945434.0,582.1
06,California,CA,West,2021,P&S Syphilis,15-29,3088.0,7945434.0,38.9
06,California,CA,West,2022,Chlamydia,15-29,130725.0,7973696.0,1639.5
06,California,CA,West,2022,Gonorrhea,15-29,38806.0,7973696.0,486.7
06,California,CA,West,2022,P&S Syphilis,15-29,2536.0,7973696.0,31.8
06,California,CA,West,2023,Chlamydia,15-29,128232.0,7824536.0,1638.8
06,California,CA,West,2023,Gonorrhea,15-29,33786.0,7824536.0,431.8
06,California,CA,West,2023,P&S Syphilis,15-29,2034.0,7824536.0,26.0
08,Colorado,CO,West,2013,Chlamydia,15-29,17053.0,1100409.0,1549.7
08,Colorado,CO,West,2013,Gonorrhea,15-29,2028.0,1100409.0,184.3
08,Colorado,CO,West,2013,P&S Syphilis,15-29,60.0,1100409.0,5.5
08,Colorado,CO,West,2014,Chlamydia,15-29,17970.0,1117680.0,1607.8
08,Colorado,CO,West,2014,Gonorrhea,15-29,2194.0,1117680.0,196.3
08,Colorado,CO,West,2014,P&S Syphilis,15-29,90.0,1117680.0,8.1
08,Colorado,CO,West,2015,Chlamydia,15-29,19379.0,1142145.0,1696.7
08,Colorado,CO,West,2015,Gonorrhea,15-29,2923.0,1142145.0,255.9
08,Colorado,CO,West,2015,P&S Syphilis,15-29,89.0,1142145.0,7.8
08,Colorado,CO,West,2016,Chlamydia,15-29,20578.0,1162321.0,1770.4
08,Colorado,CO,West,2016,Gonorrhea,15-29,3845.0,1162321.0,330.8
08,Colorado,CO,West,2016,P&S Syphilis,15-29,99.0,1162321.0,8.5
08,Colorado,CO,West,2017,Chlamydia,15-29,21462.0,1176279.0,1824.6
08,Colorado,CO,West,2017,Gonorrhea,15-29,5325.0,1176279.0,452.7
08,Colorado,CO,West,2017,P&S Syphilis,15-29,120.0,1176279.0,10.2
08,Colorado,CO,West,2018,Chlamydia,15-29,23074.0,1192819.0,1934.4
08,Colorado,CO,West,2018,Gonorrhea,15-29,5261.0,1192819.0,441.1
08,Colorado,CO,West,2018,P&S Syphilis,15-29,137.0,1192819.0,11.5
08,Colorado,CO,West,2019,Chlamydia,15-29,23243.0,1204361.0,1929.9
08,Colorado,CO,West,2019,Gonorrhea,15-29,5640.0,1204361.0,468.3
08,Colorado,CO,West,2019,P&S Syphilis,15-29,182.0,1204361.0,15.1
08,Colorado,CO,West,2020,Chlamydia,15-29,20394.0,1193421.0,1708.9
08,Colorado,CO,West,2020,Gonorrhea,15-29,5569.0,1193421.0,466.6
08,Colorado,CO,West,2020,P&S Syphilis,15-29,244.0,1193421.0,20.4
08,Colorado,CO,West,2021,Chlamydia,15-29,20384.0,1195916.0,1704.5
08,Colorado,CO,West,2021,Gonorrhea,15-29,5767.0,1195916.0,482.2
08,Colorado,CO,West,2021,P&S Syphilis,15-29,247.0,1195916.0,20.7
08,Colorado,CO,West,2022,Chlamydia,15-29,19645.0,1220124.0,1610.1
08,Colorado,CO,West,2022,Gonorrhea,15-29,4361.0,1220124.0,357.4
08,Colorado,CO,West,2022,P&S Syphilis,15-29,272.0,1220124.0,22.3
08,Colorado,CO,West,2023,Chlamydia,15-29,18544.0,1210546.0,1531.9
08,Colorado,CO,West,2023,Gonorrhea,15-29,3678.0,1210546.0,303.8
08,Colorado,CO,West,2023,P&S Syphilis,15-29,268.0,1210546.0,22.1
09,Connecticut,CT,Northeast,2013,Chlamydia,15-29,10801.0,711690.0,1517.7
09,Connecticut,CT,Northeast,2013,Gonorrhea,15-29,1977.0,711690.0,277.8
09,Connecticut,CT,Northeast,2013,P&S Syphilis,15-29,32.0,711690.0,4.5
09,Connecticut,CT,Northeast,2014,Chlamydia,15-29,11161.0,716294.0,1558.2
09,Connecticut,CT,Northeast,2014,Gonorrhea,15-29,1495.0,716294.0,208.7
09,Connecticut,CT,Northeast,2014,P&S Syphilis,15-29,47.0,716294.0,6.6
09,Connecticut,CT,Northeast,2015,Chlamydia,15-29,10817.0,715451.0,1511.9
09,Connecticut,CT,Northeast,2015,Gonorrhea,15-29,1293.0,715451.0,180.7
09,Connecticut,CT,Northeast,2015,P&S Syphilis,15-29,52.0,715451.0,7.3
09,Connecticut,CT,Northeast,2016,Chlamydia,15-29,11514.0,712537.0,1615.9
09,Connecticut,CT,Northeast,2016,Gonorrhea,15-29,1756.0,712537.0,246.4
09,Connecticut,CT,Northeast,2016,P&S Syphilis,15-29,61.0,712537.0,8.6
09,Connecticut,CT,Northeast,2017,Chlamydia,15-29,14692.0,710127.0,2068.9
09,Connecticut,CT,Northeast,2017,Gonorrhea,15-29,2512.0,710127.0,353.7
09,Connecticut,CT,Northeast,2017,P&S Syphilis,15-29,52.0,710127.0,7.3
09,Connecticut,CT,Northeast,2018,Chlamydia,15-29,13859.0,707277.0,1959.5
09,Connecticut,CT,Northeast,2018,Gonorrhea,15-29,3097.0,707277.0,437.9
09,Connecticut,CT,Northeast,2018,P&S Syphilis,15-29,41.0,707277.0,5.8
09,Connecticut,CT,Northeast,2019,Chlamydia,15-29,12348.0,704259.0,1753.3
09,Connecticut,CT,Northeast,2019,Gonorrhea,15-29,2692.0,704259.0,382.2
09,Connecticut,CT,Northeast,2019,P&S Syphilis,15-29,92.0,704259.0,13.1
09,Connecticut,CT,Northeast,2020,Chlamydia,15-29,10159.0,705569.0,1439.8
09,Connecticut,CT,Northeast,2020,Gonorrhea,15-29,2840.0,705569.0,402.5
09,Connecticut,CT,Northeast,2020,P&S Syphilis,15-29,101.0,705569.0,14.3
09,Connecticut,CT,Northeast,2021,Chlamydia,15-29,11650.0,705725.0,1650.8
09,Connecticut,CT,Northeast,2021,Gonorrhea,15-29,3488.0,705725.0,494.2
09,Connecticut,CT,Northeast,2021,P&S Syphilis,15-29,99.0,705725.0,14.0
09,Connecticut,CT,Northeast,2022,Chlamydia,15-29,9890.0,714526.0,1384.1
09,Connecticut,CT,Northeast,2022,Gonorrhea,15-29,3222.0,714526.0,450.9
09,Connecticut,CT,Northeast,2022,P&S Syphilis,15-29,85.0,714526.0,11.9
09,Connecticut,CT,Northeast,2023,Chlamydia,15-29,10215.0,695062.0,1469.7
09,Connecticut,CT,Northeast,2023,Gonorrhea,15-29,2416.0,695062.0,347.6
09,Connecticut,CT,Northeast,2023,P&S Syphilis,15-29,103.0,695062.0,14.8
10,Delaware,DE,South,2013,Chlamydia,15-29,4480.0,187051.0,2395.1
10,Delaware,DE,South,2013,Gonorrhea,15-29,1062.0,187051.0,567.8
10,Delaware,DE,South,2013,P&S Syphilis,15-29,27.0,187051.0,14.4
10,Delaware,DE,South,2014,Chlamydia,15-29,3811.0,187617.0,2031.3
10,Delaware,DE,South,2014,Gonorrhea,15-29,932.0,187617.0,496.8
10,Delaware,DE,South,2014,P&S Syphilis,15-29,23.0,187617.0,12.3
10,Delaware,DE,South,2015,Chlamydia,15-29,3884.0,187842.0,2067.7
10,Delaware,DE,South,2015,Gonorrhea,15-29,900.0,187842.0,479.1
10,Delaware,DE,South,2015,P&S Syphilis,15-29,16.0,187842.0,8.5
10,Delaware,DE,South,2016,Chlamydia,15-29,4567.0,187066.0,2441.4
10,Delaware,DE,South,2016,Gonorrhea,15-29,1140.0,187066.0,609.4
10,Delaware,DE,South,2016,P&S Syphilis,15-29,20.0,187066.0,10.7
10,Delaware,DE,South,2017,Chlamydia,15-29,4589.0,186423.0,2461.6
10,Delaware,DE,South,2017,Gonorrhea,15-29,1186.0,186423.0,636.2
10,Delaware,DE,South,2017,P&S Syphilis,15-29,22.0,186423.0,11.8
10,Delaware,DE,South,2018,Chlamydia,15-29,5025.0,184798.0,2719.2
10,Delaware,DE,South,2018,Gonorrhea,15-29,1088.0,184798.0,588.8
10,Delaware,DE,South,2018,P&S Syphilis,15-29,12.0,184798.0,6.5
10,Delaware,DE,South,2019,Chlamydia,15-29,4875.0,182685.0,2668.5
10,Delaware,DE,South,2019,Gonorrhea,15-29,1021.0,182685.0,558.9
10,Delaware,DE,South,2019,P&S Syphilis,15-29,42.0,182685.0,23.0
10,Delaware,DE,South,2020,Chlamydia,15-29,3995.0,182388.0,2190.4
10,Delaware,DE,South,2020,Gonorrhea,15-29,915.0,182388.0,501.7
10,Delaware,DE,South,2020,P&S Syphilis,15-29,36.0,182388.0,19.7
10,Delaware,DE,South,2021,Chlamydia,15-29,3976.0,182098.0,2183.4
10,Delaware,DE,South,2021,Gonorrhea,15-29,1040.0,182098.0,571.1
10,Delaware,DE,South,2021,P&S Syphilis,15-29,35.0,182098.0,19.2
10,Delaware,DE,South,2022,Chlamydia,15-29,4176.0,185109.0,2256.0
10,Delaware,DE,South,2022,Gonorrhea,15-29,939.0,185109.0,507.3
10,Delaware,DE,South,2022,P&S Syphilis,15-29,87.0,185109.0,47.0
10,Delaware,DE,South,2023,Chlamydia,15-29,4613.0,185391.0,2488.3
10,Delaware,DE,South,2023,Gonorrhea,15-29,948.0,185391.0,511.4
10,Delaware,DE,South,2023,P&S Syphilis,15-29,57.0,185391.0,30.7
11,District of Columbia,DC,South,2013,Chlamydia,15-29,5104.0,174891.0,2918.4
11,District of Columbia,DC,South,2013,Gonorrhea,15-29,1759.0,174891.0,1005.8
11,District of Columbia,DC,South,2013,P&S Syphilis,15-29,53.0,174891.0,30.3
11,District of Columbia,DC,South,2014,Chlamydia,15-29,4388.0,173960.0,2522.4
11,District of Columbia,DC,South,2014,Gonorrhea,15-29,1361.0,173960.0,782.4
11,District of Columbia,DC,South,2014,P&S Syphilis,15-29,38.0,173960.0,21.8
11,District of Columbia,DC,South,2015,Chlamydia,15-29,6183.0,174369.0,3545.9
11,District of Columbia,DC,South,2015,Gonorrhea,15-29,1821.0,174369.0,1044.3
11,District of Columbia,DC,South,2015,P&S Syphilis,15-29,46.0,174369.0,26.4
11,District of Columbia,DC,South,2016,Chlamydia,15-29,5440.0,173714.0,3131.6
11,District of Columbia,DC,South,2016,Gonorrhea,15-29,2020.0,173714.0,1162.8
11,District of Columbia,DC,South,2016,P&S Syphilis,15-29,53.0,173714.0,30.5
11,District of Columbia,DC,South,2017,Chlamydia,15-29,6714.0,173816.0,3862.7
11,District of Columbia,DC,South,2017,Gonorrhea,15-29,2820.0,173816.0,1622.4
11,District of Columbia,DC,South,2017,P&S Syphilis,15-29,99.0,173816.0,57.0
11,District of Columbia,DC,South,2018,Chlamydia,15-29,6617.0,172539.0,3835.1
11,District of Columbia,DC,South,2018,Gonorrhea,15-29,2484.0,172539.0,1439.7
11,District of Columbia,DC,South,2018,P&S Syphilis,15-29,94.0,172539.0,54.5
11,District of Columbia,DC,South,2019,Chlamydia,15-29,6918.0,170482.0,4057.9
11,District of Columbia,DC,South,2019,Gonorrhea,15-29,2582.0,170482.0,1514.5
11,District of Columbia,DC,South,2019,P&S Syphilis,15-29,119.0,170482.0,69.8
11,District of Columbia,DC,South,2020,Chlamydia,15-29,4538.0,162515.0,2792.4
11,District of Columbia,DC,South,2020,Gonorrhea,15-29,2211.0,162515.0,1360.5
11,District of Columbia,DC,South,2020,P&S Syphilis,15-29,87.0,162515.0,53.5
11,District of Columbia,DC,South,2021,Chlamydia,15-29,4609.0,151292.0,3046.4
11,District of Columbia,DC,South,2021,Gonorrhea,15-29,2315.0,151292.0,1530.2
11,District of Columbia,DC,South,2021,P&S Syphilis,15-29,75.0,151292.0,49.6
11,District of Columbia,DC,South,2022,Chlamydia,15-29,5336.0,155214.0,3437.8
11,District of Columbia,DC,South,2022,Gonorrhea,15-29,2538.0,155214.0,1635.2
11,District of Columbia,DC,South,2022,P&S Syphilis,15-29,66.0,155214.0,42.5
11,District of Columbia,DC,South,2023,Chlamydia,15-29,5356.0,157014.0,3411.2
11,District of Columbia,DC,South,2023,Gonorrhea,15-29,2922.0,157014.0,1861.0
11,District of Columbia,DC,South,2023,P&S Syphilis,15-29,73.0,157014.0,46.5
12,Florida,FL,South,2013,Chlamydia,15-29,67246.0,3747489.0,1794.4
12,Florida,FL,South,2013,Gonorrhea,15-29,14971.0,3747489.0,399.5
12,Florida,FL,South,2013,P&S Syphilis,15-29,676.0,3747489.0,18.0
12,Florida,FL,South,2014,Chlamydia,15-29,69950.0,3783220.0,1849.0
12,Florida,FL,South,2014,Gonorrhea,15-29,14727.0,3783220.0,389.3
12,Florida,FL,South,2014,P&S Syphilis,15-29,766.0,3783220.0,20.2
12,Florida,FL,South,2015,Chlamydia,15-29,75084.0,3828062.0,1961.4
12,Florida,FL,South,2015,Gonorrhea,15-29,16711.0,3828062.0,436.5
12,Florida,FL,South,2015,P&S Syphilis,15-29,896.0,3828062.0,23.4
12,Florida,FL,South,2016,Chlamydia,15-29,77851.0,3872698.0,2010.3
12,Florida,FL,South,2016,Gonorrhea,15-29,19184.0,3872698.0,495.4
12,Florida,FL,South,2016,P&S Syphilis,15-29,1019.0,3872698.0,26.3
12,Florida,FL,South,2017,Chlamydia,15-29,81708.0,3900874.0,2094.6
12,Florida,FL,South,2017,Gonorrhea,15-29,21436.0,3900874.0,549.5
12,Florida,FL,South,2017,P&S Syphilis,15-29,1032.0,3900874.0,26.5
12,Florida,FL,South,2018,Chlamydia,15-29,85053.0,3897784.0,2182.1
12,Florida,FL,South,2018,Gonorrhea,15-29,21447.0,3897784.0,550.2
12,Florida,FL,South,2018,P&S Syphilis,15-29,1191.0,3897784.0,30.6
12,Florida,FL,South,2019,Chlamydia,15-29,89005.0,3880408.0,2293.7
12,Florida,FL,South,2019,Gonorrhea,15-29,23149.0,3880408.0,596.6
12,Florida,FL,South,2019,P&S Syphilis,15-29,1253.0,3880408.0,32.3
12,Florida,FL,South,2020,Chlamydia,15-29,79565.0,3824858.0,2080.2
12,Florida,FL,South,2020,Gonorrhea,15-29,26211.0,3824858.0,685.3
12,Florida,FL,South,2020,P&S Syphilis,15-29,1373.0,3824858.0,35.9
12,Florida,FL,South,2021,Chlamydia,15-29,80304.0,3819203.0,2102.6
12,Florida,FL,South,2021,Gonorrhea,15-29,27781.0,3819203.0,727.4
12,Florida,FL,South,2021,P&S Syphilis,15-29,1601.0,3819203.0,41.9
12,Florida,FL,South,2022,Chlamydia,15-29,81018.0,3961425.0,2045.2
12,Florida,FL,South,2022,Gonorrhea,15-29,26987.0,3961425.0,681.2
12,Florida,FL,South,2022,P&S Syphilis,15-29,1661.0,3961425.0,41.9
12,Florida,FL,South,2023,Chlamydia,15-29,83676.0,3961996.0,2112.0
12,Florida,FL,South,2023,Gonorrhea,15-29,26562.0,3961996.0,670.4
12,Florida,FL,South,2023,P&S Syphilis,15-29,1573.0,3961996.0,39.7
13,Georgia,GA,South,2013,Chlamydia,15-29,43804.0,2100533.0,2085.4
13,Georgia,GA,South,2013,Gonorrhea,15-29,11170.0,2100533.0,531.8
13,Georgia,GA,South,2013,P&S Syphilis,15-29,460.0,2100533.0,21.9
13,Georgia,GA,South,2014,Chlamydia,15-29,44283.0,2121068.0,2087.8
13,Georgia,GA,South,2014,Gonorrhea,15-29,10602.0,2121068.0,499.8
13,Georgia,GA,South,2014,P&S Syphilis,15-29,652.0,2121068.0,30.7
13,Georgia,GA,South,2015,Chlamydia,15-29,49005.0,2145366.0,2284.2
13,Georgia,GA,South,2015,Gonorrhea,15-29,12097.0,2145366.0,563.9
13,Georgia,GA,South,2015,P&S Syphilis,15-29,686.0,2145366.0,32.0
13,Georgia,GA,South,2016,Chlamydia,15-29,52857.0,2173377.0,2432.0
13,Georgia,GA,South,2016,Gonorrhea,15-29,15170.0,2173377.0,698.0
13,Georgia,GA,South,2016,P&S Syphilis,15-29,684.0,2173377.0,31.5
13,Georgia,GA,South,2017,Chlamydia,15-29,54497.0,2193148.0,2484.9
13,Georgia,GA,South,2017,Gonorrhea,15-29,16128.0,2193148.0,735.4
13,Georgia,GA,South,2017,P&S Syphilis,15-29,740.0,2193148.0,33.7
13,Georgia,GA,South,2018,Chlamydia,15-29,55040.0,2207305.0,2493.5
13,Georgia,GA,South,2018,Gonorrhea,15-29,14333.0,2207305.0,649.3
13,Georgia,GA,South,2018,P&S Syphilis,15-29,761.0,2207305.0,34.5
13,Georgia,GA,South,2019,Chlamydia,15-29,56158.0,2221068.0,2528.4
13,Georgia,GA,South,2019,Gonorrhea,15-29,14406.0,2221068.0,648.6
13,Georgia,GA,South,2019,P&S Syphilis,15-29,794.0,2221068.0,35.7
13,Georgia,GA,South,2020,Chlamydia,15-29,51654.0,2212700.0,2334.4
13,Georgia,GA,South,2020,Gonorrhea,15-29,15478.0,2212700.0,699.5
13,Georgia,GA,South,2020,P&S Syphilis,15-29,760.0,2212700.0,34.3
13,Georgia,GA,South,2021,Chlamydia,15-29,54892.0,2223141.0,2469.1
13,Georgia,GA,South,2021,Gonorrhea,15-29,21461.0,2223141.0,965.3
13,Georgia,GA,South,2021,P&S Syphilis,15-29,779.0,2223141.0,35.0
13,Georgia,GA,South,2022,Chlamydia,15-29,57566.0,2269487.0,2536.5
13,Georgia,GA,South,2022,Gonorrhea,15-29,20809.0,2269487.0,916.9
13,Georgia,GA,South,2022,P&S Syphilis,15-29,890.0,2269487.0,39.2
13,Georgia,GA,South,2023,Chlamydia,15-29,56058.0,2260885.0,2479.5
13,Georgia,GA,South,2023,Gonorrhea,15-29,19942.0,2260885.0,882.0
13,Georgia,GA,South,2023,P&S Syphilis,15-29,836.0,2260885.0,37.0
15,Hawaii,HI,West,2013,Chlamydia,15-29,5260.0,285073.0,1845.1
15,Hawaii,HI,West,2013,Gonorrhea,15-29,479.0,285073.0,168.0
15,Hawaii,HI,West,2013,P&S Syphilis,15-29,27.0,285073.0,9.5
15,Hawaii,HI,West,2014,Chlamydia,15-29,4965.0,283798.0,1749.5
15,Hawaii,HI,West,2014,Gonorrhea,15-29,616.0,283798.0,217.1
15,Hawaii,HI,West,2014,P&S Syphilis,15-29,36.0,283798.0,12.7
15,Hawaii,HI,West,2015,Chlamydia,15-29,5521.0,283218.0,1949.4
15,Hawaii,HI,West,2015,Gonorrhea,15-29,766.0,283218.0,270.5
15,Hawaii,HI,West,2015,P&S Syphilis,15-29,36.0,283218.0,12.7
15,Hawaii,HI,West,2016,Chlamydia,15-29,5392.0,282007.0,1912.0
15,Hawaii,HI,West,2016,Gonorrhea,15-29,857.0,282007.0,303.9
15,Hawaii,HI,West,2016,P&S Syphilis,15-29,38.0,282007.0,13.5
15,Hawaii,HI,West,2017,Chlamydia,15-29,5375.0,276188.0,1946.1
15,Hawaii,HI,West,2017,Gonorrhea,15-29,782.0,276188.0,283.1
15,Hawaii,HI,West,2017,P&S Syphilis,15-29,35.0,276188.0,12.7
15,Hawaii,HI,West,2018,Chlamydia,15-29,6040.0,271924.0,2221.2
15,Hawaii,HI,West,2018,Gonorrhea,15-29,819.0,271924.0,301.2
15,Hawaii,HI,West,2018,P&S Syphilis,15-29,45.0,271924.0,16.5
15,Hawaii,HI,West,2019,Chlamydia,15-29,6336.0,267803.0,2365.9
15,Hawaii,HI,West,2019,Gonorrhea,15-29,831.0,267803.0,310.3
15,Hawaii,HI,West,2019,P&S Syphilis,15-29,46.0,267803.0,17.2
15,Hawaii,HI,West,2020,Chlamydia,15-29,5317.0,269089.0,1975.9
15,Hawaii,HI,West,2020,Gonorrhea,15-29,812.0,269089.0,301.8
15,Hawaii,HI,West,2020,P&S Syphilis,15-29,55.0,269089.0,20.4
15,Hawaii,HI,West,2021,Chlamydia,15-29,4485.0,260633.0,1720.8
15,Hawaii,HI,West,2021,Gonorrhea,15-29,740.0,260633.0,283.9
15,Hawaii,HI,West,2021,P&S Syphilis,15-29,66.0,260633.0,25.3
15,Hawaii,HI,West,2022,Chlamydia,15-29,3927.0,259772.0,1511.7
15,Hawaii,HI,West,2022,Gonorrhea,15-29,697.0,259772.0,268.3
15,Hawaii,HI,West,2022,P&S Syphilis,15-29,59.0,259772.0,22.7
15,Hawaii,HI,West,2023,Chlamydia,15-29,4288.0,252099.0,1700.9
15,Hawaii,HI,West,2023,Gonorrhea,15-29,790.0,252099.0,313.4
15,Hawaii,HI,West,2023,P&S Syphilis,15-29,47.0,252099.0,18.6
16,Idaho,ID,West,2013,Chlamydia,15-29,4634.0,331910.0,1396.2
16,Idaho,ID,West,2013,Gonorrhea,15-29,140.0,331910.0,42.2
16,Idaho,ID,West,2013,P&S Syphilis,15-29,11.0,331910.0,3.3
16,Idaho,ID,West,2014,Chlamydia,15-29,4705.0,335136.0,1403.9
16,Idaho,ID,West,2014,Gonorrhea,15-29,329.0,335136.0,98.2
16,Idaho,ID,West,2014,P&S Syphilis,15-29,5.0,335136.0,1.5
16,Idaho,ID,West,2015,Chlamydia,15-29,4732.0,337799.0,1400.8
16,Idaho,ID,West,2015,Gonorrhea,15-29,293.0,337799.0,86.7
16,Idaho,ID,West,2015,P&S Syphilis,15-29,25.0,337799.0,7.4
16,Idaho,ID,West,2016,Chlamydia,15-29,4866.0,345069.0,1410.2
16,Idaho,ID,West,2016,Gonorrhea,15-29,404.0,345069.0,117.1
16,Idaho,ID,West,2016,P&S Syphilis,15-29,15.0,345069.0,4.3
16,Idaho,ID,West,2017,Chlamydia,15-29,5139.0,351524.0,1461.9
16,Idaho,ID,West,2017,Gonorrhea,15-29,560.0,351524.0,159.3
16,Idaho,ID,West,2017,P&S Syphilis,15-29,33.0,351524.0,9.4
16,Idaho,ID,West,2018,Chlamydia,15-29,5475.0,357317.0,1532.3
16,Idaho,ID,West,2018,Gonorrhea,15-29,670.0,357317.0,187.5
16,Idaho,ID,West,2018,P&S Syphilis,15-29,18.0,357317.0,5.0
16,Idaho,ID,West,2019,Chlamydia,15-29,5741.0,363253.0,1580.4
16,Idaho,ID,West,2019,Gonorrhea,15-29,860.0,363253.0,236.7
16,Idaho,ID,West,2019,P&S Syphilis,15-29,21.0,363253.0,5.8
16,Idaho,ID,West,2020,Chlamydia,15-29,5155.0,370471.0,1391.5
16,Idaho,ID,West,2020,Gonorrhea,15-29,940.0,370471.0,253.7
16,Idaho,ID,West,2020,P&S Syphilis,15-29,32.0,370471.0,8.6
16,Idaho,ID,West,2021,Chlamydia,15-29,5123.0,382136.0,1340.6
16,Idaho,ID,West,2021,Gonorrhea,15-29,713.0,382136.0,186.6
16,Idaho,ID,West,2021,P&S Syphilis,15-29,34.0,382136.0,8.9
16,Idaho,ID,West,2022,Chlamydia,15-29,4791.0,405604.0,1181.2
16,Idaho,ID,West,2022,Gonorrhea,15-29,604.0,405604.0,148.9
16,Idaho,ID,West,2022,P&S Syphilis,15-29,39.0,405604.0,9.6
16,Idaho,ID,West,2023,Chlamydia,15-29,4595.0,407551.0,1127.5
16,Idaho,ID,West,2023,Gonorrhea,15-29,394.0,407551.0,96.7
16,Idaho,ID,West,2023,P&S Syphilis,15-29,19.0,407551.0,4.7
17,Illinois,IL,Midwest,2013,Chlamydia,15-29,54934.0,2679092.0,2050.5
17,Illinois,IL,Midwest,2013,Gonorrhea,15-29,13245.0,2679092.0,494.4
17,Illinois,IL,Midwest,2013,P&S Syphilis,15-29,357.0,2679092.0,13.3
17,Illinois,IL,Midwest,2014,Chlamydia,15-29,56676.0,2663739.0,2127.7
17,Illinois,IL,Midwest,2014,Gonorrhea,15-29,12566.0,2663739.0,471.7
17,Illinois,IL,Midwest,2014,P&S Syphilis,15-29,392.0,2663739.0,14.7
17,Illinois,IL,Midwest,2015,Chlamydia,15-29,58828.0,2644772.0,2224.3
17,Illinois,IL,Midwest,2015,Gonorrhea,15-29,13290.0,2644772.0,502.5
17,Illinois,IL,Midwest,2015,P&S Syphilis,15-29,496.0,2644772.0,18.8
17,Illinois,IL,Midwest,2016,Chlamydia,15-29,60142.0,2621306.0,2294.4
17,Illinois,IL,Midwest,2016,Gonorrhea,15-29,15788.0,2621306.0,602.3
17,Illinois,IL,Midwest,2016,P&S Syphilis,15-29,559.0,2621306.0,21.3
17,Illinois,IL,Midwest,2017,Chlamydia,15-29,62366.0,2599452.0,2399.2
17,Illinois,IL,Midwest,2017,Gonorrhea,15-29,17261.0,2599452.0,664.0
17,Illinois,IL,Midwest,2017,P&S Syphilis,15-29,532.0,2599452.0,20.5
17,Illinois,IL,Midwest,2018,Chlamydia,15-29,63378.0,2572779.0,2463.4
17,Illinois,IL,Midwest,2018,Gonorrhea,15-29,18156.0,2572779.0,705.7
17,Illinois,IL,Midwest,2018,P&S Syphilis,15-29,624.0,2572779.0,24.3
17,Illinois,IL,Midwest,2019,Chlamydia,15-29,65780.0,2549830.0,2579.8
17,Illinois,IL,Midwest,2019,Gonorrhea,15-29,20418.0,2549830.0,800.8
17,Illinois,IL,Midwest,2019,P&S Syphilis,15-29,627.0,2549830.0,24.6
17,Illinois,IL,Midwest,2020,Chlamydia,15-29,55649.0,2547269.0,2184.7
17,Illinois,IL,Midwest,2020,Gonorrhea,15-29,21478.0,2547269.0,843.2
17,Illinois,IL,Midwest,2020,P&S Syphilis,15-29,592.0,2547269.0,23.2
17,Illinois,IL,Midwest,2021,Chlamydia,15-29,56085.0,2501703.0,2241.9
17,Illinois,IL,Midwest,2021,Gonorrhea,15-29,19756.0,2501703.0,789.7
17,Illinois,IL,Midwest,2021,P&S Syphilis,15-29,594.0,2501703.0,23.7
17,Illinois,IL,Midwest,2022,Chlamydia,15-29,54895.0,2508699.0,2188.2
17,Illinois,IL,Midwest,2022,Gonorrhea,15-29,16605.0,2508699.0,661.9
17,Illinois,IL,Midwest,2022,P&S Syphilis,15-29,540.0,2508699.0,21.5
17,Illinois,IL,Midwest,2023,Chlamydia,15-29,53022.0,2474700.0,2142.6
17,Illinois,IL,Midwest,2023,Gonorrhea,15-29,15538.0,2474700.0,627.9
17,Illinois,IL,Midwest,2023,P&S Syphilis,15-29,518.0,2474700.0,20.9
18,Indiana,IN,Midwest,2013,Chlamydia,15-29,24337.0,1359392.0,1790.3
18,Indiana,IN,Midwest,2013,Gonorrhea,15-29,5622.0,1359392.0,413.6
18,Indiana,IN,Midwest,2013,P&S Syphilis,15-29,119.0,1359392.0,8.8
18,Indiana,IN,Midwest,2014,Chlamydia,15-29,24607.0,1366546.0,1800.7
18,Indiana,IN,Midwest,2014,Gonorrhea,15-29,5630.0,1366546.0,412.0
18,Indiana,IN,Midwest,2014,P&S Syphilis,15-29,91.0,1366546.0,6.7
18,Indiana,IN,Midwest,2015,Chlamydia,15-29,24649.0,1369746.0,1799.5
18,Indiana,IN,Midwest,2015,Gonorrhea,15-29,6009.0,1369746.0,438.7
18,Indiana,IN,Midwest,2015,P&S Syphilis,15-29,133.0,1369746.0,9.7
18,Indiana,IN,Midwest,2016,Chlamydia,15-29,26258.0,1377975.0,1905.5
18,Indiana,IN,Midwest,2016,Gonorrhea,15-29,7006.0,1377975.0,508.4
18,Indiana,IN,Midwest,2016,P&S Syphilis,15-29,163.0,1377975.0,11.8
18,Indiana,IN,Midwest,2017,Chlamydia,15-29,29119.0,1381914.0,2107.1
18,Indiana,IN,Midwest,2017,Gonorrhea,15-29,8672.0,1381914.0,627.5
18,Indiana,IN,Midwest,2017,P&S Syphilis,15-29,179.0,1381914.0,13.0
18,Indiana,IN,Midwest,2018,Chlamydia,15-29,29434.0,1389624.0,2118.1
18,Indiana,IN,Midwest,2018,Gonorrhea,15-29,8567.0,1389624.0,616.5
18,Indiana,IN,Midwest,2018,P&S Syphilis,15-29,182.0,1389624.0,13.1
18,Indiana,IN,Midwest,2019,Chlamydia,15-29,29651.0,1394848.0,2125.8
18,Indiana,IN,Midwest,2019,Gonorrhea,15-29,8199.0,1394848.0,587.8
18,Indiana,IN,Midwest,2019,P&S Syphilis,15-29,162.0,1394848.0,11.6
18,Indiana,IN,Midwest,2020,Chlamydia,15-29,27836.0,1389231.0,2003.7
18,Indiana,IN,Midwest,2020,Gonorrhea,15-29,9768.0,1389231.0,703.1
18,Indiana,IN,Midwest,2020,P&S Syphilis,15-29,238.0,1389231.0,17.1
18,Indiana,IN,Midwest,2021,Chlamydia,15-29,28489.0,1390245.0,2049.2
18,Indiana,IN,Midwest,2021,Gonorrhea,15-29,9514.0,1390245.0,684.3
18,Indiana,IN,Midwest,2021,P&S Syphilis,15-29,316.0,1390245.0,22.7
18,Indiana,IN,Midwest,2022,Chlamydia,15-29,27016.0,1404399.0,1923.7
18,Indiana,IN,Midwest,2022,Gonorrhea,15-29,7866.0,1404399.0,560.1
18,Indiana,IN,Midwest,2022,P&S Syphilis,15-29,254.0,1404399.0,18.1
18,Indiana,IN,Midwest,2023,Chlamydia,15-29,26532.0,1392598.0,1905.2
18,Indiana,IN,Midwest,2023,Gonorrhea,15-29,6168.0,1392598.0,442.9
18,Indiana,IN,Midwest,2023,P&S Syphilis,15-29,192.0,1392598.0,13.8
19,Iowa,IA,Midwest,2013,Chlamydia,15-29,9550.0,635351.0,1503.1
19,Iowa,IA,Midwest,2013,Gonorrhea,15-29,1131.0,635351.0,178.0
19,Iowa,IA,Midwest,2013,P&S Syphilis,15-29,39.0,635351.0,6.1
19,Iowa,IA,Midwest,2014,Chlamydia,15-29,10157.0,639017.0,1589.5
19,Iowa,IA,Midwest,2014,Gonorrhea,15-29,1233.0,639017.0,193.0
19,Iowa,IA,Midwest,2014,P&S Syphilis,15-29,32.0,639017.0,5.0
19,Iowa,IA,Midwest,2015,Chlamydia,15-29,10355.0,639940.0,1618.1
19,Iowa,IA,Midwest,2015,Gonorrhea,15-29,1641.0,639940.0,256.4
19,Iowa,IA,Midwest,2015,P&S Syphilis,15-29,33.0,639940.0,5.2
19,Iowa,IA,Midwest,2016,Chlamydia,15-29,10953.0,640773.0,1709.3
19,Iowa,IA,Midwest,2016,Gonorrhea,15-29,1806.0,640773.0,281.8
19,Iowa,IA,Midwest,2016,P&S Syphilis,15-29,35.0,640773.0,5.5
19,Iowa,IA,Midwest,2017,Chlamydia,15-29,11582.0,642919.0,1801.5
19,Iowa,IA,Midwest,2017,Gonorrhea,15-29,2490.0,642919.0,387.3
19,Iowa,IA,Midwest,2017,P&S Syphilis,15-29,42.0,642919.0,6.5
19,Iowa,IA,Midwest,2018,Chlamydia,15-29,12229.0,642721.0,1902.7
19,Iowa,IA,Midwest,2018,Gonorrhea,15-29,3086.0,642721.0,480.1
19,Iowa,IA,Midwest,2018,P&S Syphilis,15-29,42.0,642721.0,6.5
19,Iowa,IA,Midwest,2019,Chlamydia,15-29,13314.0,642461.0,2072.3
19,Iowa,IA,Midwest,2019,Gonorrhea,15-29,3383.0,642461.0,526.6
19,Iowa,IA,Midwest,2019,P&S Syphilis,15-29,64.0,642461.0,10.0
19,Iowa,IA,Midwest,2020,Chlamydia,15-29,12396.0,645932.0,1919.1
19,Iowa,IA,Midwest,2020,Gonorrhea,15-29,4282.0,645932.0,662.9
19,Iowa,IA,Midwest,2020,P&S Syphilis,15-29,90.0,645932.0,13.9
19,Iowa,IA,Midwest,2021,Chlamydia,15-29,12617.0,647716.0,1947.9
19,Iowa,IA,Midwest,2021,Gonorrhea,15-29,3754.0,647716.0,579.6
19,Iowa,IA,Midwest,2021,P&S Syphilis,15-29,135.0,647716.0,20.8
19,Iowa,IA,Midwest,2022,Chlamydia,15-29,11806.0,658364.0,1793.2
19,Iowa,IA,Midwest,2022,Gonorrhea,15-29,2635.0,658364.0,400.2
19,Iowa,IA,Midwest,2022,P&S Syphilis,15-29,107.0,658364.0,16.3
19,Iowa,IA,Midwest,2023,Chlamydia,15-29,10731.0,651473.0,1647.2
19,Iowa,IA,Midwest,2023,Gonorrhea,15-29,2162.0,651473.0,331.9
19,Iowa,IA,Midwest,2023,P&S Syphilis,15-29,104.0,651473.0,16.0
20,Kansas,KS,Midwest,2013,Chlamydia,15-29,9592.0,609920.0,1572.7
20,Kansas,KS,Midwest,2013,Gonorrhea,15-29,1624.0,609920.0,266.3
20,Kansas,KS,Midwest,2013,P&S Syphilis,15-29,26.0,609920.0,4.3
20,Kansas,KS,Midwest,2014,Chlamydia,15-29,9586.0,610955.0,1569.0
20,Kansas,KS,Midwest,2014,Gonorrhea,15-29,1943.0,610955.0,318.0
20,Kansas,KS,Midwest,2014,P&S Syphilis,15-29,26.0,610955.0,4.3
20,Kansas,KS,Midwest,2015,Chlamydia,15-29,9910.0,613489.0,1615.4
20,Kansas,KS,Midwest,2015,Gonorrhea,15-29,1779.0,613489.0,290.0
20,Kansas,KS,Midwest,2015,P&S Syphilis,15-29,44.0,613489.0,7.2
20,Kansas,KS,Midwest,2016,Chlamydia,15-29,10424.0,611803.0,1703.8
20,Kansas,KS,Midwest,2016,Gonorrhea,15-29,2327.0,611803.0,380.4
20,Kansas,KS,Midwest,2016,P&S Syphilis,15-29,52.0,611803.0,8.5
20,Kansas,KS,Midwest,2017,Chlamydia,15-29,11559.0,609008.0,1898.0
20,Kansas,KS,Midwest,2017,Gonorrhea,15-29,3136.0,609008.0,514.9
20,Kansas,KS,Midwest,2017,P&S Syphilis,15-29,60.0,609008.0,9.9
20,Kansas,KS,Midwest,2018,Chlamydia,15-29,12094.0,609903.0,1982.9
20,Kansas,KS,Midwest,2018,Gonorrhea,15-29,3575.0,609903.0,586.2
20,Kansas,KS,Midwest,2018,P&S Syphilis,15-29,78.0,609903.0,12.8
20,Kansas,KS,Midwest,2019,Chlamydia,15-29,12880.0,609031.0,2114.8
20,Kansas,KS,Midwest,2019,Gonorrhea,15-29,3356.0,609031.0,551.0
20,Kansas,KS,Midwest,2019,P&S Syphilis,15-29,81.0,609031.0,13.3
20,Kansas,KS,Midwest,2020,Chlamydia,15-29,12305.0,608534.0,2022.1
20,Kansas,KS,Midwest,2020,Gonorrhea,15-29,3772.0,608534.0,619.9
20,Kansas,KS,Midwest,2020,P&S Syphilis,15-29,67.0,608534.0,11.0
20,Kansas,KS,Midwest,2021,Chlamydia,15-29,12262.0,608588.0,2014.8
20,Kansas,KS,Midwest,2021,Gonorrhea,15-29,3588.0,608588.0,589.6
20,Kansas,KS,Midwest,2021,P&S Syphilis,15-29,119.0,608588.0,19.6
20,Kansas,KS,Midwest,2022,Chlamydia,15-29,11389.0,619607.0,1838.1
20,Kansas,KS,Midwest,2022,Gonorrhea,15-29,3125.0,619607.0,504.4
20,Kansas,KS,Midwest,2022,P&S Syphilis,15-29,138.0,619607.0,22.3
20,Kansas,KS,Midwest,2023,Chlamydia,15-29,10698.0,613855.0,1742.8
20,Kansas,KS,Midwest,2023,Gonorrhea,15-29,2709.0,613855.0,441.3
20,Kansas,KS,Midwest,2023,P&S Syphilis,15-29,124.0,613855.0,20.2
21,Kentucky,KY,South,2013,Chlamydia,15-29,14757.0,881927.0,1673.3
21,Kentucky,KY,South,2013,Gonorrhea,15-29,3126.0,881927.0,354.5
21,Kentucky,KY,South,2013,P&S Syphilis,15-29,62.0,881927.0,7.0
21,Kentucky,KY,South,2014,Chlamydia,15-29,15060.0,884085.0,1703.5
21,Kentucky,KY,South,2014,Gonorrhea,15-29,3207.0,884085.0,362.7
21,Kentucky,KY,South,2014,P&S Syphilis,15-29,65.0,884085.0,7.4
21,Kentucky,KY,South,2015,Chlamydia,15-29,14962.0,888391.0,1684.2
21,Kentucky,KY,South,2015,Gonorrhea,15-29,3340.0,888391.0,376.0
21,Kentucky,KY,South,2015,P&S Syphilis,15-29,57.0,888391.0,6.4
21,Kentucky,KY,South,2016,Chlamydia,15-29,15618.0,892976.0,1749.0
21,Kentucky,KY,South,2016,Gonorrhea,15-29,3906.0,892976.0,437.4
21,Kentucky,KY,South,2016,P&S Syphilis,15-29,94.0,892976.0,10.5
21,Kentucky,KY,South,2017,Chlamydia,15-29,16455.0,897189.0,1834.1
21,Kentucky,KY,South,2017,Gonorrhea,15-29,4987.0,897189.0,555.8
21,Kentucky,KY,South,2017,P&S Syphilis,15-29,113.0,897189.0,12.6
21,Kentucky,KY,South,2018,Chlamydia,15-29,16237.0,896213.0,1811.7
21,Kentucky,KY,South,2018,Gonorrhea,15-29,4808.0,896213.0,536.5
21,Kentucky,KY,South,2018,P&S Syphilis,15-29,158.0,896213.0,17.6
21,Kentucky,KY,South,2019,Chlamydia,15-29,17331.0,893279.0,1940.2
21,Kentucky,KY,South,2019,Gonorrhea,15-29,4692.0,893279.0,525.3
21,Kentucky,KY,South,2019,P&S Syphilis,15-29,154.0,893279.0,17.2
21,Kentucky,KY,South,2020,Chlamydia,15-29,15266.0,890336.0,1714.6
21,Kentucky,KY,South,2020,Gonorrhea,15-29,5322.0,890336.0,597.8
21,Kentucky,KY,South,2020,P&S Syphilis,15-29,161.0,890336.0,18.1
21,Kentucky,KY,South,2021,Chlamydia,15-29,14781.0,887940.0,1664.6
21,Kentucky,KY,South,2021,Gonorrhea,15-29,5069.0,887940.0,570.9
21,Kentucky,KY,South,2021,P&S Syphilis,15-29,171.0,887940.0,19.3
21,Kentucky,KY,South,2022,Chlamydia,15-29,14593.0,888615.0,1642.2
21,Kentucky,KY,South,2022,Gonorrhea,15-29,4144.0,888615.0,466.3
21,Kentucky,KY,South,2022,P&S Syphilis,15-29,227.0,888615.0,25.5
21,Kentucky,KY,South,2023,Chlamydia,15-29,13334.0,882195.0,1511.5
21,Kentucky,KY,South,2023,Gonorrhea,15-29,3591.0,882195.0,407.1
21,Kentucky,KY,South,2023,P&S Syphilis,15-29,175.0,882195.0,19.8
22,Louisiana,LA,South,2013,Chlamydia,15-29,25190.0,992260.0,2538.6
22,Louisiana,LA,South,2013,Gonorrhea,15-29,7230.0,992260.0,728.6
22,Louisiana,LA,South,2013,P&S Syphilis,15-29,249.0,992260.0,25.1
22,Louisiana,LA,South,2014,Chlamydia,15-29,25135.0,989056.0,2541.3
22,Louisiana,LA,South,2014,Gonorrhea,15-29,7344.0,989056.0,742.5
22,Louisiana,LA,South,2014,P&S Syphilis,15-29,340.0,989056.0,34.4
22,Louisiana,LA,South,2015,Chlamydia,15-29,27895.0,985437.0,2830.7
22,Louisiana,LA,South,2015,Gonorrhea,15-29,8299.0,985437.0,842.2
22,Louisiana,LA,South,2015,P&S Syphilis,15-29,460.0,985437.0,46.7
22,Louisiana,LA,South,2016,Chlamydia,15-29,27295.0,977820.0,2791.4
22,Louisiana,LA,South,2016,Gonorrhea,15-29,8383.0,977820.0,857.3
22,Louisiana,LA,South,2016,P&S Syphilis,15-29,470.0,977820.0,48.1
22,Louisiana,LA,South,2017,Chlamydia,15-29,29651.0,962874.0,3079.4
22,Louisiana,LA,South,2017,Gonorrhea,15-29,9216.0,962874.0,957.1
22,Louisiana,LA,South,2017,P&S Syphilis,15-29,391.0,962874.0,40.6
22,Louisiana,LA,South,2018,Chlamydia,15-29,30948.0,948212.0,3263.8
22,Louisiana,LA,South,2018,Gonorrhea,15-29,8990.0,948212.0,948.1
22,Louisiana,LA,South,2018,P&S Syphilis,15-29,368.0,948212.0,38.8
22,Louisiana,LA,South,2019,Chlamydia,15-29,30600.0,932514.0,3281.5
22,Louisiana,LA,South,2019,Gonorrhea,15-29,9221.0,932514.0,988.8
22,Louisiana,LA,South,2019,P&S Syphilis,15-29,360.0,932514.0,38.6
22,Louisiana,LA,South,2020,Chlamydia,15-29,27836.0,919240.0,3028.2
22,Louisiana,LA,South,2020,Gonorrhea,15-29,11228.0,919240.0,1221.4
22,Louisiana,LA,South,2020,P&S Syphilis,15-29,364.0,919240.0,39.6
22,Louisiana,LA,South,2021,Chlamydia,15-29,28152.0,902358.0,3119.8
22,Louisiana,LA,South,2021,Gonorrhea,15-29,11925.0,902358.0,1321.5
22,Louisiana,LA,South,2021,P&S Syphilis,15-29,465.0,902358.0,51.5
22,Louisiana,LA,South,2022,Chlamydia,15-29,29839.0,908726.0,3283.6
22,Louisiana,LA,South,2022,Gonorrhea,15-29,10677.0,908726.0,1174.9
22,Louisiana,LA,South,2022,P&S Syphilis,15-29,512.0,908726.0,56.3
22,Louisiana,LA,South,2023,Chlamydia,15-29,29595.0,892504.0,3316.0
22,Louisiana,LA,South,2023,Gonorrhea,15-29,9375.0,892504.0,1050.4
22,Louisiana,LA,South,2023,P&S Syphilis,15-29,509.0,892504.0,57.0
23,Maine,ME,Northeast,2013,Chlamydia,15-29,2969.0,238549.0,1244.6
23,Maine,ME,Northeast,2013,Gonorrhea,15-29,154.0,238549.0,64.6
23,Maine,ME,Northeast,2013,P&S Syphilis,15-29,0.0,238549.0,0.0
23,Maine,ME,Northeast,2014,Chlamydia,15-29,3043.0,239198.0,1272.2
23,Maine,ME,Northeast,2014,Gonorrhea,15-29,156.0,239198.0,65.2
23,Maine,ME,Northeast,2014,P&S Syphilis,15-29,6.0,239198.0,2.5
23,Maine,ME,Northeast,2015,Chlamydia,15-29,3323.0,237308.0,1400.3
23,Maine,ME,Northeast,2015,Gonorrhea,15-29,276.0,237308.0,116.3
23,Maine,ME,Northeast,2015,P&S Syphilis,15-29,5.0,237308.0,2.1
23,Maine,ME,Northeast,2016,Chlamydia,15-29,3474.0,236508.0,1468.9
23,Maine,ME,Northeast,2016,Gonorrhea,15-29,285.0,236508.0,120.5
23,Maine,ME,Northeast,2016,P&S Syphilis,15-29,18.0,236508.0,7.6
23,Maine,ME,Northeast,2017,Chlamydia,15-29,3748.0,234742.0,1596.6
23,Maine,ME,Northeast,2017,Gonorrhea,15-29,338.0,234742.0,144.0
23,Maine,ME,Northeast,2017,P&S Syphilis,15-29,26.0,234742.0,11.1
23,Maine,ME,Northeast,2018,Chlamydia,15-29,2942.0,234252.0,1255.9
23,Maine,ME,Northeast,2018,Gonorrhea,15-29,411.0,234252.0,175.5
23,Maine,ME,Northeast,2018,P&S Syphilis,15-29,28.0,234252.0,12.0
23,Maine,ME,Northeast,2019,Chlamydia,15-29,1381.0,233183.0,592.2
23,Maine,ME,Northeast,2019,Gonorrhea,15-29,292.0,233183.0,125.2
23,Maine,ME,Northeast,2019,P&S Syphilis,15-29,23.0,233183.0,9.9
23,Maine,ME,Northeast,2020,Chlamydia,15-29,1221.0,233817.0,522.2
23,Maine,ME,Northeast,2020,Gonorrhea,15-29,307.0,233817.0,131.3
23,Maine,ME,Northeast,2020,P&S Syphilis,15-29,9.0,233817.0,3.8
23,Maine,ME,Northeast,2021,Chlamydia,15-29,766.0,154426.0,496.0
23,Maine,ME,Northeast,2021,Gonorrhea,15-29,146.0,154426.0,94.5
23,Maine,ME,Northeast,2021,P&S Syphilis,15-29,8.0,154426.0,5.2
23,Maine,ME,Northeast,2022,Chlamydia,15-29,805.0,237392.0,339.1
23,Maine,ME,Northeast,2022,Gonorrhea,15-29,280.0,237392.0,117.9
23,Maine,ME,Northeast,2022,P&S Syphilis,15-29,23.0,237392.0,9.7
23,Maine,ME,Northeast,2023,Chlamydia,15-29,892.0,237856.0,375.0
23,Maine,ME,Northeast,2023,Gonorrhea,15-29,262.0,237856.0,110.2
23,Maine,ME,Northeast,2023,P&S Syphilis,15-29,14.0,237856.0,5.9
24,Maryland,MD,South,2013,Chlamydia,15-29,22841.0,1205096.0,1895.4
24,Maryland,MD,South,2013,Gonorrhea,15-29,4475.0,1205096.0,371.3
24,Maryland,MD,South,2013,P&S Syphilis,15-29,229.0,1205096.0,19.0
24,Maryland,MD,South,2014,Chlamydia,15-29,23300.0,1202420.0,1937.8
24,Maryland,MD,South,2014,Gonorrhea,15-29,4398.0,1202420.0,365.8
24,Maryland,MD,South,2014,P&S Syphilis,15-29,219.0,1202420.0,18.2
24,Maryland,MD,South,2015,Chlamydia,15-29,23083.0,1198938.0,1925.3
24,Maryland,MD,South,2015,Gonorrhea,15-29,5001.0,1198938.0,417.1
24,Maryland,MD,South,2015,P&S Syphilis,15-29,235.0,1198938.0,19.6
24,Maryland,MD,South,2016,Chlamydia,15-29,25690.0,1191283.0,2156.5
24,Maryland,MD,South,2016,Gonorrhea,15-29,6693.0,1191283.0,561.8
24,Maryland,MD,South,2016,P&S Syphilis,15-29,222.0,1191283.0,18.6
24,Maryland,MD,South,2017,Chlamydia,15-29,27733.0,1183239.0,2343.8
24,Maryland,MD,South,2017,Gonorrhea,15-29,7642.0,1183239.0,645.9
24,Maryland,MD,South,2017,P&S Syphilis,15-29,279.0,1183239.0,23.6
24,Maryland,MD,South,2018,Chlamydia,15-29,29157.0,1172909.0,2485.9
24,Maryland,MD,South,2018,Gonorrhea,15-29,6779.0,1172909.0,578.0
24,Maryland,MD,South,2018,P&S Syphilis,15-29,319.0,1172909.0,27.2
24,Maryland,MD,South,2019,Chlamydia,15-29,30838.0,1163193.0,2651.2
24,Maryland,MD,South,2019,Gonorrhea,15-29,7207.0,1163193.0,619.6
24,Maryland,MD,South,2019,P&S Syphilis,15-29,397.0,1163193.0,34.1
24,Maryland,MD,South,2020,Chlamydia,15-29,26498.0,1169666.0,2265.4
24,Maryland,MD,South,2020,Gonorrhea,15-29,7747.0,1169666.0,662.3
24,Maryland,MD,South,2020,P&S Syphilis,15-29,343.0,1169666.0,29.3
24,Maryland,MD,South,2022,Chlamydia,15-29,23642.0,1157574.0,2042.4
24,Maryland,MD,South,2022,Gonorrhea,15-29,6904.0,1157574.0,596.4
24,Maryland,MD,South,2022,P&S Syphilis,15-29,242.0,1157574.0,20.9
24,Maryland,MD,South,2023,Chlamydia,15-29,11343.0,1143090.0,992.3
24,Maryland,MD,South,2023,Gonorrhea,15-29,5506.0,1143090.0,481.7
24,Maryland,MD,South,2023,P&S Syphilis,15-29,298.0,1143090.0,26.1
25,Massachusetts,MA,Northeast,2013,Chlamydia,15-29,19133.0,1429199.0,1338.7
25,Massachusetts,MA,Northeast,2013,Gonorrhea,15-29,1996.0,1429199.0,139.7
25,Massachusetts,MA,Northeast,2013,P&S Syphilis,15-29,117.0,1429199.0,8.2
25,Massachusetts,MA,Northeast,2014,Chlamydia,15-29,17313.0,1441891.0,1200.7
25,Massachusetts,MA,Northeast,2014,Gonorrhea,15-29,2503.0,1441891.0,173.6
25,Massachusetts,MA,Northeast,2014,P&S Syphilis,15-29,117.0,1441891.0,8.1
25,Massachusetts,MA,Northeast,2015,Chlamydia,15-29,19600.0,1445664.0,1355.8
25,Massachusetts,MA,Northeast,2015,Gonorrhea,15-29,2366.0,1445664.0,163.7
25,Massachusetts,MA,Northeast,2015,P&S Syphilis,15-29,154.0,1445664.0,10.7
25,Massachusetts,MA,Northeast,2016,Chlamydia,15-29,21767.0,1448599.0,1502.6
25,Massachusetts,MA,Northeast,2016,Gonorrhea,15-29,2921.0,1448599.0,201.6
25,Massachusetts,MA,Northeast,2016,P&S Syphilis,15-29,192.0,1448599.0,13.3
25,Massachusetts,MA,Northeast,2017,Chlamydia,15-29,23759.0,1451602.0,1636.7
25,Massachusetts,MA,Northeast,2017,Gonorrhea,15-29,4450.0,1451602.0,306.6
25,Massachusetts,MA,Northeast,2017,P&S Syphilis,15-29,225.0,1451602.0,15.5
25,Massachusetts,MA,Northeast,2018,Chlamydia,15-29,24253.0,1447592.0,1675.4
25,Massachusetts,MA,Northeast,2018,Gonorrhea,15-29,4658.0,1447592.0,321.8
25,Massachusetts,MA,Northeast,2018,P&S Syphilis,15-29,234.0,1447592.0,16.2
25,Massachusetts,MA,Northeast,2019,Chlamydia,15-29,24795.0,1439654.0,1722.3
25,Massachusetts,MA,Northeast,2019,Gonorrhea,15-29,4160.0,1439654.0,289.0
25,Massachusetts,MA,Northeast,2019,P&S Syphilis,15-29,242.0,1439654.0,16.8
25,Massachusetts,MA,Northeast,2020,Chlamydia,15-29,19623.0,1449896.0,1353.4
25,Massachusetts,MA,Northeast,2020,Gonorrhea,15-29,4342.0,1449896.0,299.5
25,Massachusetts,MA,Northeast,2020,P&S Syphilis,15-29,238.0,1449896.0,16.4
25,Massachusetts,MA,Northeast,2021,Chlamydia,15-29,20824.0,1422408.0,1464.0
25,Massachusetts,MA,Northeast,2021,Gonorrhea,15-29,4669.0,1422408.0,328.2
25,Massachusetts,MA,Northeast,2021,P&S Syphilis,15-29,252.0,1422408.0,17.7
25,Massachusetts,MA,Northeast,2022,Chlamydia,15-29,21249.0,1424847.0,1491.3
25,Massachusetts,MA,Northeast,2022,Gonorrhea,15-29,5127.0,1424847.0,359.8
25,Massachusetts,MA,Northeast,2022,P&S Syphilis,15-29,274.0,1424847.0,19.2
25,Massachusetts,MA,Northeast,2023,Chlamydia,15-29,21549.0,1408917.0,1529.5
25,Massachusetts,MA,Northeast,2023,Gonorrhea,15-29,5433.0,1408917.0,385.6
25,Massachusetts,MA,Northeast,2023,P&S Syphilis,15-29,236.0,1408917.0,16.8
26,Michigan,MI,Midwest,2013,Chlamydia,15-29,39298.0,2018637.0,1946.8
26,Michigan,MI,Midwest,2013,Gonorrhea,15-29,8418.0,2018637.0,417.0
26,Michigan,MI,Midwest,2013,P&S Syphilis,15-29,291.0,2018637.0,14.4
26,Michigan,MI,Midwest,2014,Chlamydia,15-29,38433.0,2028756.0,1894.4
26,Michigan,MI,Midwest,2014,Gonorrhea,15-29,7533.0,2028756.0,371.3
26,Michigan,MI,Midwest,2014,P&S Syphilis,15-29,237.0,2028756.0,11.7
26,Michigan,MI,Midwest,2015,Chlamydia,15-29,40049.0,2033784.0,1969.2
26,Michigan,MI,Midwest,2015,Gonorrhea,15-29,7930.0,2033784.0,389.9
26,Michigan,MI,Midwest,2015,P&S Syphilis,15-29,223.0,2033784.0,11.0
26,Michigan,MI,Midwest,2016,Chlamydia,15-29,39517.0,2041734.0,1935.5
26,Michigan,MI,Midwest,2016,Gonorrhea,15-29,9335.0,2041734.0,457.2
26,Michigan,MI,Midwest,2016,P&S Syphilis,15-29,213.0,2041734.0,10.4
26,Michigan,MI,Midwest,2017,Chlamydia,15-29,43443.0,2045889.0,2123.4
26,Michigan,MI,Midwest,2017,Gonorrhea,15-29,11612.0,2045889.0,567.6
26,Michigan,MI,Midwest,2017,P&S Syphilis,15-29,249.0,2045889.0,12.2
26,Michigan,MI,Midwest,2018,Chlamydia,15-29,43142.0,2038795.0,2116.1
26,Michigan,MI,Midwest,2018,Gonorrhea,15-29,11937.0,2038795.0,585.5
26,Michigan,MI,Midwest,2018,P&S Syphilis,15-29,314.0,2038795.0,15.4
26,Michigan,MI,Midwest,2019,Chlamydia,15-29,42074.0,2024136.0,2078.6
26,Michigan,MI,Midwest,2019,Gonorrhea,15-29,12902.0,2024136.0,637.4
26,Michigan,MI,Midwest,2019,P&S Syphilis,15-29,296.0,2024136.0,14.6
26,Michigan,MI,Midwest,2020,Chlamydia,15-29,37279.0,2008001.0,1856.5
26,Michigan,MI,Midwest,2020,Gonorrhea,15-29,16165.0,2008001.0,805.0
26,Michigan,MI,Midwest,2020,P&S Syphilis,15-29,328.0,2008001.0,16.3
26,Michigan,MI,Midwest,2021,Chlamydia,15-29,37100.0,1981528.0,1872.3
26,Michigan,MI,Midwest,2021,Gonorrhea,15-29,14414.0,1981528.0,727.4
26,Michigan,MI,Midwest,2021,P&S Syphilis,15-29,392.0,1981528.0,19.8
26,Michigan,MI,Midwest,2022,Chlamydia,15-29,34436.0,1989057.0,1731.3
26,Michigan,MI,Midwest,2022,Gonorrhea,15-29,10597.0,1989057.0,532.8
26,Michigan,MI,Midwest,2022,P&S Syphilis,15-29,343.0,1989057.0,17.2
26,Michigan,MI,Midwest,2023,Chlamydia,15-29,33988.0,1952390.0,1740.8
26,Michigan,MI,Midwest,2023,Gonorrhea,15-29,9935.0,1952390.0,508.9
26,Michigan,MI,Midwest,2023,P&S Syphilis,15-29,311.0,1952390.0,15.9
27,Minnesota,MN,Midwest,2013,Chlamydia,15-29,15895.0,1085590.0,1464.2
27,Minnesota,MN,Midwest,2013,Gonorrhea,15-29,2922.0,1085590.0,269.2
27,Minnesota,MN,Midwest,2013,P&S Syphilis,15-29,77.0,1085590.0,7.1
27,Minnesota,MN,Midwest,2014,Chlamydia,15-29,16614.0,1086143.0,1529.6
27,Minnesota,MN,Midwest,2014,Gonorrhea,15-29,2901.0,1086143.0,267.1
27,Minnesota,MN,Midwest,2014,P&S Syphilis,15-29,113.0,1086143.0,10.4
27,Minnesota,MN,Midwest,2015,Chlamydia,15-29,17417.0,1084644.0,1605.8
27,Minnesota,MN,Midwest,2015,Gonorrhea,15-29,2776.0,1084644.0,255.9
27,Minnesota,MN,Midwest,2015,P&S Syphilis,15-29,81.0,1084644.0,7.5
27,Minnesota,MN,Midwest,2016,Chlamydia,15-29,18556.0,1087019.0,1707.1
27,Minnesota,MN,Midwest,2016,Gonorrhea,15-29,3503.0,1087019.0,322.3
27,Minnesota,MN,Midwest,2016,P&S Syphilis,15-29,112.0,1087019.0,10.3
27,Minnesota,MN,Midwest,2017,Chlamydia,15-29,18939.0,1089035.0,1739.1
27,Minnesota,MN,Midwest,2017,Gonorrhea,15-29,4262.0,1089035.0,391.4
27,Minnesota,MN,Midwest,2017,P&S Syphilis,15-29,138.0,1089035.0,12.7
27,Minnesota,MN,Midwest,2018,Chlamydia,15-29,18756.0,1092622.0,1716.6
27,Minnesota,MN,Midwest,2018,Gonorrhea,15-29,4797.0,1092622.0,439.0
27,Minnesota,MN,Midwest,2018,P&S Syphilis,15-29,115.0,1092622.0,10.5
27,Minnesota,MN,Midwest,2019,Chlamydia,15-29,19386.0,1095863.0,1769.0
27,Minnesota,MN,Midwest,2019,Gonorrhea,15-29,4850.0,1095863.0,442.6
27,Minnesota,MN,Midwest,2019,P&S Syphilis,15-29,170.0,1095863.0,15.5
27,Minnesota,MN,Midwest,2020,Chlamydia,15-29,17551.0,1097643.0,1599.0
27,Minnesota,MN,Midwest,2020,Gonorrhea,15-29,6348.0,1097643.0,578.3
27,Minnesota,MN,Midwest,2020,P&S Syphilis,15-29,158.0,1097643.0,14.4
27,Minnesota,MN,Midwest,2021,Chlamydia,15-29,17366.0,1095795.0,1584.8
27,Minnesota,MN,Midwest,2021,Gonorrhea,15-29,5580.0,1095795.0,509.2
27,Minnesota,MN,Midwest,2021,P&S Syphilis,15-29,185.0,1095795.0,16.9
27,Minnesota,MN,Midwest,2022,Chlamydia,15-29,16699.0,1107049.0,1508.4
27,Minnesota,MN,Midwest,2022,Gonorrhea,15-29,4729.0,1107049.0,427.2
27,Minnesota,MN,Midwest,2022,P&S Syphilis,15-29,197.0,1107049.0,17.8
27,Minnesota,MN,Midwest,2023,Chlamydia,15-29,16482.0,1100722.0,1497.4
27,Minnesota,MN,Midwest,2023,Gonorrhea,15-29,4359.0,1100722.0,396.0
27,Minnesota,MN,Midwest,2023,P&S Syphilis,15-29,144.0,1100722.0,13.1
28,Mississippi,MS,South,2013,Chlamydia,15-29,15468.0,631791.0,2448.3
28,Mississippi,MS,South,2013,Gonorrhea,15-29,4212.0,631791.0,666.7
28,Mississippi,MS,South,2013,P&S Syphilis,15-29,43.0,631791.0,6.8
28,Mississippi,MS,South,2014,Chlamydia,15-29,17382.0,630939.0,2754.9
28,Mississippi,MS,South,2014,Gonorrhea,15-29,4690.0,630939.0,743.3
28,Mississippi,MS,South,2014,P&S Syphilis,15-29,138.0,630939.0,21.9
28,Mississippi,MS,South,2015,Chlamydia,15-29,15348.0,629174.0,2439.4
28,Mississippi,MS,South,2015,Gonorrhea,15-29,4815.0,629174.0,765.3
28,Mississippi,MS,South,2015,P&S Syphilis,15-29,133.0,629174.0,21.1
28,Mississippi,MS,South,2016,Chlamydia,15-29,17701.0,627210.0,2822.2
28,Mississippi,MS,South,2016,Gonorrhea,15-29,5785.0,627210.0,922.3
28,Mississippi,MS,South,2016,P&S Syphilis,15-29,205.0,627210.0,32.7
28,Mississippi,MS,South,2017,Chlamydia,15-29,18598.0,625224.0,2974.6
28,Mississippi,MS,South,2017,Gonorrhea,15-29,7203.0,625224.0,1152.1
28,Mississippi,MS,South,2017,P&S Syphilis,15-29,176.0,625224.0,28.1
28,Mississippi,MS,South,2018,Chlamydia,15-29,19402.0,616697.0,3146.1
28,Mississippi,MS,South,2018,Gonorrhea,15-29,7509.0,616697.0,1217.6
28,Mississippi,MS,South,2018,P&S Syphilis,15-29,293.0,616697.0,47.5
28,Mississippi,MS,South,2019,Chlamydia,15-29,21900.0,609854.0,3591.0
28,Mississippi,MS,South,2019,Gonorrhea,15-29,9372.0,609854.0,1536.8
28,Mississippi,MS,South,2019,P&S Syphilis,15-29,385.0,609854.0,63.1
28,Mississippi,MS,South,2020,Chlamydia,15-29,20561.0,597861.0,3439.1
28,Mississippi,MS,South,2020,Gonorrhea,15-29,10411.0,597861.0,1741.4
28,Mississippi,MS,South,2020,P&S Syphilis,15-29,438.0,597861.0,73.3
28,Mississippi,MS,South,2021,Chlamydia,15-29,18813.0,592730.0,3174.0
28,Mississippi,MS,South,2021,Gonorrhea,15-29,9501.0,592730.0,1602.9
28,Mississippi,MS,South,2021,P&S Syphilis,15-29,413.0,592730.0,69.7
28,Mississippi,MS,South,2022,Chlamydia,15-29,19359.0,602569.0,3212.7
28,Mississippi,MS,South,2022,Gonorrhea,15-29,8136.0,602569.0,1350.2
28,Mississippi,MS,South,2022,P&S Syphilis,15-29,401.0,602569.0,66.5
28,Mississippi,MS,South,2023,Chlamydia,15-29,17237.0,595874.0,2892.7
28,Mississippi,MS,South,2023,Gonorrhea,15-29,5513.0,595874.0,925.2
28,Mississippi,MS,South,2023,P&S Syphilis,15-29,366.0,595874.0,61.4
29,Missouri,MO,Midwest,2013,Chlamydia,15-29,23754.0,1231401.0,1929.0
29,Missouri,MO,Midwest,2013,Gonorrhea,15-29,5833.0,1231401.0,473.7
29,Missouri,MO,Midwest,2013,P&S Syphilis,15-29,127.0,1231401.0,10.3
29,Missouri,MO,Midwest,2014,Chlamydia,15-29,24114.0,1230507.0,1959.7
29,Missouri,MO,Midwest,2014,Gonorrhea,15-29,5712.0,1230507.0,464.2
29,Missouri,MO,Midwest,2014,P&S Syphilis,15-29,126.0,1230507.0,10.2
29,Missouri,MO,Midwest,2015,Chlamydia,15-29,24712.0,1230769.0,2007.9
29,Missouri,MO,Midwest,2015,Gonorrhea,15-29,6653.0,1230769.0,540.6
29,Missouri,MO,Midwest,2015,P&S Syphilis,15-29,136.0,1230769.0,11.1
29,Missouri,MO,Midwest,2016,Chlamydia,15-29,26059.0,1227808.0,2122.4
29,Missouri,MO,Midwest,2016,Gonorrhea,15-29,8213.0,1227808.0,668.9
29,Missouri,MO,Midwest,2016,P&S Syphilis,15-29,201.0,1227808.0,16.4
29,Missouri,MO,Midwest,2017,Chlamydia,15-29,27525.0,1227105.0,2243.1
29,Missouri,MO,Midwest,2017,Gonorrhea,15-29,9046.0,1227105.0,737.2
29,Missouri,MO,Midwest,2017,P&S Syphilis,15-29,214.0,1227105.0,17.4
29,Missouri,MO,Midwest,2018,Chlamydia,15-29,29020.0,1224536.0,2369.9
29,Missouri,MO,Midwest,2018,Gonorrhea,15-29,10012.0,1224536.0,817.6
29,Missouri,MO,Midwest,2018,P&S Syphilis,15-29,343.0,1224536.0,28.0
29,Missouri,MO,Midwest,2019,Chlamydia,15-29,28393.0,1219865.0,2327.6
29,Missouri,MO,Midwest,2019,Gonorrhea,15-29,10030.0,1219865.0,822.2
29,Missouri,MO,Midwest,2019,P&S Syphilis,15-29,305.0,1219865.0,25.0
29,Missouri,MO,Midwest,2020,Chlamydia,15-29,26229.0,1207935.0,2171.4
29,Missouri,MO,Midwest,2020,Gonorrhea,15-29,11008.0,1207935.0,911.3
29,Missouri,MO,Midwest,2020,P&S Syphilis,15-29,324.0,1207935.0,26.8
29,Missouri,MO,Midwest,2021,Chlamydia,15-29,25641.0,1205098.0,2127.7
29,Missouri,MO,Midwest,2021,Gonorrhea,15-29,9746.0,1205098.0,808.7
29,Missouri,MO,Midwest,2021,P&S Syphilis,15-29,462.0,1205098.0,38.3
29,Missouri,MO,Midwest,2022,Chlamydia,15-29,25775.0,1221868.0,2109.5
29,Missouri,MO,Midwest,2022,Gonorrhea,15-29,9610.0,1221868.0,786.5
29,Missouri,MO,Midwest,2022,P&S Syphilis,15-29,491.0,1221868.0,40.2
29,Missouri,MO,Midwest,2023,Chlamydia,15-29,24397.0,1210316.0,2015.8
29,Missouri,MO,Midwest,2023,Gonorrhea,15-29,7803.0,1210316.0,644.7
29,Missouri,MO,Midwest,2023,P&S Syphilis,15-29,423.0,1210316.0,34.9
30,Montana,MT,West,2013,Chlamydia,15-29,3296.0,200976.0,1640.0
30,Montana,MT,West,2013,Gonorrhea,15-29,171.0,200976.0,85.1
30,Montana,MT,West,2013,P&S Syphilis,15-29,3.0,200976.0,1.5
30,Montana,MT,West,2014,Chlamydia,15-29,3583.0,201805.0,1775.5
30,Montana,MT,West,2014,Gonorrhea,15-29,289.0,201805.0,143.2
30,Montana,MT,West,2014,P&S Syphilis,15-29,5.0,201805.0,2.5
30,Montana,MT,West,2015,Chlamydia,15-29,3576.0,202819.0,1763.1
30,Montana,MT,West,2015,Gonorrhea,15-29,587.0,202819.0,289.4
30,Montana,MT,West,2015,P&S Syphilis,15-29,7.0,202819.0,3.5
30,Montana,MT,West,2016,Chlamydia,15-29,3712.0,204674.0,1813.6
30,Montana,MT,West,2016,Gonorrhea,15-29,575.0,204674.0,280.9
30,Montana,MT,West,2016,P&S Syphilis,15-29,7.0,204674.0,3.4
30,Montana,MT,West,2017,Chlamydia,15-29,3718.0,206796.0,1797.9
30,Montana,MT,West,2017,Gonorrhea,15-29,497.0,206796.0,240.3
30,Montana,MT,West,2017,P&S Syphilis,15-29,19.0,206796.0,9.2
30,Montana,MT,West,2018,Chlamydia,15-29,4006.0,207421.0,1931.3
30,Montana,MT,West,2018,Gonorrhea,15-29,673.0,207421.0,324.5
30,Montana,MT,West,2018,P&S Syphilis,15-29,18.0,207421.0,8.7
30,Montana,MT,West,2019,Chlamydia,15-29,3786.0,207567.0,1824.0
30,Montana,MT,West,2019,Gonorrhea,15-29,882.0,207567.0,424.9
30,Montana,MT,West,2019,P&S Syphilis,15-29,29.0,207567.0,14.0
30,Montana,MT,West,2020,Chlamydia,15-29,3258.0,208610.0,1561.8
30,Montana,MT,West,2020,Gonorrhea,15-29,894.0,208610.0,428.6
30,Montana,MT,West,2020,P&S Syphilis,15-29,14.0,208610.0,6.7
30,Montana,MT,West,2021,Chlamydia,15-29,3274.0,212969.0,1537.3
30,Montana,MT,West,2021,Gonorrhea,15-29,716.0,212969.0,336.2
30,Montana,MT,West,2021,P&S Syphilis,15-29,31.0,212969.0,14.6
30,Montana,MT,West,2022,Chlamydia,15-29,3198.0,219498.0,1457.0
30,Montana,MT,West,2022,Gonorrhea,15-29,612.0,219498.0,278.8
30,Montana,MT,West,2022,P&S Syphilis,15-29,132.0,219498.0,60.1
30,Montana,MT,West,2023,Chlamydia,15-29,2812.0,217776.0,1291.2
30,Montana,MT,West,2023,Gonorrhea,15-29,382.0,217776.0,175.4
30,Montana,MT,West,2023,P&S Syphilis,15-29,108.0,217776.0,49.6
31,Nebraska,NE,Midwest,2013,Chlamydia,15-29,6274.0,386348.0,1623.9
31,Nebraska,NE,Midwest,2013,Gonorrhea,15-29,1027.0,386348.0,265.8
31,Nebraska,NE,Midwest,2013,P&S Syphilis,15-29,27.0,386348.0,7.0
31,Nebraska,NE,Midwest,2014,Chlamydia,15-29,6406.0,388649.0,1648.3
31,Nebraska,NE,Midwest,2014,Gonorrhea,15-29,1067.0,388649.0,274.5
31,Nebraska,NE,Midwest,2014,P&S Syphilis,15-29,24.0,388649.0,6.2
31,Nebraska,NE,Midwest,2015,Chlamydia,15-29,6636.0,389366.0,1704.3
31,Nebraska,NE,Midwest,2015,Gonorrhea,15-29,1212.0,389366.0,311.3
31,Nebraska,NE,Midwest,2015,P&S Syphilis,15-29,22.0,389366.0,5.7
31,Nebraska,NE,Midwest,2016,Chlamydia,15-29,6872.0,392161.0,1752.3
31,Nebraska,NE,Midwest,2016,Gonorrhea,15-29,1482.0,392161.0,377.9
31,Nebraska,NE,Midwest,2016,P&S Syphilis,15-29,28.0,392161.0,7.1
31,Nebraska,NE,Midwest,2017,Chlamydia,15-29,7087.0,393906.0,1799.2
31,Nebraska,NE,Midwest,2017,Gonorrhea,15-29,1741.0,393906.0,442.0
31,Nebraska,NE,Midwest,2017,P&S Syphilis,15-29,19.0,393906.0,4.8
31,Nebraska,NE,Midwest,2018,Chlamydia,15-29,6637.0,395753.0,1677.1
31,Nebraska,NE,Midwest,2018,Gonorrhea,15-29,1719.0,395753.0,434.4
31,Nebraska,NE,Midwest,2018,P&S Syphilis,15-29,47.0,395753.0,11.9
31,Nebraska,NE,Midwest,2019,Chlamydia,15-29,7696.0,397906.0,1934.1
31,Nebraska,NE,Midwest,2019,Gonorrhea,15-29,1956.0,397906.0,491.6
31,Nebraska,NE,Midwest,2019,P&S Syphilis,15-29,70.0,397906.0,17.6
31,Nebraska,NE,Midwest,2020,Chlamydia,15-29,7306.0,400886.0,1822.5
31,Nebraska,NE,Midwest,2020,Gonorrhea,15-29,2165.0,400886.0,540.1
31,Nebraska,NE,Midwest,2020,P&S Syphilis,15-29,53.0,400886.0,13.2
31,Nebraska,NE,Midwest,2021,Chlamydia,15-29,7275.0,402540.0,1807.3
31,Nebraska,NE,Midwest,2021,Gonorrhea,15-29,1898.0,402540.0,471.5
31,Nebraska,NE,Midwest,2021,P&S Syphilis,15-29,96.0,402540.0,23.8
31,Nebraska,NE,Midwest,2022,Chlamydia,15-29,7737.0,407054.0,1900.7
31,Nebraska,NE,Midwest,2022,Gonorrhea,15-29,1598.0,407054.0,392.6
31,Nebraska,NE,Midwest,2022,P&S Syphilis,15-29,77.0,407054.0,18.9
31,Nebraska,NE,Midwest,2023,Chlamydia,15-29,7417.0,406412.0,1825.0
31,Nebraska,NE,Midwest,2023,Gonorrhea,15-29,1338.0,406412.0,329.2
31,Nebraska,NE,Midwest,2023,P&S Syphilis,15-29,69.0,406412.0,17.0
32,Nevada,NV,West,2013,Chlamydia,15-29,9537.0,558154.0,1708.7
32,Nevada,NV,West,2013,Gonorrhea,15-29,1810.0,558154.0,324.3
32,Nevada,NV,West,2013,P&S Syphilis,15-29,100.0,558154.0,17.9
32,Nevada,NV,West,2014,Chlamydia,15-29,9625.0,563094.0,1709.3
32,Nevada,NV,West,2014,Gonorrhea,15-29,2024.0,563094.0,359.4
32,Nevada,NV,West,2014,P&S Syphilis,15-29,165.0,563094.0,29.3
32,Nevada,NV,West,2015,Chlamydia,15-29,10232.0,569020.0,1798.2
32,Nevada,NV,West,2015,Gonorrhea,15-29,2272.0,569020.0,399.3
32,Nevada,NV,West,2015,P&S Syphilis,15-29,173.0,569020.0,30.4
32,Nevada,NV,West,2016,Chlamydia,15-29,11568.0,575809.0,2009.0
32,Nevada,NV,West,2016,Gonorrhea,15-29,2718.0,575809.0,472.0
32,Nevada,NV,West,2016,P&S Syphilis,15-29,204.0,575809.0,35.4
32,Nevada,NV,West,2017,Chlamydia,15-29,12653.0,582547.0,2172.0
32,Nevada,NV,West,2017,Gonorrhea,15-29,3274.0,582547.0,562.0
32,Nevada,NV,West,2017,P&S Syphilis,15-29,226.0,582547.0,38.8
32,Nevada,NV,West,2018,Chlamydia,15-29,13474.0,589261.0,2286.6
32,Nevada,NV,West,2018,Gonorrhea,15-29,3978.0,589261.0,675.1
32,Nevada,NV,West,2018,P&S Syphilis,15-29,272.0,589261.0,46.2
32,Nevada,NV,West,2019,Chlamydia,15-29,13586.0,594584.0,2285.0
32,Nevada,NV,West,2019,Gonorrhea,15-29,3725.0,594584.0,626.5
32,Nevada,NV,West,2019,P&S Syphilis,15-29,305.0,594584.0,51.3
32,Nevada,NV,West,2020,Chlamydia,15-29,10221.0,590567.0,1730.7
32,Nevada,NV,West,2020,Gonorrhea,15-29,3350.0,590567.0,567.3
32,Nevada,NV,West,2020,P&S Syphilis,15-29,261.0,590567.0,44.2
32,Nevada,NV,West,2021,Chlamydia,15-29,9279.0,592877.0,1565.1
32,Nevada,NV,West,2021,Gonorrhea,15-29,3937.0,592877.0,664.1
32,Nevada,NV,West,2021,P&S Syphilis,15-29,257.0,592877.0,43.3
32,Nevada,NV,West,2022,Chlamydia,15-29,11325.0,607877.0,1863.0
32,Nevada,NV,West,2022,Gonorrhea,15-29,3840.0,607877.0,631.7
32,Nevada,NV,West,2022,P&S Syphilis,15-29,300.0,607877.0,49.4
32,Nevada,NV,West,2023,Chlamydia,15-29,10822.0,597489.0,1811.2
32,Nevada,NV,West,2023,Gonorrhea,15-29,3318.0,597489.0,555.3
32,Nevada,NV,West,2023,P&S Syphilis,15-29,228.0,597489.0,38.2
33,New Hampshire,NH,Northeast,2013,Chlamydia,15-29,2730.0,257244.0,1061.2
33,New Hampshire,NH,Northeast,2013,Gonorrhea,15-29,71.0,257244.0,27.6
33,New Hampshire,NH,Northeast,2013,P&S Syphilis,15-29,9.0,257244.0,3.5
33,New Hampshire,NH,Northeast,2014,Chlamydia,15-29,3052.0,260270.0,1172.6
33,New Hampshire,NH,Northeast,2014,Gonorrhea,15-29,151.0,260270.0,58.0
33,New Hampshire,NH,Northeast,2014,P&S Syphilis,15-29,12.0,260270.0,4.6
33,New Hampshire,NH,Northeast,2015,Chlamydia,15-29,2632.0,260362.0,1010.9
33,New Hampshire,NH,Northeast,2015,Gonorrhea,15-29,144.0,260362.0,55.3
33,New Hampshire,NH,Northeast,2015,P&S Syphilis,15-29,14.0,260362.0,5.4
33,New Hampshire,NH,Northeast,2016,Chlamydia,15-29,2991.0,260756.0,1147.0
33,New Hampshire,NH,Northeast,2016,Gonorrhea,15-29,240.0,260756.0,92.0
33,New Hampshire,NH,Northeast,2016,P&S Syphilis,15-29,9.0,260756.0,3.5
33,New Hampshire,NH,Northeast,2017,Chlamydia,15-29,3766.0,261141.0,1442.1
33,New Hampshire,NH,Northeast,2017,Gonorrhea,15-29,263.0,261141.0,100.7
33,New Hampshire,NH,Northeast,2017,P&S Syphilis,15-29,14.0,261141.0,5.4
33,New Hampshire,NH,Northeast,2018,Chlamydia,15-29,3157.0,259780.0,1215.3
33,New Hampshire,NH,Northeast,2018,Gonorrhea,15-29,320.0,259780.0,123.2
33,New Hampshire,NH,Northeast,2018,P&S Syphilis,15-29,34.0,259780.0,13.1
33,New Hampshire,NH,Northeast,2019,Chlamydia,15-29,2962.0,259269.0,1142.4
33,New Hampshire,NH,Northeast,2019,Gonorrhea,15-29,228.0,259269.0,87.9
33,New Hampshire,NH,Northeast,2019,P&S Syphilis,15-29,18.0,259269.0,6.9
33,New Hampshire,NH,Northeast,2020,Chlamydia,15-29,2399.0,259101.0,925.9
33,New Hampshire,NH,Northeast,2020,Gonorrhea,15-29,241.0,259101.0,93.0
33,New Hampshire,NH,Northeast,2020,P&S Syphilis,15-29,18.0,259101.0,6.9
33,New Hampshire,NH,Northeast,2021,Chlamydia,15-29,2446.0,259219.0,943.6
33,New Hampshire,NH,Northeast,2021,Gonorrhea,15-29,333.0,259219.0,128.5
33,New Hampshire,NH,Northeast,2021,P&S Syphilis,15-29,23.0,259219.0,8.9
33,New Hampshire,NH,Northeast,2022,Chlamydia,15-29,2255.0,255886.0,881.3
33,New Hampshire,NH,Northeast,2022,Gonorrhea,15-29,349.0,255886.0,136.4
33,New Hampshire,NH,Northeast,2022,P&S Syphilis,15-29,21.0,255886.0,8.2
33,New Hampshire,NH,Northeast,2023,Chlamydia,15-29,2156.0,253480.0,850.6
33,New Hampshire,NH,Northeast,2023,Gonorrhea,15-29,329.0,253480.0,129.8
33,New Hampshire,NH,Northeast,2023,P&S Syphilis,15-29,17.0,253480.0,6.7
34,New Jersey,NJ,Northeast,2013,Chlamydia,15-29,23613.0,1698278.0,1390.4
34,New Jersey,NJ,Northeast,2013,Gonorrhea,15-29,5085.0,1698278.0,299.4
34,New Jersey,NJ,Northeast,2013,P&S Syphilis,15-29,87.0,1698278.0,5.1
34,New Jersey,NJ,Northeast,2014,Chlamydia,15-29,24588.0,1696640.0,1449.2
34,New Jersey,NJ,Northeast,2014,Gonorrhea,15-29,4845.0,1696640.0,285.6
34,New Jersey,NJ,Northeast,2014,P&S Syphilis,15-29,120.0,1696640.0,7.1
34,New Jersey,NJ,Northeast,2015,Chlamydia,15-29,25601.0,1694792.0,1510.6
34,New Jersey,NJ,Northeast,2015,Gonorrhea,15-29,5001.0,1694792.0,295.1
34,New Jersey,NJ,Northeast,2015,P&S Syphilis,15-29,178.0,1694792.0,10.5
34,New Jersey,NJ,Northeast,2016,Chlamydia,15-29,28298.0,1689337.0,1675.1
34,New Jersey,NJ,Northeast,2016,Gonorrhea,15-29,5488.0,1689337.0,324.9
34,New Jersey,NJ,Northeast,2016,P&S Syphilis,15-29,208.0,1689337.0,12.3
34,New Jersey,NJ,Northeast,2017,Chlamydia,15-29,28643.0,1688872.0,1696.0
34,New Jersey,NJ,Northeast,2017,Gonorrhea,15-29,6141.0,1688872.0,363.6
34,New Jersey,NJ,Northeast,2017,P&S Syphilis,15-29,230.0,1688872.0,13.6
34,New Jersey,NJ,Northeast,2018,Chlamydia,15-29,29758.0,1681865.0,1769.3
34,New Jersey,NJ,Northeast,2018,Gonorrhea,15-29,5828.0,1681865.0,346.5
34,New Jersey,NJ,Northeast,2018,P&S Syphilis,15-29,255.0,1681865.0,15.2
34,New Jersey,NJ,Northeast,2019,Chlamydia,15-29,30805.0,1672782.0,1841.5
34,New Jersey,NJ,Northeast,2019,Gonorrhea,15-29,6421.0,1672782.0,383.9
34,New Jersey,NJ,Northeast,2019,P&S Syphilis,15-29,302.0,1672782.0,18.1
34,New Jersey,NJ,Northeast,2020,Chlamydia,15-29,26031.0,1727778.0,1506.6
34,New Jersey,NJ,Northeast,2020,Gonorrhea,15-29,6877.0,1727778.0,398.0
34,New Jersey,NJ,Northeast,2020,P&S Syphilis,15-29,310.0,1727778.0,17.9
34,New Jersey,NJ,Northeast,2021,Chlamydia,15-29,26536.0,1717599.0,1544.9
34,New Jersey,NJ,Northeast,2021,Gonorrhea,15-29,6849.0,1717599.0,398.8
34,New Jersey,NJ,Northeast,2021,P&S Syphilis,15-29,383.0,1717599.0,22.3
34,New Jersey,NJ,Northeast,2022,Chlamydia,15-29,25900.0,1730768.0,1496.4
34,New Jersey,NJ,Northeast,2022,Gonorrhea,15-29,6097.0,1730768.0,352.3
34,New Jersey,NJ,Northeast,2022,P&S Syphilis,15-29,428.0,1730768.0,24.7
34,New Jersey,NJ,Northeast,2023,Chlamydia,15-29,27303.0,1709930.0,1596.7
34,New Jersey,NJ,Northeast,2023,Gonorrhea,15-29,6387.0,1709930.0,373.5
34,New Jersey,NJ,Northeast,2023,P&S Syphilis,15-29,276.0,1709930.0,16.1
35,New Mexico,NM,West,2013,Chlamydia,15-29,9978.0,437008.0,2283.3
35,New Mexico,NM,West,2013,Gonorrhea,15-29,1288.0,437008.0,294.7
35,New Mexico,NM,West,2013,P&S Syphilis,15-29,43.0,437008.0,9.8
35,New Mexico,NM,West,2014,Chlamydia,15-29,9390.0,434611.0,2160.6
35,New Mexico,NM,West,2014,Gonorrhea,15-29,1532.0,434611.0,352.5
35,New Mexico,NM,West,2014,P&S Syphilis,15-29,62.0,434611.0,14.3
35,New Mexico,NM,West,2015,Chlamydia,15-29,10162.0,432305.0,2350.7
35,New Mexico,NM,West,2015,Gonorrhea,15-29,1637.0,432305.0,378.7
35,New Mexico,NM,West,2015,P&S Syphilis,15-29,58.0,432305.0,13.4
35,New Mexico,NM,West,2016,Chlamydia,15-29,10461.0,430647.0,2429.1
35,New Mexico,NM,West,2016,Gonorrhea,15-29,2192.0,430647.0,509.0
35,New Mexico,NM,West,2016,P&S Syphilis,15-29,97.0,430647.0,22.5
35,New Mexico,NM,West,2017,Chlamydia,15-29,10766.0,428290.0,2513.7
35,New Mexico,NM,West,2017,Gonorrhea,15-29,2714.0,428290.0,633.7
35,New Mexico,NM,West,2017,P&S Syphilis,15-29,91.0,428290.0,21.2
35,New Mexico,NM,West,2018,Chlamydia,15-29,10904.0,425674.0,2561.6
35,New Mexico,NM,West,2018,Gonorrhea,15-29,3004.0,425674.0,705.7
35,New Mexico,NM,West,2018,P&S Syphilis,15-29,104.0,425674.0,24.4
35,New Mexico,NM,West,2019,Chlamydia,15-29,11047.0,424091.0,2604.9
35,New Mexico,NM,West,2019,Gonorrhea,15-29,2598.0,424091.0,612.6
35,New Mexico,NM,West,2019,P&S Syphilis,15-29,184.0,424091.0,43.4
35,New Mexico,NM,West,2020,Chlamydia,15-29,9339.0,424814.0,2198.4
35,New Mexico,NM,West,2020,Gonorrhea,15-29,2367.0,424814.0,557.2
35,New Mexico,NM,West,2020,P&S Syphilis,15-29,181.0,424814.0,42.6
35,New Mexico,NM,West,2021,Chlamydia,15-29,9335.0,422530.0,2209.3
35,New Mexico,NM,West,2021,Gonorrhea,15-29,2583.0,422530.0,611.3
35,New Mexico,NM,West,2021,P&S Syphilis,15-29,242.0,422530.0,57.3
35,New Mexico,NM,West,2022,Chlamydia,15-29,8215.0,429532.0,1912.5
35,New Mexico,NM,West,2022,Gonorrhea,15-29,2102.0,429532.0,489.4
35,New Mexico,NM,West,2022,P&S Syphilis,15-29,225.0,429532.0,52.4
35,New Mexico,NM,West,2023,Chlamydia,15-29,7931.0,421998.0,1879.4
35,New Mexico,NM,West,2023,Gonorrhea,15-29,1726.0,421998.0,409.0
35,New Mexico,NM,West,2023,P&S Syphilis,15-29,235.0,421998.0,55.7
36,New York,NY,Northeast,2013,Chlamydia,15-29,77095.0,4157765.0,1854.2
36,New York,NY,Northeast,2013,Gonorrhea,15-29,13799.0,4157765.0,331.9
36,New York,NY,Northeast,2013,P&S Syphilis,15-29,589.0,4157765.0,14.2
36,New York,NY,Northeast,2014,Chlamydia,15-29,78322.0,4140450.0,1891.6
36,New York,NY,Northeast,2014,Gonorrhea,15-29,13878.0,4140450.0,335.2
36,New York,NY,Northeast,2014,P&S Syphilis,15-29,692.0,4140450.0,16.7
36,New York,NY,Northeast,2015,Chlamydia,15-29,80797.0,4108378.0,1966.6
36,New York,NY,Northeast,2015,Gonorrhea,15-29,16467.0,4108378.0,400.8
36,New York,NY,Northeast,2015,P&S Syphilis,15-29,885.0,4108378.0,21.5
36,New York,NY,Northeast,2016,Chlamydia,15-29,84291.0,4069675.0,2071.2
36,New York,NY,Northeast,2016,Gonorrhea,15-29,18085.0,4069675.0,444.4
36,New York,NY,Northeast,2016,P&S Syphilis,15-29,1068.0,4069675.0,26.2
36,New York,NY,Northeast,2017,Chlamydia,15-29,89257.0,4020355.0,2220.1
36,New York,NY,Northeast,2017,Gonorrhea,15-29,20722.0,4020355.0,515.4
36,New York,NY,Northeast,2017,P&S Syphilis,15-29,1014.0,4020355.0,25.2
36,New York,NY,Northeast,2018,Chlamydia,15-29,90954.0,3967319.0,2292.6
36,New York,NY,Northeast,2018,Gonorrhea,15-29,21990.0,3967319.0,554.3
36,New York,NY,Northeast,2018,P&S Syphilis,15-29,1045.0,3967319.0,26.3
36,New York,NY,Northeast,2019,Chlamydia,15-29,93152.0,3910189.0,2382.3
36,New York,NY,Northeast,2019,Gonorrhea,15-29,23671.0,3910189.0,605.4
36,New York,NY,Northeast,2019,P&S Syphilis,15-29,1115.0,3910189.0,28.5
36,New York,NY,Northeast,2020,Chlamydia,15-29,73626.0,3985195.0,1847.5
36,New York,NY,Northeast,2020,Gonorrhea,15-29,25269.0,3985195.0,634.1
36,New York,NY,Northeast,2020,P&S Syphilis,15-29,1119.0,3985195.0,28.1
36,New York,NY,Northeast,2021,Chlamydia,15-29,73411.0,3830743.0,1916.4
36,New York,NY,Northeast,2021,Gonorrhea,15-29,24168.0,3830743.0,630.9
36,New York,NY,Northeast,2021,P&S Syphilis,15-29,1129.0,3830743.0,29.5
36,New York,NY,Northeast,2022,Chlamydia,15-29,73138.0,3853834.0,1897.8
36,New York,NY,Northeast,2022,Gonorrhea,15-29,22528.0,3853834.0,584.6
36,New York,NY,Northeast,2022,P&S Syphilis,15-29,1270.0,3853834.0,33.0
36,New York,NY,Northeast,2023,Chlamydia,15-29,75847.0,3774796.0,2009.3
36,New York,NY,Northeast,2023,Gonorrhea,15-29,22552.0,3774796.0,597.4
36,New York,NY,Northeast,2023,P&S Syphilis,15-29,944.0,3774796.0,25.0
37,North Carolina,NC,South,2013,Chlamydia,15-29,42092.0,2001005.0,2103.5
37,North Carolina,NC,South,2013,Gonorrhea,15-29,10739.0,2001005.0,536.7
37,North Carolina,NC,South,2013,P&S Syphilis,15-29,215.0,2001005.0,10.7
37,North Carolina,NC,South,2014,Chlamydia,15-29,40615.0,2018153.0,2012.5
37,North Carolina,NC,South,2014,Gonorrhea,15-29,11318.0,2018153.0,560.8
37,North Carolina,NC,South,2014,P&S Syphilis,15-29,389.0,2018153.0,19.3
37,North Carolina,NC,South,2015,Chlamydia,15-29,55018.0,2043011.0,2693.0
37,North Carolina,NC,South,2015,Gonorrhea,15-29,15101.0,2043011.0,739.2
37,North Carolina,NC,South,2015,P&S Syphilis,15-29,616.0,2043011.0,30.2
37,North Carolina,NC,South,2016,Chlamydia,15-29,49352.0,2077351.0,2375.7
37,North Carolina,NC,South,2016,Gonorrhea,15-29,14544.0,2077351.0,700.1
37,North Carolina,NC,South,2016,P&S Syphilis,15-29,536.0,2077351.0,25.8
37,North Carolina,NC,South,2017,Chlamydia,15-29,53449.0,2094489.0,2551.9
37,North Carolina,NC,South,2017,Gonorrhea,15-29,16377.0,2094489.0,781.9
37,North Carolina,NC,South,2017,P&S Syphilis,15-29,574.0,2094489.0,27.4
37,North Carolina,NC,South,2018,Chlamydia,15-29,56320.0,2112691.0,2665.8
37,North Carolina,NC,South,2018,Gonorrhea,15-29,16602.0,2112691.0,785.8
37,North Carolina,NC,South,2018,P&S Syphilis,15-29,539.0,2112691.0,25.5
37,North Carolina,NC,South,2019,Chlamydia,15-29,58714.0,2120652.0,2768.7
37,North Carolina,NC,South,2019,Gonorrhea,15-29,18179.0,2120652.0,857.2
37,North Carolina,NC,South,2019,P&S Syphilis,15-29,525.0,2120652.0,24.8
37,North Carolina,NC,South,2020,Chlamydia,15-29,53481.0,2086587.0,2563.1
37,North Carolina,NC,South,2020,Gonorrhea,15-29,19289.0,2086587.0,924.4
37,North Carolina,NC,South,2020,P&S Syphilis,15-29,552.0,2086587.0,26.5
37,North Carolina,NC,South,2021,Chlamydia,15-29,51943.0,2099897.0,2473.6
37,North Carolina,NC,South,2021,Gonorrhea,15-29,19226.0,2099897.0,915.6
37,North Carolina,NC,South,2021,P&S Syphilis,15-29,757.0,2099897.0,36.0
37,North Carolina,NC,South,2022,Chlamydia,15-29,51889.0,2156682.0,2406.0
37,North Carolina,NC,South,2022,Gonorrhea,15-29,17872.0,2156682.0,828.7
37,North Carolina,NC,South,2022,P&S Syphilis,15-29,916.0,2156682.0,42.5
37,North Carolina,NC,South,2023,Chlamydia,15-29,52276.0,2156700.0,2423.9
37,North Carolina,NC,South,2023,Gonorrhea,15-29,17162.0,2156700.0,795.8
37,North Carolina,NC,South,2023,P&S Syphilis,15-29,791.0,2156700.0,36.7
38,North Dakota,ND,Midwest,2013,Chlamydia,15-29,2570.0,169866.0,1513.0
38,North Dakota,ND,Midwest,2013,Gonorrhea,15-29,388.0,169866.0,228.4
38,North Dakota,ND,Midwest,2013,P&S Syphilis,15-29,7.0,169866.0,4.1
38,North Dakota,ND,Midwest,2014,Chlamydia,15-29,2953.0,173634.0,1700.7
38,North Dakota,ND,Midwest,2014,Gonorrhea,15-29,553.0,173634.0,318.5
38,North Dakota,ND,Midwest,2014,P&S Syphilis,15-29,8.0,173634.0,4.6
38,North Dakota,ND,Midwest,2015,Chlamydia,15-29,2680.0,177457.0,1510.2
38,North Dakota,ND,Midwest,2015,Gonorrhea,15-29,496.0,177457.0,279.5
38,North Dakota,ND,Midwest,2015,P&S Syphilis,15-29,6.0,177457.0,3.4
38,North Dakota,ND,Midwest,2016,Chlamydia,15-29,2866.0,174570.0,1641.7
38,North Dakota,ND,Midwest,2016,Gonorrhea,15-29,695.0,174570.0,398.1
38,North Dakota,ND,Midwest,2016,P&S Syphilis,15-29,18.0,174570.0,10.3
38,North Dakota,ND,Midwest,2017,Chlamydia,15-29,2679.0,172549.0,1552.6
38,North Dakota,ND,Midwest,2017,Gonorrhea,15-29,647.0,172549.0,375.0
38,North Dakota,ND,Midwest,2017,P&S Syphilis,15-29,18.0,172549.0,10.4
38,North Dakota,ND,Midwest,2018,Chlamydia,15-29,2860.0,171206.0,1670.5
38,North Dakota,ND,Midwest,2018,Gonorrhea,15-29,869.0,171206.0,507.6
38,North Dakota,ND,Midwest,2018,P&S Syphilis,15-29,22.0,171206.0,12.9
38,North Dakota,ND,Midwest,2019,Chlamydia,15-29,3140.0,169686.0,1850.5
38,North Dakota,ND,Midwest,2019,Gonorrhea,15-29,884.0,169686.0,521.0
38,North Dakota,ND,Midwest,2019,P&S Syphilis,15-29,18.0,169686.0,10.6
38,North Dakota,ND,Midwest,2020,Chlamydia,15-29,2829.0,171239.0,1652.1
38,North Dakota,ND,Midwest,2020,Gonorrhea,15-29,995.0,171239.0,581.1
38,North Dakota,ND,Midwest,2020,P&S Syphilis,15-29,12.0,171239.0,7.0
38,North Dakota,ND,Midwest,2021,Chlamydia,15-29,3124.0,168592.0,1853.0
38,North Dakota,ND,Midwest,2021,Gonorrhea,15-29,960.0,168592.0,569.4
38,North Dakota,ND,Midwest,2021,P&S Syphilis,15-29,22.0,168592.0,13.0
38,North Dakota,ND,Midwest,2022,Chlamydia,15-29,2842.0,173048.0,1642.3
38,North Dakota,ND,Midwest,2022,Gonorrhea,15-29,757.0,173048.0,437.5
38,North Dakota,ND,Midwest,2022,P&S Syphilis,15-29,17.0,173048.0,9.8
38,North Dakota,ND,Midwest,2023,Chlamydia,15-29,2585.0,172022.0,1502.7
38,North Dakota,ND,Midwest,2023,Gonorrhea,15-29,618.0,172022.0,359.3
38,North Dakota,ND,Midwest,2023,P&S Syphilis,15-29,45.0,172022.0,26.2
39,Ohio,OH,Midwest,2013,Chlamydia,15-29,46057.0,2313341.0,1990.9
39,Ohio,OH,Midwest,2013,Gonorrhea,15-29,12638.0,2313341.0,546.3
39,Ohio,OH,Midwest,2013,P&S Syphilis,15-29,232.0,2313341.0,10.0
39,Ohio,OH,Midwest,2014,Chlamydia,15-29,47436.0,2321308.0,2043.5
39,Ohio,OH,Midwest,2014,Gonorrhea,15-29,12287.0,2321308.0,529.3
39,Ohio,OH,Midwest,2014,P&S Syphilis,15-29,294.0,2321308.0,12.7
39,Ohio,OH,Midwest,2015,Chlamydia,15-29,48848.0,2326349.0,2099.8
39,Ohio,OH,Midwest,2015,Gonorrhea,15-29,12292.0,2326349.0,528.4
39,Ohio,OH,Midwest,2015,P&S Syphilis,15-29,258.0,2326349.0,11.1
39,Ohio,OH,Midwest,2016,Chlamydia,15-29,51847.0,2328854.0,2226.3
39,Ohio,OH,Midwest,2016,Gonorrhea,15-29,14655.0,2328854.0,629.3
39,Ohio,OH,Midwest,2016,P&S Syphilis,15-29,342.0,2328854.0,14.7
39,Ohio,OH,Midwest,2017,Chlamydia,15-29,52389.0,2331321.0,2247.2
39,Ohio,OH,Midwest,2017,Gonorrhea,15-29,16758.0,2331321.0,718.8
39,Ohio,OH,Midwest,2017,P&S Syphilis,15-29,401.0,2331321.0,17.2
39,Ohio,OH,Midwest,2018,Chlamydia,15-29,53570.0,2322209.0,2306.9
39,Ohio,OH,Midwest,2018,Gonorrhea,15-29,17200.0,2322209.0,740.7
39,Ohio,OH,Midwest,2018,P&S Syphilis,15-29,360.0,2322209.0,15.5
39,Ohio,OH,Midwest,2019,Chlamydia,15-29,54599.0,2308872.0,2364.7
39,Ohio,OH,Midwest,2019,Gonorrhea,15-29,17392.0,2308872.0,753.3
39,Ohio,OH,Midwest,2019,P&S Syphilis,15-29,346.0,2308872.0,15.0
39,Ohio,OH,Midwest,2020,Chlamydia,15-29,49270.0,2298808.0,2143.3
39,Ohio,OH,Midwest,2020,Gonorrhea,15-29,21097.0,2298808.0,917.7
39,Ohio,OH,Midwest,2020,P&S Syphilis,15-29,466.0,2298808.0,20.3
39,Ohio,OH,Midwest,2021,Chlamydia,15-29,46029.0,2282996.0,2016.2
39,Ohio,OH,Midwest,2021,Gonorrhea,15-29,18653.0,2282996.0,817.0
39,Ohio,OH,Midwest,2021,P&S Syphilis,15-29,632.0,2282996.0,27.7
39,Ohio,OH,Midwest,2022,Chlamydia,15-29,43744.0,2287753.0,1912.1
39,Ohio,OH,Midwest,2022,Gonorrhea,15-29,14954.0,2287753.0,653.7
39,Ohio,OH,Midwest,2022,P&S Syphilis,15-29,737.0,2287753.0,32.2
39,Ohio,OH,Midwest,2023,Chlamydia,15-29,42831.0,2267137.0,1889.2
39,Ohio,OH,Midwest,2023,Gonorrhea,15-29,12313.0,2267137.0,543.1
39,Ohio,OH,Midwest,2023,P&S Syphilis,15-29,520.0,2267137.0,22.9
40,Oklahoma,OK,South,2013,Chlamydia,15-29,15948.0,810924.0,1966.6
40,Oklahoma,OK,South,2013,Gonorrhea,15-29,4143.0,810924.0,510.9
40,Oklahoma,OK,South,2013,P&S Syphilis,15-29,49.0,810924.0,6.0
40,Oklahoma,OK,South,2014,Chlamydia,15-29,17941.0,814270.0,2203.3
40,Oklahoma,OK,South,2014,Gonorrhea,15-29,4737.0,814270.0,581.7
40,Oklahoma,OK,South,2014,P&S Syphilis,15-29,72.0,814270.0,8.8
40,Oklahoma,OK,South,2015,Chlamydia,15-29,17952.0,820645.0,2187.5
40,Oklahoma,OK,South,2015,Gonorrhea,15-29,4984.0,820645.0,607.3
40,Oklahoma,OK,South,2015,P&S Syphilis,15-29,85.0,820645.0,10.4
40,Oklahoma,OK,South,2016,Chlamydia,15-29,18081.0,821181.0,2201.8
40,Oklahoma,OK,South,2016,Gonorrhea,15-29,5414.0,821181.0,659.3
40,Oklahoma,OK,South,2016,P&S Syphilis,15-29,134.0,821181.0,16.3
40,Oklahoma,OK,South,2017,Chlamydia,15-29,18145.0,819468.0,2214.2
40,Oklahoma,OK,South,2017,Gonorrhea,15-29,6080.0,819468.0,741.9
40,Oklahoma,OK,South,2017,P&S Syphilis,15-29,174.0,819468.0,21.2
40,Oklahoma,OK,South,2018,Chlamydia,15-29,18217.0,818445.0,2225.8
40,Oklahoma,OK,South,2018,Gonorrhea,15-29,5879.0,818445.0,718.3
40,Oklahoma,OK,South,2018,P&S Syphilis,15-29,200.0,818445.0,24.4
40,Oklahoma,OK,South,2019,Chlamydia,15-29,19432.0,819551.0,2371.1
40,Oklahoma,OK,South,2019,Gonorrhea,15-29,6692.0,819551.0,816.5
40,Oklahoma,OK,South,2019,P&S Syphilis,15-29,310.0,819551.0,37.8
40,Oklahoma,OK,South,2020,Chlamydia,15-29,17267.0,811092.0,2128.9
40,Oklahoma,OK,South,2020,Gonorrhea,15-29,7036.0,811092.0,867.5
40,Oklahoma,OK,South,2020,P&S Syphilis,15-29,340.0,811092.0,41.9
40,Oklahoma,OK,South,2021,Chlamydia,15-29,16592.0,815981.0,2033.4
40,Oklahoma,OK,South,2021,Gonorrhea,15-29,6200.0,815981.0,759.8
40,Oklahoma,OK,South,2021,P&S Syphilis,15-29,453.0,815981.0,55.5
40,Oklahoma,OK,South,2022,Chlamydia,15-29,15973.0,840458.0,1900.5
40,Oklahoma,OK,South,2022,Gonorrhea,15-29,5388.0,840458.0,641.1
40,Oklahoma,OK,South,2022,P&S Syphilis,15-29,392.0,840458.0,46.6
40,Oklahoma,OK,South,2023,Chlamydia,15-29,15044.0,839804.0,1791.4
40,Oklahoma,OK,South,2023,Gonorrhea,15-29,4040.0,839804.0,481.1
40,Oklahoma,OK,South,2023,P&S Syphilis,15-29,336.0,839804.0,40.0
41,Oregon,OR,West,2013,Chlamydia,15-29,11722.0,774027.0,1514.4
41,Oregon,OR,West,2013,Gonorrhea,15-29,1016.0,774027.0,131.3
41,Oregon,OR,West,2013,P&S Syphilis,15-29,82.0,774027.0,10.6
41,Oregon,OR,West,2014,Chlamydia,15-29,12421.0,779191.0,1594.1
41,Oregon,OR,West,2014,Gonorrhea,15-29,1310.0,779191.0,168.1
41,Oregon,OR,West,2014,P&S Syphilis,15-29,88.0,779191.0,11.3
41,Oregon,OR,West,2015,Chlamydia,15-29,12947.0,785958.0,1647.3
41,Oregon,OR,West,2015,Gonorrhea,15-29,1676.0,785958.0,213.2
41,Oregon,OR,West,2015,P&S Syphilis,15-29,125.0,785958.0,15.9
41,Oregon,OR,West,2016,Chlamydia,15-29,13765.0,802357.0,1715.6
41,Oregon,OR,West,2016,Gonorrhea,15-29,2245.0,802357.0,279.8
41,Oregon,OR,West,2016,P&S Syphilis,15-29,111.0,802357.0,13.8
41,Oregon,OR,West,2017,Chlamydia,15-29,14479.0,810429.0,1786.6
41,Oregon,OR,West,2017,Gonorrhea,15-29,2614.0,810429.0,322.5
41,Oregon,OR,West,2017,P&S Syphilis,15-29,127.0,810429.0,15.7
41,Oregon,OR,West,2018,Chlamydia,15-29,14809.0,814068.0,1819.1
41,Oregon,OR,West,2018,Gonorrhea,15-29,3056.0,814068.0,375.4
41,Oregon,OR,West,2018,P&S Syphilis,15-29,164.0,814068.0,20.1
41,Oregon,OR,West,2019,Chlamydia,15-29,14556.0,814763.0,1786.5
41,Oregon,OR,West,2019,Gonorrhea,15-29,3120.0,814763.0,382.9
41,Oregon,OR,West,2019,P&S Syphilis,15-29,130.0,814763.0,16.0
41,Oregon,OR,West,2020,Chlamydia,15-29,11897.0,806184.0,1475.7
41,Oregon,OR,West,2020,Gonorrhea,15-29,3029.0,806184.0,375.7
41,Oregon,OR,West,2020,P&S Syphilis,15-29,191.0,806184.0,23.7
41,Oregon,OR,West,2021,Chlamydia,15-29,11287.0,799016.0,1412.6
41,Oregon,OR,West,2021,Gonorrhea,15-29,2881.0,799016.0,360.6
41,Oregon,OR,West,2021,P&S Syphilis,15-29,270.0,799016.0,33.8
41,Oregon,OR,West,2022,Chlamydia,15-29,10944.0,805831.0,1358.1
41,Oregon,OR,West,2022,Gonorrhea,15-29,2313.0,805831.0,287.0
41,Oregon,OR,West,2022,P&S Syphilis,15-29,311.0,805831.0,38.6
41,Oregon,OR,West,2023,Chlamydia,15-29,10602.0,792484.0,1337.8
41,Oregon,OR,West,2023,Gonorrhea,15-29,1966.0,792484.0,248.1
41,Oregon,OR,West,2023,P&S Syphilis,15-29,193.0,792484.0,24.4
42,Pennsylvania,PA,Northeast,2013,Chlamydia,15-29,45223.0,2567484.0,1761.4
42,Pennsylvania,PA,Northeast,2013,Gonorrhea,15-29,10713.0,2567484.0,417.3
42,Pennsylvania,PA,Northeast,2013,P&S Syphilis,15-29,213.0,2567484.0,8.3
42,Pennsylvania,PA,Northeast,2014,Chlamydia,15-29,43481.0,2562212.0,1697.0
42,Pennsylvania,PA,Northeast,2014,Gonorrhea,15-29,9624.0,2562212.0,375.6
42,Pennsylvania,PA,Northeast,2014,P&S Syphilis,15-29,303.0,2562212.0,11.8
42,Pennsylvania,PA,Northeast,2015,Chlamydia,15-29,45485.0,2548873.0,1784.5
42,Pennsylvania,PA,Northeast,2015,Gonorrhea,15-29,9505.0,2548873.0,372.9
42,Pennsylvania,PA,Northeast,2015,P&S Syphilis,15-29,353.0,2548873.0,13.8
42,Pennsylvania,PA,Northeast,2016,Chlamydia,15-29,48085.0,2530926.0,1899.9
42,Pennsylvania,PA,Northeast,2016,Gonorrhea,15-29,10378.0,2530926.0,410.0
42,Pennsylvania,PA,Northeast,2016,P&S Syphilis,15-29,386.0,2530926.0,15.3
42,Pennsylvania,PA,Northeast,2017,Chlamydia,15-29,47522.0,2510487.0,1892.9
42,Pennsylvania,PA,Northeast,2017,Gonorrhea,15-29,10353.0,2510487.0,412.4
42,Pennsylvania,PA,Northeast,2017,P&S Syphilis,15-29,377.0,2510487.0,15.0
42,Pennsylvania,PA,Northeast,2018,Chlamydia,15-29,49491.0,2490916.0,1986.9
42,Pennsylvania,PA,Northeast,2018,Gonorrhea,15-29,10392.0,2490916.0,417.2
42,Pennsylvania,PA,Northeast,2018,P&S Syphilis,15-29,393.0,2490916.0,15.8
42,Pennsylvania,PA,Northeast,2019,Chlamydia,15-29,50991.0,2464558.0,2069.0
42,Pennsylvania,PA,Northeast,2019,Gonorrhea,15-29,10366.0,2464558.0,420.6
42,Pennsylvania,PA,Northeast,2019,P&S Syphilis,15-29,423.0,2464558.0,17.2
42,Pennsylvania,PA,Northeast,2020,Chlamydia,15-29,43345.0,2462011.0,1760.6
42,Pennsylvania,PA,Northeast,2020,Gonorrhea,15-29,11929.0,2462011.0,484.5
42,Pennsylvania,PA,Northeast,2020,P&S Syphilis,15-29,463.0,2462011.0,18.8
42,Pennsylvania,PA,Northeast,2021,Chlamydia,15-29,42854.0,2436940.0,1758.5
42,Pennsylvania,PA,Northeast,2021,Gonorrhea,15-29,12505.0,2436940.0,513.1
42,Pennsylvania,PA,Northeast,2021,P&S Syphilis,15-29,552.0,2436940.0,22.7
42,Pennsylvania,PA,Northeast,2022,Chlamydia,15-29,43444.0,2481156.0,1751.0
42,Pennsylvania,PA,Northeast,2022,Gonorrhea,15-29,11842.0,2481156.0,477.3
42,Pennsylvania,PA,Northeast,2022,P&S Syphilis,15-29,505.0,2481156.0,20.4
42,Pennsylvania,PA,Northeast,2023,Chlamydia,15-29,42825.0,2437590.0,1756.9
42,Pennsylvania,PA,Northeast,2023,Gonorrhea,15-29,11824.0,2437590.0,485.1
42,Pennsylvania,PA,Northeast,2023,P&S Syphilis,15-29,412.0,2437590.0,16.9
44,Rhode Island,RI,Northeast,2013,Chlamydia,15-29,3700.0,228764.0,1617.4
44,Rhode Island,RI,Northeast,2013,Gonorrhea,15-29,305.0,228764.0,133.3
44,Rhode Island,RI,Northeast,2013,P&S Syphilis,15-29,11.0,228764.0,4.8
44,Rhode Island,RI,Northeast,2014,Chlamydia,15-29,3693.0,229242.0,1611.0
44,Rhode Island,RI,Northeast,2014,Gonorrhea,15-29,352.0,229242.0,153.5
44,Rhode Island,RI,Northeast,2014,P&S Syphilis,15-29,33.0,229242.0,14.4
44,Rhode Island,RI,Northeast,2015,Chlamydia,15-29,3821.0,228849.0,1669.7
44,Rhode Island,RI,Northeast,2015,Gonorrhea,15-29,397.0,228849.0,173.5
44,Rhode Island,RI,Northeast,2015,P&S Syphilis,15-29,39.0,228849.0,17.0
44,Rhode Island,RI,Northeast,2016,Chlamydia,15-29,4143.0,228303.0,1814.7
44,Rhode Island,RI,Northeast,2016,Gonorrhea,15-29,455.0,228303.0,199.3
44,Rhode Island,RI,Northeast,2016,P&S Syphilis,15-29,42.0,228303.0,18.4
44,Rhode Island,RI,Northeast,2017,Chlamydia,15-29,4483.0,226146.0,1982.3
44,Rhode Island,RI,Northeast,2017,Gonorrhea,15-29,716.0,226146.0,316.6
44,Rhode Island,RI,Northeast,2017,P&S Syphilis,15-29,32.0,226146.0,14.2
44,Rhode Island,RI,Northeast,2018,Chlamydia,15-29,4523.0,224966.0,2010.5
44,Rhode Island,RI,Northeast,2018,Gonorrhea,15-29,828.0,224966.0,368.1
44,Rhode Island,RI,Northeast,2018,P&S Syphilis,15-29,32.0,224966.0,14.2
44,Rhode Island,RI,Northeast,2019,Chlamydia,15-29,4638.0,222399.0,2085.4
44,Rhode Island,RI,Northeast,2019,Gonorrhea,15-29,936.0,222399.0,420.9
44,Rhode Island,RI,Northeast,2019,P&S Syphilis,15-29,39.0,222399.0,17.5
44,Rhode Island,RI,Northeast,2020,Chlamydia,15-29,3617.0,225674.0,1602.8
44,Rhode Island,RI,Northeast,2020,Gonorrhea,15-29,820.0,225674.0,363.4
44,Rhode Island,RI,Northeast,2020,P&S Syphilis,15-29,38.0,225674.0,16.8
44,Rhode Island,RI,Northeast,2021,Chlamydia,15-29,3675.0,222746.0,1649.9
44,Rhode Island,RI,Northeast,2021,Gonorrhea,15-29,988.0,222746.0,443.6
44,Rhode Island,RI,Northeast,2021,P&S Syphilis,15-29,81.0,222746.0,36.4
44,Rhode Island,RI,Northeast,2022,Chlamydia,15-29,4044.0,221966.0,1821.9
44,Rhode Island,RI,Northeast,2022,Gonorrhea,15-29,829.0,221966.0,373.5
44,Rhode Island,RI,Northeast,2022,P&S Syphilis,15-29,35.0,221966.0,15.8
44,Rhode Island,RI,Northeast,2023,Chlamydia,15-29,4008.0,217947.0,1839.0
44,Rhode Island,RI,Northeast,2023,Gonorrhea,15-29,924.0,217947.0,424.0
44,Rhode Island,RI,Northeast,2023,P&S Syphilis,15-29,33.0,217947.0,15.1
45,South Carolina,SC,South,2013,Chlamydia,15-29,22317.0,973333.0,2292.8
45,South Carolina,SC,South,2013,Gonorrhea,15-29,5682.0,973333.0,583.8
45,South Carolina,SC,South,2013,P&S Syphilis,15-29,166.0,973333.0,17.1
45,South Carolina,SC,South,2014,Chlamydia,15-29,24251.0,982388.0,2468.6
45,South Carolina,SC,South,2014,Gonorrhea,15-29,6514.0,982388.0,663.1
45,South Carolina,SC,South,2014,P&S Syphilis,15-29,148.0,982388.0,15.1
45,South Carolina,SC,South,2015,Chlamydia,15-29,23591.0,994272.0,2372.7
45,South Carolina,SC,South,2015,Gonorrhea,15-29,6297.0,994272.0,633.3
45,South Carolina,SC,South,2015,P&S Syphilis,15-29,160.0,994272.0,16.1
45,South Carolina,SC,South,2016,Chlamydia,15-29,24054.0,1002185.0,2400.2
45,South Carolina,SC,South,2016,Gonorrhea,15-29,6965.0,1002185.0,695.0
45,South Carolina,SC,South,2016,P&S Syphilis,15-29,179.0,1002185.0,17.9
45,South Carolina,SC,South,2017,Chlamydia,15-29,27508.0,1007378.0,2730.7
45,South Carolina,SC,South,2017,Gonorrhea,15-29,9403.0,1007378.0,933.4
45,South Carolina,SC,South,2017,P&S Syphilis,15-29,191.0,1007378.0,19.0
45,South Carolina,SC,South,2018,Chlamydia,15-29,28741.0,1008902.0,2848.7
45,South Carolina,SC,South,2018,Gonorrhea,15-29,10082.0,1008902.0,999.3
45,South Carolina,SC,South,2018,P&S Syphilis,15-29,217.0,1008902.0,21.5
45,South Carolina,SC,South,2019,Chlamydia,15-29,30053.0,1008681.0,2979.4
45,South Carolina,SC,South,2019,Gonorrhea,15-29,9864.0,1008681.0,977.9
45,South Carolina,SC,South,2019,P&S Syphilis,15-29,219.0,1008681.0,21.7
45,South Carolina,SC,South,2020,Chlamydia,15-29,28341.0,985179.0,2876.7
45,South Carolina,SC,South,2020,Gonorrhea,15-29,11658.0,985179.0,1183.3
45,South Carolina,SC,South,2020,P&S Syphilis,15-29,288.0,985179.0,29.2
45,South Carolina,SC,South,2021,Chlamydia,15-29,29787.0,990232.0,3008.1
45,South Carolina,SC,South,2021,Gonorrhea,15-29,11007.0,990232.0,1111.6
45,South Carolina,SC,South,2021,P&S Syphilis,15-29,358.0,990232.0,36.2
45,South Carolina,SC,South,2022,Chlamydia,15-29,29009.0,1023226.0,2835.1
45,South Carolina,SC,South,2022,Gonorrhea,15-29,9806.0,1023226.0,958.3
45,South Carolina,SC,South,2022,P&S Syphilis,15-29,399.0,1023226.0,39.0
45,South Carolina,SC,South,2023,Chlamydia,15-29,26471.0,1028614.0,2573.5
45,South Carolina,SC,South,2023,Gonorrhea,15-29,8177.0,1028614.0,795.0
45,South Carolina,SC,South,2023,P&S Syphilis,15-29,356.0,1028614.0,34.6
46,South Dakota,SD,Midwest,2013,Chlamydia,15-29,3388.0,173450.0,1953.3
46,South Dakota,SD,Midwest,2013,Gonorrhea,15-29,588.0,173450.0,339.0
46,South Dakota,SD,Midwest,2013,P&S Syphilis,15-29,17.0,173450.0,9.8
46,South Dakota,SD,Midwest,2014,Chlamydia,15-29,3512.0,173602.0,2023.0
46,South Dakota,SD,Midwest,2014,Gonorrhea,15-29,658.0,173602.0,379.0
46,South Dakota,SD,Midwest,2014,P&S Syphilis,15-29,35.0,173602.0,20.2
46,South Dakota,SD,Midwest,2015,Chlamydia,15-29,3272.0,172950.0,1891.9
46,South Dakota,SD,Midwest,2015,Gonorrhea,15-29,737.0,172950.0,426.1
46,South Dakota,SD,Midwest,2015,P&S Syphilis,15-29,17.0,172950.0,9.8
46,South Dakota,SD,Midwest,2016,Chlamydia,15-29,3548.0,174093.0,2038.0
46,South Dakota,SD,Midwest,2016,Gonorrhea,15-29,871.0,174093.0,500.3
46,South Dakota,SD,Midwest,2016,P&S Syphilis,15-29,13.0,174093.0,7.5
46,South Dakota,SD,Midwest,2017,Chlamydia,15-29,3611.0,175399.0,2058.7
46,South Dakota,SD,Midwest,2017,Gonorrhea,15-29,886.0,175399.0,505.1
46,South Dakota,SD,Midwest,2017,P&S Syphilis,15-29,23.0,175399.0,13.1
46,South Dakota,SD,Midwest,2018,Chlamydia,15-29,3568.0,174820.0,2041.0
46,South Dakota,SD,Midwest,2018,Gonorrhea,15-29,1115.0,174820.0,637.8
46,South Dakota,SD,Midwest,2018,P&S Syphilis,15-29,19.0,174820.0,10.9
46,South Dakota,SD,Midwest,2019,Chlamydia,15-29,3602.0,174649.0,2062.4
46,South Dakota,SD,Midwest,2019,Gonorrhea,15-29,1325.0,174649.0,758.7
46,South Dakota,SD,Midwest,2019,P&S Syphilis,15-29,17.0,174649.0,9.7
46,South Dakota,SD,Midwest,2020,Chlamydia,15-29,3216.0,174273.0,1845.4
46,South Dakota,SD,Midwest,2020,Gonorrhea,15-29,1390.0,174273.0,797.6
46,South Dakota,SD,Midwest,2020,P&S Syphilis,15-29,25.0,174273.0,14.3
46,South Dakota,SD,Midwest,2021,Chlamydia,15-29,3687.0,176482.0,2089.2
46,South Dakota,SD,Midwest,2021,Gonorrhea,15-29,1777.0,176482.0,1006.9
46,South Dakota,SD,Midwest,2021,P&S Syphilis,15-29,181.0,176482.0,102.6
46,South Dakota,SD,Midwest,2022,Chlamydia,15-29,3832.0,181105.0,2115.9
46,South Dakota,SD,Midwest,2022,Gonorrhea,15-29,1608.0,181105.0,887.9
46,South Dakota,SD,Midwest,2022,P&S Syphilis,15-29,291.0,181105.0,160.7
46,South Dakota,SD,Midwest,2023,Chlamydia,15-29,3586.0,181382.0,1977.0
46,South Dakota,SD,Midwest,2023,Gonorrhea,15-29,1228.0,181382.0,677.0
46,South Dakota,SD,Midwest,2023,P&S Syphilis,15-29,264.0,181382.0,145.5
47,Tennessee,TN,South,2013,Chlamydia,15-29,26403.0,1304005.0,2024.8
47,Tennessee,TN,South,2013,Gonorrhea,15-29,5920.0,1304005.0,454.0
47,Tennessee,TN,South,2013,P&S Syphilis,15-29,126.0,1304005.0,9.7
47,Tennessee,TN,South,2014,Chlamydia,15-29,26639.0,1315370.0,2025.2
47,Tennessee,TN,South,2014,Gonorrhea,15-29,5708.0,1315370.0,433.9
47,Tennessee,TN,South,2014,P&S Syphilis,15-29,138.0,1315370.0,10.5
47,Tennessee,TN,South,2015,Chlamydia,15-29,26933.0,1328050.0,2028.0
47,Tennessee,TN,South,2015,Gonorrhea,15-29,6376.0,1328050.0,480.1
47,Tennessee,TN,South,2015,P&S Syphilis,15-29,206.0,1328050.0,15.5
47,Tennessee,TN,South,2016,Chlamydia,15-29,27680.0,1340987.0,2064.2
47,Tennessee,TN,South,2016,Gonorrhea,15-29,7574.0,1340987.0,564.8
47,Tennessee,TN,South,2016,P&S Syphilis,15-29,221.0,1340987.0,16.5
47,Tennessee,TN,South,2017,Chlamydia,15-29,30007.0,1354487.0,2215.4
47,Tennessee,TN,South,2017,Gonorrhea,15-29,9112.0,1354487.0,672.7
47,Tennessee,TN,South,2017,P&S Syphilis,15-29,260.0,1354487.0,19.2
47,Tennessee,TN,South,2018,Chlamydia,15-29,32203.0,1364285.0,2360.4
47,Tennessee,TN,South,2018,Gonorrhea,15-29,10462.0,1364285.0,766.8
47,Tennessee,TN,South,2018,P&S Syphilis,15-29,287.0,1364285.0,21.0
47,Tennessee,TN,South,2019,Chlamydia,15-29,34281.0,1366480.0,2508.7
47,Tennessee,TN,South,2019,Gonorrhea,15-29,11223.0,1366480.0,821.3
47,Tennessee,TN,South,2019,P&S Syphilis,15-29,287.0,1366480.0,21.0
47,Tennessee,TN,South,2020,Chlamydia,15-29,31417.0,1363334.0,2304.4
47,Tennessee,TN,South,2020,Gonorrhea,15-29,12666.0,1363334.0,929.0
47,Tennessee,TN,South,2020,P&S Syphilis,15-29,332.0,1363334.0,24.4
47,Tennessee,TN,South,2021,Chlamydia,15-29,31921.0,1367964.0,2333.5
47,Tennessee,TN,South,2021,Gonorrhea,15-29,12582.0,1367964.0,919.8
47,Tennessee,TN,South,2021,P&S Syphilis,15-29,381.0,1367964.0,27.9
47,Tennessee,TN,South,2022,Chlamydia,15-29,30359.0,1400071.0,2168.4
47,Tennessee,TN,South,2022,Gonorrhea,15-29,10562.0,1400071.0,754.4
47,Tennessee,TN,South,2022,P&S Syphilis,15-29,457.0,1400071.0,32.6
47,Tennessee,TN,South,2023,Chlamydia,15-29,24184.0,1402134.0,1724.8
47,Tennessee,TN,South,2023,Gonorrhea,15-29,8792.0,1402134.0,627.0
47,Tennessee,TN,South,2023,P&S Syphilis,15-29,409.0,1402134.0,29.2
48,Texas,TX,South,2013,Chlamydia,15-29,109728.0,5789917.0,1895.2
48,Texas,TX,South,2013,Gonorrhea,15-29,26424.0,5789917.0,456.4
48,Texas,TX,South,2013,P&S Syphilis,15-29,758.0,5789917.0,13.1
48,Texas,TX,South,2014,Chlamydia,15-29,109464.0,5893005.0,1857.5
48,Texas,TX,South,2014,Gonorrhea,15-29,26846.0,5893005.0,455.6
48,Texas,TX,South,2014,P&S Syphilis,15-29,903.0,5893005.0,15.3
48,Texas,TX,South,2015,Chlamydia,15-29,117029.0,5995574.0,1951.9
48,Texas,TX,South,2015,Gonorrhea,15-29,29508.0,5995574.0,492.2
48,Texas,TX,South,2015,P&S Syphilis,15-29,962.0,5995574.0,16.0
48,Texas,TX,South,2016,Chlamydia,15-29,118092.0,6071675.0,1945.0
48,Texas,TX,South,2016,Gonorrhea,15-29,31153.0,6071675.0,513.1
48,Texas,TX,South,2016,P&S Syphilis,15-29,1060.0,6071675.0,17.5
48,Texas,TX,South,2017,Chlamydia,15-29,124723.0,6130340.0,2034.5
48,Texas,TX,South,2017,Gonorrhea,15-29,34071.0,6130340.0,555.8
48,Texas,TX,South,2017,P&S Syphilis,15-29,1167.0,6130340.0,19.0
48,Texas,TX,South,2018,Chlamydia,15-29,120432.0,6176405.0,1949.9
48,Texas,TX,South,2018,Gonorrhea,15-29,33585.0,6176405.0,543.8
48,Texas,TX,South,2018,P&S Syphilis,15-29,1312.0,6176405.0,21.2
48,Texas,TX,South,2019,Chlamydia,15-29,105068.0,6227722.0,1687.1
48,Texas,TX,South,2019,Gonorrhea,15-29,30547.0,6227722.0,490.5
48,Texas,TX,South,2019,P&S Syphilis,15-29,1218.0,6227722.0,19.6
48,Texas,TX,South,2020,Chlamydia,15-29,109565.0,6189430.0,1770.2
48,Texas,TX,South,2020,Gonorrhea,15-29,39914.0,6189430.0,644.9
48,Texas,TX,South,2020,P&S Syphilis,15-29,1302.0,6189430.0,21.0
48,Texas,TX,South,2021,Chlamydia,15-29,117583.0,6254963.0,1879.8
48,Texas,TX,South,2021,Gonorrhea,15-29,42611.0,6254963.0,681.2
48,Texas,TX,South,2021,P&S Syphilis,15-29,1747.0,6254963.0,27.9
48,Texas,TX,South,2022,Chlamydia,15-29,120651.0,6477751.0,1862.5
48,Texas,TX,South,2022,Gonorrhea,15-29,40367.0,6477751.0,623.2
48,Texas,TX,South,2022,P&S Syphilis,15-29,1974.0,6477751.0,30.5
48,Texas,TX,South,2023,Chlamydia,15-29,114270.0,6472460.0,1765.5
48,Texas,TX,South,2023,Gonorrhea,15-29,33725.0,6472460.0,521.1
48,Texas,TX,South,2023,P&S Syphilis,15-29,1882.0,6472460.0,29.1
49,Utah,UT,West,2013,Chlamydia,15-29,6186.0,682688.0,906.1
49,Utah,UT,West,2013,Gonorrhea,15-29,548.0,682688.0,80.3
49,Utah,UT,West,2013,P&S Syphilis,15-29,23.0,682688.0,3.4
49,Utah,UT,West,2014,Chlamydia,15-29,6616.0,688925.0,960.3
49,Utah,UT,West,2014,Gonorrhea,15-29,866.0,688925.0,125.7
49,Utah,UT,West,2014,P&S Syphilis,15-29,13.0,688925.0,1.9
49,Utah,UT,West,2015,Chlamydia,15-29,6846.0,699727.0,978.4
49,Utah,UT,West,2015,Gonorrhea,15-29,884.0,699727.0,126.3
49,Utah,UT,West,2015,P&S Syphilis,15-29,26.0,699727.0,3.7
49,Utah,UT,West,2016,Chlamydia,15-29,7360.0,718136.0,1024.9
49,Utah,UT,West,2016,Gonorrhea,15-29,1150.0,718136.0,160.1
49,Utah,UT,West,2016,P&S Syphilis,15-29,35.0,718136.0,4.9
49,Utah,UT,West,2017,Chlamydia,15-29,8053.0,737611.0,1091.8
49,Utah,UT,West,2017,Gonorrhea,15-29,1425.0,737611.0,193.2
49,Utah,UT,West,2017,P&S Syphilis,15-29,53.0,737611.0,7.2
49,Utah,UT,West,2018,Chlamydia,15-29,8265.0,754306.0,1095.7
49,Utah,UT,West,2018,Gonorrhea,15-29,1628.0,754306.0,215.8
49,Utah,UT,West,2018,P&S Syphilis,15-29,67.0,754306.0,8.9
49,Utah,UT,West,2019,Chlamydia,15-29,8648.0,769864.0,1123.3
49,Utah,UT,West,2019,Gonorrhea,15-29,1621.0,769864.0,210.6
49,Utah,UT,West,2019,P&S Syphilis,15-29,50.0,769864.0,6.5
49,Utah,UT,West,2020,Chlamydia,15-29,8132.0,780632.0,1041.7
49,Utah,UT,West,2020,Gonorrhea,15-29,1771.0,780632.0,226.9
49,Utah,UT,West,2020,P&S Syphilis,15-29,45.0,780632.0,5.8
49,Utah,UT,West,2021,Chlamydia,15-29,8546.0,801613.0,1066.1
49,Utah,UT,West,2021,Gonorrhea,15-29,1861.0,801613.0,232.2
49,Utah,UT,West,2021,P&S Syphilis,15-29,64.0,801613.0,8.0
49,Utah,UT,West,2022,Chlamydia,15-29,8469.0,831673.0,1018.3
49,Utah,UT,West,2022,Gonorrhea,15-29,1774.0,831673.0,213.3
49,Utah,UT,West,2022,P&S Syphilis,15-29,90.0,831673.0,10.8
49,Utah,UT,West,2023,Chlamydia,15-29,8183.0,838031.0,976.5
49,Utah,UT,West,2023,Gonorrhea,15-29,1341.0,838031.0,160.0
49,Utah,UT,West,2023,P&S Syphilis,15-29,126.0,838031.0,15.0
50,Vermont,VT,Northeast,2013,Chlamydia,15-29,1616.0,125808.0,1284.5
50,Vermont,VT,Northeast,2013,Gonorrhea,15-29,66.0,125808.0,52.5
50,Vermont,VT,Northeast,2013,P&S Syphilis,15-29,0.0,125808.0,0.0
50,Vermont,VT,Northeast,2014,Chlamydia,15-29,1917.0,125695.0,1525.1
50,Vermont,VT,Northeast,2014,Gonorrhea,15-29,67.0,125695.0,53.3
50,Vermont,VT,Northeast,2014,P&S Syphilis,15-29,3.0,125695.0,2.4
50,Vermont,VT,Northeast,2015,Chlamydia,15-29,1639.0,126364.0,1297.0
50,Vermont,VT,Northeast,2015,Gonorrhea,15-29,109.0,126364.0,86.3
50,Vermont,VT,Northeast,2015,P&S Syphilis,15-29,2.0,126364.0,1.6
50,Vermont,VT,Northeast,2016,Chlamydia,15-29,1433.0,125969.0,1137.6
50,Vermont,VT,Northeast,2016,Gonorrhea,15-29,74.0,125969.0,58.7
50,Vermont,VT,Northeast,2016,P&S Syphilis,15-29,6.0,125969.0,4.8
50,Vermont,VT,Northeast,2017,Chlamydia,15-29,1524.0,125603.0,1213.3
50,Vermont,VT,Northeast,2017,Gonorrhea,15-29,109.0,125603.0,86.8
50,Vermont,VT,Northeast,2017,P&S Syphilis,15-29,2.0,125603.0,1.6
50,Vermont,VT,Northeast,2018,Chlamydia,15-29,1432.0,125013.0,1145.5
50,Vermont,VT,Northeast,2018,Gonorrhea,15-29,163.0,125013.0,130.4
50,Vermont,VT,Northeast,2018,P&S Syphilis,15-29,6.0,125013.0,4.8
50,Vermont,VT,Northeast,2019,Chlamydia,15-29,1424.0,124599.0,1142.9
50,Vermont,VT,Northeast,2019,Gonorrhea,15-29,123.0,124599.0,98.7
50,Vermont,VT,Northeast,2019,P&S Syphilis,15-29,5.0,124599.0,4.0
50,Vermont,VT,Northeast,2020,Chlamydia,15-29,901.0,127181.0,708.4
50,Vermont,VT,Northeast,2020,Gonorrhea,15-29,93.0,127181.0,73.1
50,Vermont,VT,Northeast,2020,P&S Syphilis,15-29,2.0,127181.0,1.6
50,Vermont,VT,Northeast,2021,Chlamydia,15-29,723.0,126638.0,570.9
50,Vermont,VT,Northeast,2021,Gonorrhea,15-29,80.0,126638.0,63.2
50,Vermont,VT,Northeast,2021,P&S Syphilis,15-29,1.0,126638.0,0.8
50,Vermont,VT,Northeast,2022,Chlamydia,15-29,980.0,125089.0,783.4
50,Vermont,VT,Northeast,2022,Gonorrhea,15-29,90.0,125089.0,71.9
50,Vermont,VT,Northeast,2022,P&S Syphilis,15-29,0.0,125089.0,0.0
50,Vermont,VT,Northeast,2023,Chlamydia,15-29,942.0,122331.0,770.0
50,Vermont,VT,Northeast,2023,Gonorrhea,15-29,93.0,122331.0,76.0
50,Vermont,VT,Northeast,2023,P&S Syphilis,15-29,3.0,122331.0,2.5
51,Virginia,VA,South,2013,Chlamydia,15-29,28707.0,1711064.0,1677.7
51,Virginia,VA,South,2013,Gonorrhea,15-29,5480.0,1711064.0,320.3
51,Virginia,VA,South,2013,P&S Syphilis,15-29,154.0,1711064.0,9.0
51,Virginia,VA,South,2014,Chlamydia,15-29,30671.0,1717431.0,1785.9
51,Virginia,VA,South,2014,Gonorrhea,15-29,6450.0,1717431.0,375.6
51,Virginia,VA,South,2014,P&S Syphilis,15-29,131.0,1717431.0,7.6
51,Virginia,VA,South,2015,Chlamydia,15-29,30083.0,1719940.0,1749.1
51,Virginia,VA,South,2015,Gonorrhea,15-29,6261.0,1719940.0,364.0
51,Virginia,VA,South,2015,P&S Syphilis,15-29,174.0,1719940.0,10.1
51,Virginia,VA,South,2016,Chlamydia,15-29,32856.0,1720674.0,1909.5
51,Virginia,VA,South,2016,Gonorrhea,15-29,7816.0,1720674.0,454.2
51,Virginia,VA,South,2016,P&S Syphilis,15-29,207.0,1720674.0,12.0
51,Virginia,VA,South,2017,Chlamydia,15-29,34919.0,1723847.0,2025.6
51,Virginia,VA,South,2017,Gonorrhea,15-29,8799.0,1723847.0,510.4
51,Virginia,VA,South,2017,P&S Syphilis,15-29,247.0,1723847.0,14.3
51,Virginia,VA,South,2018,Chlamydia,15-29,35154.0,1719675.0,2044.2
51,Virginia,VA,South,2018,Gonorrhea,15-29,7970.0,1719675.0,463.5
51,Virginia,VA,South,2018,P&S Syphilis,15-29,310.0,1719675.0,18.0
51,Virginia,VA,South,2019,Chlamydia,15-29,39095.0,1715386.0,2279.1
51,Virginia,VA,South,2019,Gonorrhea,15-29,9306.0,1715386.0,542.5
51,Virginia,VA,South,2019,P&S Syphilis,15-29,283.0,1715386.0,16.5
51,Virginia,VA,South,2020,Chlamydia,15-29,32465.0,1716646.0,1891.2
51,Virginia,VA,South,2020,Gonorrhea,15-29,9465.0,1716646.0,551.4
51,Virginia,VA,South,2020,P&S Syphilis,15-29,291.0,1716646.0,17.0
51,Virginia,VA,South,2021,Chlamydia,15-29,31233.0,1710622.0,1825.8
51,Virginia,VA,South,2021,Gonorrhea,15-29,8562.0,1710622.0,500.5
51,Virginia,VA,South,2021,P&S Syphilis,15-29,246.0,1710622.0,14.4
51,Virginia,VA,South,2022,Chlamydia,15-29,32002.0,1729510.0,1850.4
51,Virginia,VA,South,2022,Gonorrhea,15-29,8359.0,1729510.0,483.3
51,Virginia,VA,South,2022,P&S Syphilis,15-29,358.0,1729510.0,20.7
51,Virginia,VA,South,2023,Chlamydia,15-29,32434.0,1709654.0,1897.1
51,Virginia,VA,South,2023,Gonorrhea,15-29,8459.0,1709654.0,494.8
51,Virginia,VA,South,2023,P&S Syphilis,15-29,329.0,1709654.0,19.2
53,Washington,WA,West,2013,Chlamydia,15-29,20199.0,1427798.0,1414.7
53,Washington,WA,West,2013,Gonorrhea,15-29,2642.0,1427798.0,185.0
53,Washington,WA,West,2013,P&S Syphilis,15-29,102.0,1427798.0,7.1
53,Washington,WA,West,2014,Chlamydia,15-29,21128.0,1445063.0,1462.1
53,Washington,WA,West,2014,Gonorrhea,15-29,3778.0,1445063.0,261.4
53,Washington,WA,West,2014,P&S Syphilis,15-29,131.0,1445063.0,9.1
53,Washington,WA,West,2015,Chlamydia,15-29,22423.0,1461930.0,1533.8
53,Washington,WA,West,2015,Gonorrhea,15-29,4200.0,1461930.0,287.3
53,Washington,WA,West,2015,P&S Syphilis,15-29,171.0,1461930.0,11.7
53,Washington,WA,West,2016,Chlamydia,15-29,24214.0,1485026.0,1630.5
53,Washington,WA,West,2016,Gonorrhea,15-29,4550.0,1485026.0,306.4
53,Washington,WA,West,2016,P&S Syphilis,15-29,203.0,1485026.0,13.7
53,Washington,WA,West,2017,Chlamydia,15-29,24839.0,1505329.0,1650.1
53,Washington,WA,West,2017,Gonorrhea,15-29,5271.0,1505329.0,350.2
53,Washington,WA,West,2017,P&S Syphilis,15-29,269.0,1505329.0,17.9
53,Washington,WA,West,2018,Chlamydia,15-29,26005.0,1516778.0,1714.5
53,Washington,WA,West,2018,Gonorrhea,15-29,5787.0,1516778.0,381.5
53,Washington,WA,West,2018,P&S Syphilis,15-29,294.0,1516778.0,19.4
53,Washington,WA,West,2019,Chlamydia,15-29,28241.0,1521950.0,1855.6
53,Washington,WA,West,2019,Gonorrhea,15-29,5941.0,1521950.0,390.4
53,Washington,WA,West,2019,P&S Syphilis,15-29,272.0,1521950.0,17.9
53,Washington,WA,West,2020,Chlamydia,15-29,23381.0,1516131.0,1542.1
53,Washington,WA,West,2020,Gonorrhea,15-29,5943.0,1516131.0,392.0
53,Washington,WA,West,2020,P&S Syphilis,15-29,282.0,1516131.0,18.6
53,Washington,WA,West,2021,Chlamydia,15-29,21846.0,1500459.0,1456.0
53,Washington,WA,West,2021,Gonorrhea,15-29,5422.0,1500459.0,361.4
53,Washington,WA,West,2021,P&S Syphilis,15-29,427.0,1500459.0,28.5
53,Washington,WA,West,2022,Chlamydia,15-29,20259.0,1523395.0,1329.9
53,Washington,WA,West,2022,Gonorrhea,15-29,5119.0,1523395.0,336.0
53,Washington,WA,West,2022,P&S Syphilis,15-29,534.0,1523395.0,35.1
53,Washington,WA,West,2023,Chlamydia,15-29,19478.0,1505921.0,1293.4
53,Washington,WA,West,2023,Gonorrhea,15-29,4217.0,1505921.0,280.0
53,Washington,WA,West,2023,P&S Syphilis,15-29,458.0,1505921.0,30.4
54,West Virginia,WV,South,2013,Chlamydia,15-29,4523.0,344766.0,1311.9
54,West Virginia,WV,South,2013,Gonorrhea,15-29,768.0,344766.0,222.8
54,West Virginia,WV,South,2013,P&S Syphilis,15-29,9.0,344766.0,2.6
54,West Virginia,WV,South,2014,Chlamydia,15-29,4168.0,344534.0,1209.7
54,West Virginia,WV,South,2014,Gonorrhea,15-29,618.0,344534.0,179.4
54,West Virginia,WV,South,2014,P&S Syphilis,15-29,15.0,344534.0,4.4
54,West Virginia,WV,South,2015,Chlamydia,15-29,4386.0,343015.0,1278.7
54,West Virginia,WV,South,2015,Gonorrhea,15-29,537.0,343015.0,156.6
54,West Virginia,WV,South,2015,P&S Syphilis,15-29,24.0,343015.0,7.0
54,West Virginia,WV,South,2016,Chlamydia,15-29,4211.0,340389.0,1237.1
54,West Virginia,WV,South,2016,Gonorrhea,15-29,618.0,340389.0,181.6
54,West Virginia,WV,South,2016,P&S Syphilis,15-29,27.0,340389.0,7.9
54,West Virginia,WV,South,2017,Chlamydia,15-29,3586.0,336475.0,1065.8
54,West Virginia,WV,South,2017,Gonorrhea,15-29,868.0,336475.0,258.0
54,West Virginia,WV,South,2017,P&S Syphilis,15-29,37.0,336475.0,11.0
54,West Virginia,WV,South,2018,Chlamydia,15-29,3069.0,332695.0,922.5
54,West Virginia,WV,South,2018,Gonorrhea,15-29,712.0,332695.0,214.0
54,West Virginia,WV,South,2018,P&S Syphilis,15-29,30.0,332695.0,9.0
54,West Virginia,WV,South,2019,Chlamydia,15-29,4440.0,328725.0,1350.7
54,West Virginia,WV,South,2019,Gonorrhea,15-29,979.0,328725.0,297.8
54,West Virginia,WV,South,2019,P&S Syphilis,15-29,33.0,328725.0,10.0
54,West Virginia,WV,South,2020,Chlamydia,15-29,4519.0,326170.0,1385.5
54,West Virginia,WV,South,2020,Gonorrhea,15-29,1050.0,326170.0,321.9
54,West Virginia,WV,South,2020,P&S Syphilis,15-29,47.0,326170.0,14.4
54,West Virginia,WV,South,2021,Chlamydia,15-29,4284.0,323961.0,1322.4
54,West Virginia,WV,South,2021,Gonorrhea,15-29,931.0,323961.0,287.4
54,West Virginia,WV,South,2021,P&S Syphilis,15-29,71.0,323961.0,21.9
54,West Virginia,WV,South,2022,Chlamydia,15-29,3595.0,328917.0,1093.0
54,West Virginia,WV,South,2022,Gonorrhea,15-29,711.0,328917.0,216.2
54,West Virginia,WV,South,2022,P&S Syphilis,15-29,55.0,328917.0,16.7
54,West Virginia,WV,South,2023,Chlamydia,15-29,3577.0,325682.0,1098.3
54,West Virginia,WV,South,2023,Gonorrhea,15-29,589.0,325682.0,180.9
54,West Virginia,WV,South,2023,P&S Syphilis,15-29,55.0,325682.0,16.9
55,Wisconsin,WI,Midwest,2013,Chlamydia,15-29,20306.0,1148143.0,1768.6
55,Wisconsin,WI,Midwest,2013,Gonorrhea,15-29,3511.0,1148143.0,305.8
55,Wisconsin,WI,Midwest,2013,P&S Syphilis,15-29,46.0,1148143.0,4.0
55,Wisconsin,WI,Midwest,2014,Chlamydia,15-29,19834.0,1148264.0,1727.3
55,Wisconsin,WI,Midwest,2014,Gonorrhea,15-29,3234.0,1148264.0,281.6
55,Wisconsin,WI,Midwest,2014,P&S Syphilis,15-29,54.0,1148264.0,4.7
55,Wisconsin,WI,Midwest,2015,Chlamydia,15-29,20745.0,1146495.0,1809.4
55,Wisconsin,WI,Midwest,2015,Gonorrhea,15-29,4022.0,1146495.0,350.8
55,Wisconsin,WI,Midwest,2015,P&S Syphilis,15-29,36.0,1146495.0,3.1
55,Wisconsin,WI,Midwest,2016,Chlamydia,15-29,22817.0,1145626.0,1991.7
55,Wisconsin,WI,Midwest,2016,Gonorrhea,15-29,4889.0,1145626.0,426.8
55,Wisconsin,WI,Midwest,2016,P&S Syphilis,15-29,58.0,1145626.0,5.1
55,Wisconsin,WI,Midwest,2017,Chlamydia,15-29,23204.0,1146566.0,2023.8
55,Wisconsin,WI,Midwest,2017,Gonorrhea,15-29,5486.0,1146566.0,478.5
55,Wisconsin,WI,Midwest,2017,P&S Syphilis,15-29,80.0,1146566.0,7.0
55,Wisconsin,WI,Midwest,2018,Chlamydia,15-29,23294.0,1147470.0,2030.0
55,Wisconsin,WI,Midwest,2018,Gonorrhea,15-29,5405.0,1147470.0,471.0
55,Wisconsin,WI,Midwest,2018,P&S Syphilis,15-29,76.0,1147470.0,6.6
55,Wisconsin,WI,Midwest,2019,Chlamydia,15-29,24028.0,1147790.0,2093.4
55,Wisconsin,WI,Midwest,2019,Gonorrhea,15-29,5942.0,1147790.0,517.7
55,Wisconsin,WI,Midwest,2019,P&S Syphilis,15-29,79.0,1147790.0,6.9
55,Wisconsin,WI,Midwest,2020,Chlamydia,15-29,21846.0,1152607.0,1895.4
55,Wisconsin,WI,Midwest,2020,Gonorrhea,15-29,6953.0,1152607.0,603.2
55,Wisconsin,WI,Midwest,2020,P&S Syphilis,15-29,132.0,1152607.0,11.5
55,Wisconsin,WI,Midwest,2021,Chlamydia,15-29,22603.0,1153825.0,1959.0
55,Wisconsin,WI,Midwest,2021,Gonorrhea,15-29,6927.0,1153825.0,600.4
55,Wisconsin,WI,Midwest,2021,P&S Syphilis,15-29,278.0,1153825.0,24.1
55,Wisconsin,WI,Midwest,2022,Chlamydia,15-29,20540.0,1163286.0,1765.7
55,Wisconsin,WI,Midwest,2022,Gonorrhea,15-29,5797.0,1163286.0,498.3
55,Wisconsin,WI,Midwest,2022,P&S Syphilis,15-29,244.0,1163286.0,21.0
55,Wisconsin,WI,Midwest,2023,Chlamydia,15-29,19685.0,1154138.0,1705.6
55,Wisconsin,WI,Midwest,2023,Gonorrhea,15-29,4677.0,1154138.0,405.2
55,Wisconsin,WI,Midwest,2023,P&S Syphilis,15-29,203.0,1154138.0,17.6
56,Wyoming,WY,West,2013,Chlamydia,15-29,1759.0,121230.0,1451.0
56,Wyoming,WY,West,2013,Gonorrhea,15-29,52.0,121230.0,42.9
56,Wyoming,WY,West,2013,P&S Syphilis,15-29,1.0,121230.0,0.8
56,Wyoming,WY,West,2014,Chlamydia,15-29,1734.0,119995.0,1445.1
56,Wyoming,WY,West,2014,Gonorrhea,15-29,90.0,119995.0,75.0
56,Wyoming,WY,West,2014,P&S Syphilis,15-29,3.0,119995.0,2.5
56,Wyoming,WY,West,2015,Chlamydia,15-29,1752.0,119234.0,1469.4
56,Wyoming,WY,West,2015,Gonorrhea,15-29,124.0,119234.0,104.0
56,Wyoming,WY,West,2015,P&S Syphilis,15-29,2.0,119234.0,1.7
56,Wyoming,WY,West,2016,Chlamydia,15-29,1726.0,117003.0,1475.2
56,Wyoming,WY,West,2016,Gonorrhea,15-29,201.0,117003.0,171.8
56,Wyoming,WY,West,2016,P&S Syphilis,15-29,2.0,117003.0,1.7
56,Wyoming,WY,West,2017,Chlamydia,15-29,1825.0,114354.0,1595.9
56,Wyoming,WY,West,2017,Gonorrhea,15-29,299.0,114354.0,261.5
56,Wyoming,WY,West,2017,P&S Syphilis,15-29,1.0,114354.0,0.9
56,Wyoming,WY,West,2018,Chlamydia,15-29,1861.0,113306.0,1642.5
56,Wyoming,WY,West,2018,Gonorrhea,15-29,206.0,113306.0,181.8
56,Wyoming,WY,West,2018,P&S Syphilis,15-29,14.0,113306.0,12.4
56,Wyoming,WY,West,2019,Chlamydia,15-29,1835.0,112630.0,1629.2
56,Wyoming,WY,West,2019,Gonorrhea,15-29,250.0,112630.0,222.0
56,Wyoming,WY,West,2019,P&S Syphilis,15-29,6.0,112630.0,5.3
56,Wyoming,WY,West,2020,Chlamydia,15-29,1618.0,111084.0,1456.6
56,Wyoming,WY,West,2020,Gonorrhea,15-29,224.0,111084.0,201.6
56,Wyoming,WY,West,2020,P&S Syphilis,15-29,1.0,111084.0,0.9
56,Wyoming,WY,West,2021,Chlamydia,15-29,1700.0,111339.0,1526.9
56,Wyoming,WY,West,2021,Gonorrhea,15-29,295.0,111339.0,265.0
56,Wyoming,WY,West,2021,P&S Syphilis,15-29,7.0,111339.0,6.3
56,Wyoming,WY,West,2022,Chlamydia,15-29,1437.0,113514.0,1265.9
56,Wyoming,WY,West,2022,Gonorrhea,15-29,170.0,113514.0,149.8
56,Wyoming,WY,West,2022,P&S Syphilis,15-29,9.0,113514.0,7.9
56,Wyoming,WY,West,2023,Chlamydia,15-29,1463.0,113311.0,1291.1
56,Wyoming,WY,West,2023,Gonorrhea,15-29,135.0,113311.0,119.1
56,Wyoming,WY,West,2023,P&S Syphilis,15-29,5.0,113311.0,4.4
